1 input_arc.asc Arc-guidance, three waypoints ' Hypersonic Vehicle ' Jan 23 2025 14:46:05
  0  0 98
time,vmach,pdynmc,psibd,psibdx,thtbdx,phibdx,alppx,alphax,betax,alphaix,betaix,ppx,qqx,rrx,lonx,latx,alt,dvbe,dvbi,psivdx,thtvdx,dbi,ayx,anx,throttle,vmass,fmassr,thrustx,roll_count,pitch_count,yaw_count,stmarg,gavail_pos,gmax,gavail_neg,gminx,wnp,azabx,elabx,dab,ddab,semi_major,semi_minor,eaz,eel,edab,eddab,RICI1,RICI2,RICI3,ESBI1,ESBI2,ESBI3,aycomx,azcomx,tgoc,SBTHC1,SBTHC2,SBTHC3,UTBC1,UTBC2,UTBC3,lamd,SBTL1,SBTL2,SBTL3,delacx,delecx,delrcx,alcomx,ancomx,phicomx,delax,delex,delrx,elvlx,elvrx,miss,MISS_I1,MISS_I2,MISS_I3,event,dbt,MISS_H1,MISS_H2,MISS_H3,MISS_L1,MISS_L2,MISS_L3,SXH1,SXH2,SXH3,std_pos,std_ucbias,URIC1,URIC2,URIC3,
0,3.33855,206755,0.523599,30,2.99999,1.48615e-05,2.99999,2.99999,1.19822e-05,2.99999,15.5237,-1.64402e-06,-0.00981967,1.54011e-06,45.0001,35.0001,10000,999.795,1235.9,30.0001,0.00160031,6.38118e+06,-7.56501e-06,1.73554,0.05,136077,81645.9,42.8808,0,0,0,0.0403087,1.48279,3,-3.51721,-2,2.7548,0,0,0,0,0,0,0,0,0,0,-0.00104753,0.000150256,-0.000635004,9.68838,-4.33089,5.09856,0,0,0,0,0,0,0,0,0,0,0,0,0,-0.00138298,-4.94017,-0.0237483,0,0.843781,0,0,0,0,0,0,0,0,0,0,25002,6.38118e+06,0,0,0,0,0,0,0,0,0,0,0,0,0,0,
0.2,3.31208,203486,0.523615,30.001,2.89265,-0.00260677,3.25344,2.81446,0.000274947,2.82779,15.6224,-0.0125337,-1.4951,0.00282316,45.0012,35.0016,10000.1,991.669,1228.07,30.0014,0.0819661,6.38118e+06,0.000141486,1.82958,0.05,136074,81643.1,41.979,0,0,0,0.0404577,1.37148,3,-3.62852,-2,2.74059,0,0,0,0,0,0,0,0,0,0,-0.00104761,0.000150496,-0.000634755,9.6905,-4.32439,5.0966,0,0,0,0,0,0,0,0,0,0,0,0,0,0.00500603,19.5301,0.00554013,0,0.771158,0,0.00617025,19.8325,0.00532097,19.8386,19.8263,0,0,0,0,25002,6.38118e+06,0,0,0,0,0,0,0,0,0,0,0,0,0,0,
0.4,3.28551,200224,0.523637,30.0022,2.50793,-0.00262164,2.89956,2.40436,0.000472029,2.4219,15.7227,0.00291622,-1.86668,0.00339493,45.0023,35.0032,10000.5,983.715,1220.41,30.0028,0.101656,6.38118e+06,0.000104735,0.78966,0.05,136071,81640.4,40.8407,0,0,0,0.0409966,2.37943,3,-2.62057,-2,2.73321,0,0,0,0,0,0,0,0,0,0,-0.0010481,0.000150671,-0.000634094,9.69251,-4.31633,5.09521,0,0,0,0,0,0,0,0,0,0,0,0,0,-0.00276473,-9.21553,0.0108724,0,0.740106,0,-0.00268708,-8.92917,0.00968379,-8.93185,-8.92648,0,0,0,0,25002,6.38118e+06,0,0,0,0,0,0,0,0,0,0,0,0,0,0,
0.6,3.25946,197052,0.52366,30.0035,2.21289,-0.00126776,2.69754,2.16175,0.000613279,2.17045,15.8222,0.00918702,-1.22311,0.00382689,45.0033,35.0047,10000.8,975.912,1212.91,30.0043,0.0482432,6.38118e+06,0.000223975,0.617039,0.05,136069,81637.7,39.912,0,0,0,0.0412517,2.53268,3,-2.46732,-2,2.72096,0,0,0,0,0,0,0,0,0,0,-0.00104847,0.000150865,-0.000633573,9.69461,-4.30663,5.09423,0,0,0,0,0,0,0,0,0,0,0,0,0,-0.00582099,-0.320232,0.0152188,0,0.779008,0,-0.00565158,-0.388509,0.0145524,-0.394161,-0.382858,0,0,0,0,25002,6.38118e+06,0,0,0,0,0,0,0,0,0,0,0,0,0,0,
0.8,3.23379,193959,0.523685,30.0049,1.98432,0.000928021,2.57005,2.00473,0.000716436,2.00108,15.9213,0.012551,-0.991559,0.00414986,45.0044,35.0062,10000.8,968.229,1205.52,30.0057,-0.0248117,6.38118e+06,0.000311126,0.347569,0.05,136066,81635.1,39.0962,0,0,0,0.0413622,2.78949,3,-2.21051,-2,2.70636,0,0,0,0,0,0,0,0,0,0,-0.00104873,0.000151075,-0.000633154,9.6969,-4.29526,5.09361,0,0,0,0,0,0,0,0,0,0,0,0,0,-0.00753472,-5.40492,0.0185543,0,0.838923,0,-0.00735092,-5.07692,0.0181477,-5.08428,-5.06957,0,0,0,0,25002,6.38118e+06,0,0,0,0,0,0,0,0,0,0,0,0,0,0,
1,3.20847,190940,0.52371,30.0064,1.82559,0.00367104,2.51719,1.94034,0.000793072,1.92024,16.0203,0.0146655,-0.602248,0.00437538,45.0055,35.0077,10000.6,960.653,1198.23,30.0071,-0.119623,6.38118e+06,0.000362632,0.271984,0.05,136064,81632.6,38.3956,0,0,0,0.0413149,2.85897,3,-2.14103,-2,2.68918,0,0,0,0,0,0,0,0,0,0,-0.0010489,0.000151302,-0.00063284,9.69943,-4.28223,5.0933,0,0,0,0,0,0,0,0,0,0,0,0,0,-0.00866934,-4.82387,0.0209027,0,0.92462,0,-0.00853251,-4.80693,0.0206164,-4.81546,-4.7984,0,0,0,0,25002,6.38118e+06,0,0,0,0,0,0,0,0,0,0,0,0,0,0,
1.2,3.18347,187992,0.523736,30.0079,1.7319,0.00677242,2.51831,1.94536,0.000854023,1.90775,16.1191,0.016115,-0.321617,0.00454018,45.0065,35.0092,10000,953.177,1191.05,30.0086,-0.218435,6.38117e+06,0.000395573,0.260803,0.05,136061,81630.1,37.7815,0,0,0,0.04115,2.86884,3,-2.13116,-2,2.67015,0,0,0,0,0,0,0,0,0,0,-0.00104898,0.000151547,-0.000632625,9.70222,-4.26754,5.09328,0,0,0,0,0,0,0,0,0,0,0,0,0,-0.00949086,-6.24471,0.0226894,0,1.02096,0,-0.00938863,-6.08054,0.0224635,-6.08993,-6.07116,0,0,0,0,25002,6.38117e+06,0,0,0,0,0,0,0,0,0,0,0,0,0,0,
1.4,3.16061,185326,0.523762,30.0094,1.69488,0.0101274,2.45332,2.00444,0.000906982,1.9495,16.2103,0.0171968,-0.0480708,0.00467081,45.0075,35.0107,9999.12,946.431,1184.57,30.01,-0.314045,6.38117e+06,0.000418188,0.323862,0.305258,136053,81622.4,1220.84,0,0,0,0.0409055,2.80817,3,-2.19183,-2,2.65116,0,0,0,0,0,0,0,0,0,0,-0.00104897,0.000151806,-0.000632494,9.70528,-4.25125,5.09353,0,0,0,0,0,0,0,0,0,0,0,0,0,-0.0101192,-6.67233,0.0241633,0,1.12219,0,-0.0100399,-6.612,0.0239696,-6.62204,-6.60196,0,0,0,0,25002,6.38117e+06,0,0,0,0,0,0,0,0,0,0,0,0,0,0,
1.6,3.14491,183522,0.523789,30.0109,1.70726,0.0136839,2.39581,2.0993,0.000956163,2.02918,16.2733,0.01814,0.171613,0.00478657,45.0086,35.0122,9997.95,941.839,1180.17,30.0114,-0.395751,6.38117e+06,0.0004369,0.427409,0.501415,136033,81602.2,2468.53,0,0,0,0.0406441,2.70981,3,-2.29019,-2,2.6367,0,0,0,0,0,0,0,0,0,0,-0.00104888,0.000152078,-0.000632436,9.70862,-4.23374,5.094,0,0,0,0,0,0,0,0,0,0,0,0,0,-0.0106397,-7.30514,0.0254926,0,1.21907,0,-0.0105701,-7.23359,0.0253095,-7.24416,-7.22302,0,0,0,0,25002,6.38117e+06,0,0,0,0,0,0,0,0,0,0,0,0,0,0,
1.8,3.13446,182343,0.523817,30.0125,1.76057,0.0174288,2.41046,2.21825,0.00100557,2.13575,16.3152,0.0190815,0.354782,0.00490079,45.0096,35.0136,9996.54,938.791,1177.24,30.0129,-0.460467,6.38117e+06,0.000454908,0.563633,0.617044,136006,81574.9,3293.23,0,0,0,0.0403738,2.5807,3,-2.4193,-2,2.62562,0,0,0,0,0,0,0,0,0,0,-0.00104874,0.00015236,-0.000632441,9.71223,-4.21549,5.09461,0,0,0,0,0,0,0,0,0,0,0,0,0,-0.0111282,-7.51069,0.0268159,0,1.30801,0,-0.0110597,-7.49615,0.026627,-7.50721,-7.48509,0,0,0,0,25002,6.38117e+06,0,0,0,0,0,0,0,0,0,0,0,0,0,0,
2,3.12746,181574,0.523845,30.0141,1.84593,0.0213702,2.47354,2.34985,0.00105766,2.25821,16.3431,0.0200978,0.488042,0.00502157,45.0106,35.0151,9994.95,936.758,1175.29,30.0144,-0.505703,6.38117e+06,0.000474464,0.717369,0.686737,135974,81543.3,3840.32,0,0,0,0.0401033,2.43518,3,-2.56482,-2,2.61685,0,0,0,0,0,0,0,0,0,0,-0.00104855,0.000152652,-0.000632493,9.71609,-4.19686,5.09533,0,0,0,0,0,0,0,0,0,0,0,0,0,-0.0116342,-7.60082,0.0282231,0,1.38552,0,-0.0115611,-7.59642,0.0280191,-7.60798,-7.58486,0,0,0,0,25002,6.38117e+06,0,0,0,0,0,0,0,0,0,0,0,0,0,0,
2.2,3.12273,181072,0.523874,30.0157,1.9541,0.0255276,2.56408,2.48405,0.0011136,2.38665,16.3617,0.0212256,0.578978,0.00515287,45.0117,35.0165,9993.26,935.39,1173.98,30.0158,-0.530712,6.38117e+06,0.000496613,0.876829,0.730195,135940,81509.1,4204.51,0,0,0,0.0398427,2.28432,3,-2.71568,-2,2.60978,0,0,0,0,0,0,0,0,0,0,-0.00104833,0.000152949,-0.00063258,9.72018,-4.17806,5.09613,0,0,0,0,0,0,0,0,0,0,0,0,0,-0.0121838,-7.50684,0.0297546,0,1.44933,0,-0.0121036,-7.52936,0.029532,-7.54146,-7.51726,0,0,0,0,25002,6.38117e+06,0,0,0,0,0,0,0,0,0,0,0,0,0,0,
2.4,3.11948,180743,0.523903,30.0174,2.07673,0.0299252,2.66529,2.61265,0.00117372,2.51287,16.3743,0.0224764,0.629466,0.00529623,45.0127,35.018,9991.51,934.458,1173.09,30.0173,-0.535711,6.38116e+06,0.000521802,1.03213,0.758305,135904,81473.1,4448.92,0,0,0,0.0396012,2.13743,3,-2.86257,-2,2.60404,0,0,0,0,0,0,0,0,0,0,-0.00104808,0.000153249,-0.00063269,9.72445,-4.15926,5.09703,0,0,0,0,0,0,0,0,0,0,0,0,0,-0.0127885,-7.30719,0.0314245,0,1.49792,0,-0.0127003,-7.33986,0.0311824,-7.35256,-7.32716,0,0,0,0,25002,6.38116e+06,0,0,0,0,0,0,0,0,0,0,0,0,0,0,
2.6,3.1172,180527,0.523933,30.0192,2.20632,0.0344642,2.76485,2.72942,0.00122661,2.63043,16.3828,0.00868564,0.646327,0.00569589,45.0137,35.0195,9989.78,933.811,1172.47,30.0188,-0.521994,6.38116e+06,0.000186333,1.17519,0.77734,135867,81436,4615.64,0,0,0,0.0393863,2.00213,3,-2.99787,-2,2.59942,0,0,0,0,0,0,0,0,0,0,-0.00104783,0.000153551,-0.000632812,9.72888,-4.14058,5.09804,0,0,0,0,0,0,0,0,0,0,0,0,0,-0.0417106,-7.02264,0.034859,0,1.5307,0,-0.0413345,-7.06679,0.0331408,-7.10813,-7.02546,0,0,0,0,25002,6.38116e+06,0,0,0,0,0,0,0,0,0,0,0,0,0,0,
2.8,3.11557,180383,0.523965,30.021,2.33667,0.0313818,2.85467,2.8301,0.000906225,2.73701,16.3883,0.02427,0.635128,0.00400672,45.0147,35.0209,9988.13,933.352,1172.03,30.0204,-0.491552,6.38116e+06,0.000779185,1.30053,0.789978,135829,81398,4730.77,0,0,0,0.0392034,1.88359,3,-3.11641,-2,2.59578,0,0,0,0,0,0,0,0,0,0,-0.00104756,0.00015385,-0.000632918,9.73343,-4.1221,5.09916,0,0,0,0,0,0,0,0,0,0,0,0,0,-0.0112632,-6.68685,0.019127,0,1.5478,0,-0.001201,-6.73577,0.0254304,-6.73698,-6.73457,0,0,0,0,25002,6.38116e+06,0,0,0,0,0,0,0,0,0,0,0,0,0,0,
3,3.11437,180287,0.523993,30.0226,2.4627,0.0329078,2.92974,2.91213,0.000907561,2.82604,16.3924,-0.0335639,0.602068,0.00562707,45.0157,35.0224,9986.6,933.018,1171.71,30.0219,-0.446901,6.38116e+06,0.000715485,1.40444,0.798567,135790,81359.5,4811.51,0,0,0,0.0390552,1.78528,3,-3.21472,-2,2.59302,0,0,0,0,0,0,0,0,0,0,-0.0010473,0.000154149,-0.000633029,9.73807,-4.10387,5.10042,0,0,0,0,0,0,0,0,0,0,0,0,0,0.00712953,-6.3253,0.0359627,0,1.54999,0,-0.0135998,-6.37684,0.0354226,-6.39044,-6.36324,0,0,0,0,25002,6.38116e+06,0,0,0,0,0,0,0,0,0,0,0,0,0,0,
3.2,3.11346,180220,0.52402,30.0241,2.58057,0.0335963,2.98746,2.97444,0.000980876,2.89758,16.3954,0.0126582,0.552657,0.004557,45.0168,35.0238,9985.23,932.769,1171.48,30.0234,-0.390836,6.38115e+06,-3.95019e-05,1.4852,0.804569,135752,81320.5,4868.97,0,0,0,0.0389428,1.70882,3,-3.29118,-2,2.59107,0,0,0,0,0,0,0,0,0,0,-0.00104706,0.000154445,-0.000633126,9.74276,-4.08594,5.10184,0,0,0,0,0,0,0,0,0,0,0,0,0,-0.0310087,-5.95579,0.0226942,0,1.53848,0,-0.0211394,-6.00717,0.0188785,-6.02831,-5.98603,0,0,0,0,25002,6.38115e+06,0,0,0,0,0,0,0,0,0,0,0,0,0,0,
3.4,3.11277,180171,0.524048,30.0257,2.68744,0.0314678,3.02703,3.01712,0.00078998,2.95178,16.3972,0.0176973,0.491387,0.00387511,45.0178,35.0253,9984.06,932.578,1171.3,30.025,-0.326296,6.38115e+06,0.000797727,1.54054,0.808222,135712,81281.3,4904.49,0,0,0,0.0388677,1.65624,3,-3.34376,-2,2.58993,0,0,0,0,0,0,0,0,0,0,-0.00104682,0.000154737,-0.0006332,9.7475,-4.06835,5.10341,0,0,0,0,0,0,0,0,0,0,0,0,0,-0.0077932,-5.66185,0.018111,0,1.51486,0,0.00160009,-5.68339,0.0241055,-5.68179,-5.68499,0,0,0,0,25002,6.38115e+06,0,0,0,0,0,0,0,0,0,0,0,0,0,0,
3.6,3.11222,180135,0.524075,30.0273,2.78157,0.0331308,3.04935,3.04168,0.000862741,2.98768,16.3988,-0.0295758,0.42682,0.00535537,45.0188,35.0267,9983.12,932.43,1171.16,30.0265,-0.256534,6.38115e+06,0.000502677,1.57162,0.810531,135673,81241.9,4926.5,0,0,0,0.0388256,1.62657,3,-3.37343,-2,2.58947,0,0,0,0,0,0,0,0,0,0,-0.00104661,0.000155028,-0.000633265,9.75226,-4.05111,5.10515,0,0,0,0,0,0,0,0,0,0,0,0,0,-0.000496318,-5.41408,0.0327945,0,1.48125,0,-0.0169501,-5.46515,0.0311597,-5.4821,-5.4482,0,0,0,0,25002,6.38115e+06,0,0,0,0,0,0,0,0,0,0,0,0,0,0,
3.8,3.1118,180106,0.524101,30.0288,2.86245,0.0334906,3.05591,3.04994,0.000932254,3.00818,16.3999,0.0131694,0.356926,0.0043597,45.0198,35.0282,9982.4,932.315,1171.05,30.028,-0.18382,6.38115e+06,-5.10574e-05,1.58692,0.81274,135633,81202.4,4945.8,0,0,0,0.03881,1.61176,3,-3.38824,-2,2.58947,0,0,0,0,0,0,0,0,0,0,-0.00104642,0.000155314,-0.000633307,9.75703,-4.03423,5.10707,0,0,0,0,0,0,0,0,0,0,0,0,0,-0.0286697,-5.0639,0.0207799,0,1.43922,0,-0.0177787,-5.10679,0.017163,-5.12457,-5.08901,0,0,0,0,25002,6.38115e+06,0,0,0,0,0,0,0,0,0,0,0,0,0,0,
4,3.11147,180082,0.524129,30.0304,2.92897,0.0314811,3.04751,3.04291,0.000760077,3.01425,16.4004,0.0141885,0.28447,0.00387411,45.0208,35.0296,9981.92,932.225,1170.97,30.0295,-0.110266,6.38115e+06,0.000843437,1.58441,0.815042,135594,81162.8,4964.1,0,0,0,0.0388191,1.61391,3,-3.38609,-2,2.58989,0,0,0,0,0,0,0,0,0,0,-0.00104625,0.000155596,-0.000633322,9.76182,-4.01774,5.10917,0,0,0,0,0,0,0,0,0,0,0,0,0,-0.00581623,-4.74414,0.0183992,0,1.39034,0,0.00361902,-4.79286,0.0243216,-4.78924,-4.79648,0,0,0,0,25002,6.38115e+06,0,0,0,0,0,0,0,0,0,0,0,0,0,0,
4.2,3.11123,180061,0.524155,30.0318,2.98102,0.0333669,3.02586,3.02241,0.000864909,3.00553,16.4008,-0.0267511,0.211947,0.00526871,45.0219,35.0311,9981.68,932.158,1170.9,30.031,-0.0378178,6.38115e+06,0.000381671,1.56746,0.817522,135554,81123.1,4982.3,0,0,0,0.0388501,1.62973,3,-3.37027,-2,2.59067,0,0,0,0,0,0,0,0,0,0,-0.0010461,0.000155877,-0.000633325,9.76662,-4.00162,5.11143,0,0,0,0,0,0,0,0,0,0,0,0,0,-0.00641744,-4.39525,0.0316863,0,1.33625,0,-0.0202884,-4.44261,0.0293874,-4.4629,-4.42232,0,0,0,0,25002,6.38115e+06,0,0,0,0,0,0,0,0,0,0,0,0,0,0,
4.4,3.11107,180042,0.52418,30.0333,3.01864,0.0333645,2.99266,2.99021,0.000909977,2.98522,16.401,0.0148565,0.14069,0.00422389,45.0229,35.0325,9981.67,932.109,1170.86,30.0326,0.0318182,6.38115e+06,-5.4339e-05,1.53636,0.819819,135514,81083.4,4997.47,0,0,0,0.0389013,1.65892,3,-3.34108,-2,2.59181,0,0,0,0,0,0,0,0,0,0,-0.00104597,0.000156152,-0.000633302,9.77143,-3.98589,5.11387,0,0,0,0,0,0,0,0,0,0,0,0,0,-0.0265755,-4.0855,0.0194357,0,1.27852,0,-0.0148361,-4.11356,0.0160858,-4.1284,-4.09872,0,0,0,0,25002,6.38115e+06,0,0,0,0,0,0,0,0,0,0,0,0,0,0,
4.6,3.11097,180024,0.524207,30.0349,3.04233,0.0314782,2.95022,2.94871,0.000745,2.95536,16.4007,0.00889386,0.0748243,0.0039743,45.0239,35.034,9981.89,932.076,1170.83,30.0341,0.0967313,6.38115e+06,0.000955866,1.48914,0.821112,135475,81043.5,5002.74,0,0,0,0.0389719,1.70329,3,-3.29671,-2,2.59335,0,0,0,0,0,0,0,0,0,0,-0.00104586,0.000156424,-0.000633253,9.77627,-3.97055,5.11647,0,0,0,0,0,0,0,0,0,0,0,0,0,-0.00271756,-3.94736,0.0198387,0,1.21902,0,0.00718717,-3.97423,0.0258045,-3.96704,-3.98141,0,0,0,0,25002,6.38115e+06,0,0,0,0,0,0,0,0,0,0,0,0,0,0,
4.8,3.11093,180009,0.524233,30.0363,3.05366,0.0335992,2.90151,2.90088,0.000874527,2.91698,16.4005,-0.023649,0.0162102,0.00520383,45.0249,35.0354,9982.3,932.06,1170.82,30.0356,0.155562,6.38115e+06,0.000268868,1.43548,0.822282,135435,81003.7,5006.15,0,0,0,0.0390537,1.75369,3,-3.24631,-2,2.59508,0,0,0,0,0,0,0,0,0,0,-0.00104577,0.000156695,-0.000633195,9.78114,-3.95559,5.11923,0,0,0,0,0,0,0,0,0,0,0,0,0,-0.011906,-3.73583,0.0307012,0,1.15937,0,-0.0237458,-3.76011,0.027797,-3.78386,-3.73637,0,0,0,0,25002,6.38115e+06,0,0,0,0,0,0,0,0,0,0,0,0,0,0,
5,3.11094,179995,0.524258,30.0378,3.0536,0.0331857,2.84828,2.84847,0.000889591,2.8736,16.4,0.0167149,-0.0376954,0.00409484,45.026,35.0369,9982.89,932.057,1170.82,30.0371,0.207557,6.38115e+06,-6.27943e-05,1.3753,0.823352,135395,80963.9,5008.12,0,0,0,0.0391438,1.8103,3,-3.1897,-2,2.59696,0,0,0,0,0,0,0,0,0,0,-0.0010457,0.000156962,-0.000633114,9.78606,-3.941,5.12213,0,0,0,0,0,0,0,0,0,0,0,0,0,-0.0230594,-3.59784,0.0180606,0,1.10073,0,-0.0134842,-3.617,0.0151355,-3.63049,-3.60352,0,0,0,0,25002,6.38115e+06,0,0,0,0,0,0,0,0,0,0,0,0,0,0,
5.2,3.11101,179982,0.524285,30.0393,3.0434,0.0315278,2.79238,2.79335,0.000738043,2.82661,16.3991,0.00134003,-0.084897,0.004148,45.027,35.0383,9983.64,932.068,1170.83,30.0386,0.252093,6.38115e+06,0.00105064,1.31181,0.824335,135355,80924.1,5009.03,0,0,0,0.0392389,1.87005,3,-3.12995,-2,2.59892,0,0,0,0,0,0,0,0,0,0,-0.00104563,0.000157226,-0.000633015,9.79105,-3.92679,5.12515,0,0,0,0,0,0,0,0,0,0,0,0,0,0.00136554,-3.46227,0.0218781,0,1.04422,0,0.01122,-3.47949,0.0273423,-3.46827,-3.49071,0,0,0,0,25002,6.38115e+06,0,0,0,0,0,0,0,0,0,0,0,0,0,0,
5.4,3.11112,179971,0.524309,30.0407,3.02427,0.033788,2.73535,2.73705,0.000883985,2.77597,16.3984,-0.018913,-0.12619,0.00510839,45.028,35.0398,9984.53,932.09,1170.85,30.0401,0.288874,6.38115e+06,0.000160408,1.24652,0.825236,135315,80884.3,5009.09,0,0,0,0.0393363,1.93155,3,-3.06845,-2,2.60091,0,0,0,0,0,0,0,0,0,0,-0.00104559,0.00015749,-0.000632911,9.79612,-3.91294,5.1283,0,0,0,0,0,0,0,0,0,0,0,0,0,-0.0172775,-3.3596,0.0293126,0,0.990721,0,-0.0268826,-3.37261,0.0260146,-3.39949,-3.34573,0,0,0,0,25002,6.38115e+06,0,0,0,0,0,0,0,0,0,0,0,0,0,0,
5.6,3.11127,179961,0.524335,30.0422,2.99747,0.0329832,2.67859,2.68095,0.000869761,2.72509,16.3974,0.0187884,-0.161094,0.00397108,45.029,35.0412,9985.52,932.122,1170.88,30.0416,0.317778,6.38115e+06,-4.73122e-05,1.18121,0.826054,135275,80844.5,5008.51,0,0,0,0.0394337,1.99309,3,-3.00691,-2,2.60291,0,0,0,0,0,0,0,0,0,0,-0.00104555,0.00015775,-0.000632789,9.80128,-3.89944,5.13155,0,0,0,0,0,0,0,0,0,0,0,0,0,-0.0149266,-3.27432,0.0167603,0,0.940995,0,-0.0132214,-3.285,0.0145428,-3.29822,-3.27177,0,0,0,0,25002,6.38115e+06,0,0,0,0,0,0,0,0,0,0,0,0,0,0,
5.8,3.11145,179953,0.524361,30.0437,2.96423,0.031635,2.62326,2.62621,0.000737257,2.67441,16.3961,-0.00710501,-0.189984,0.004349,45.03,35.0427,9986.59,932.162,1170.92,30.043,0.338888,6.38115e+06,0.00108739,1.11725,0.826784,135236,80804.7,5007.38,0,0,0,0.0395291,2.0534,3,-2.9466,-2,2.60486,0,0,0,0,0,0,0,0,0,0,-0.00104552,0.000158009,-0.000632655,9.80657,-3.88629,5.1349,0,0,0,0,0,0,0,0,0,0,0,0,0,0.0055051,-3.2124,0.0239541,0,0.89563,0,0.0140104,-3.21989,0.0285465,-3.20588,-3.2339,0,0,0,0,25002,6.38115e+06,0,0,0,0,0,0,0,0,0,0,0,0,0,0,
6,3.11166,179946,0.524385,30.0451,2.92575,0.0338971,2.57034,2.57381,0.000890576,2.62371,16.3951,-0.0126411,-0.212917,0.00498125,45.0311,35.0442,9987.72,932.21,1170.97,30.0445,0.352434,6.38115e+06,7.49137e-05,1.05583,0.827421,135196,80765,5005.8,0,0,0,0.0396206,2.11133,3,-2.88867,-2,2.60674,0,0,0,0,0,0,0,0,0,0,-0.00104551,0.000158268,-0.000632522,9.81199,-3.87348,5.13833,0,0,0,0,0,0,0,0,0,0,0,0,0,-0.0220998,-3.16925,0.0276179,0,0.85508,0,-0.0291598,-3.17403,0.0242843,-3.20319,-3.14487,0,0,0,0,25002,6.38115e+06,0,0,0,0,0,0,0,0,0,0,0,0,0,0,
6.2,3.11189,179941,0.524411,30.0465,2.88319,0.0327302,2.52066,2.52457,0.000848836,2.57595,16.3937,0.0207302,-0.230196,0.00385591,45.0321,35.0456,9988.88,932.264,1171.02,30.046,0.358779,6.38115e+06,1.5123e-05,0.997901,0.827958,135156,80725.3,5003.81,0,0,0,0.0397069,2.166,3,-2.834,-2,2.60854,0,0,0,0,0,0,0,0,0,0,-0.0010455,0.000158524,-0.000632375,9.81756,-3.861,5.14182,0,0,0,0,0,0,0,0,0,0,0,0,0,-0.0126568,-3.14548,0.0156563,0,0.819664,0,-0.0123359,-3.14773,0.0145254,-3.16006,-3.13539,0,0,0,0,25002,6.38115e+06,0,0,0,0,0,0,0,0,0,0,0,0,0,0,
6.4,3.11214,179938,0.524437,30.048,2.83767,0.0318546,2.47485,2.47911,0.000744532,2.53073,16.3922,-0.0163225,-0.242109,0.00458867,45.0331,35.0471,9990.05,932.323,1171.08,30.0475,0.35839,6.38115e+06,0.00104296,0.944232,0.828389,135117,80685.6,5001.45,0,0,0,0.0397868,2.21668,3,-2.78332,-2,2.61022,0,0,0,0,0,0,0,0,0,0,-0.00104549,0.00015878,-0.000632223,9.82329,-3.84885,5.14537,0,0,0,0,0,0,0,0,0,0,0,0,0,0.0094687,-3.14014,0.0261608,0,0.789581,0,0.0136628,-3.13989,0.0295387,-3.12623,-3.15355,0,0,0,0,25002,6.38115e+06,0,0,0,0,0,0,0,0,0,0,0,0,0,0,
6.6,3.1124,179935,0.524461,30.0494,2.79023,0.0339572,2.43343,2.43794,0.000896688,2.48788,16.391,-0.00452345,-0.248989,0.00482059,45.0341,35.0485,9991.21,932.384,1171.14,30.0489,0.351816,6.38115e+06,7.983e-06,0.895432,0.828709,135077,80645.9,4998.75,0,0,0,0.0398594,2.26278,3,-2.73722,-2,2.61178,0,0,0,0,0,0,0,0,0,0,-0.00104549,0.000159037,-0.000632076,9.8292,-3.83701,5.14897,0,0,0,0,0,0,0,0,0,0,0,0,0,-0.026988,-3.15126,0.0256296,0,0.764917,0,-0.0309161,-3.14861,0.022576,-3.17952,-3.11769,0,0,0,0,25002,6.38115e+06,0,0,0,0,0,0,0,0,0,0,0,0,0,0,
6.8,3.11266,179935,0.524487,30.0509,2.74183,0.0323445,2.39676,2.40143,0.000821355,2.44982,16.3894,0.022208,-0.251197,0.00373445,45.0351,35.05,9992.33,932.447,1171.21,30.0504,0.339669,6.38115e+06,0.000148526,0.85192,0.828915,135037,80606.3,4995.72,0,0,0,0.0399241,2.30391,3,-2.69609,-2,2.61321,0,0,0,0,0,0,0,0,0,0,-0.00104548,0.000159292,-0.000631918,9.83531,-3.82549,5.15261,0,0,0,0,0,0,0,0,0,0,0,0,0,-0.0128203,-3.17837,0.0146844,0,0.745659,0,-0.00990086,-3.17375,0.0152755,-3.18365,-3.16385,0,0,0,0,25002,6.38115e+06,0,0,0,0,0,0,0,0,0,0,0,0,0,0,
7,3.11292,179935,0.524512,30.0523,2.69339,0.0322887,2.36509,2.36982,0.000767368,2.41536,16.3879,-0.0241051,-0.249145,0.0048495,45.0362,35.0514,9993.41,932.511,1171.27,30.0518,0.322605,6.38115e+06,0.000845122,0.814003,0.829007,134998,80566.7,4992.4,0,0,0,0.0399803,2.33977,3,-2.66023,-2,2.61449,0,0,0,0,0,0,0,0,0,0,-0.00104548,0.000159547,-0.000631764,9.84162,-3.81426,5.15628,0,0,0,0,0,0,0,0,0,0,0,0,0,0.0118878,-3.22029,0.0281978,0,0.731704,0,0.00389518,-3.2136,0.0299053,-3.2097,-3.21749,0,0,0,0,25002,6.38115e+06,0,0,0,0,0,0,0,0,0,0,0,0,0,0,
7.2,3.11318,179937,0.524537,30.0537,2.64571,0.0338759,2.33853,2.34324,0.000896962,2.38472,16.3866,0.00309036,-0.243228,0.00464321,45.0372,35.0529,9994.43,932.574,1171.33,30.0533,0.301308,6.38115e+06,-6.61872e-06,0.781857,0.828987,134958,80527.1,4988.81,0,0,0,0.0400278,2.3702,3,-2.6298,-2,2.61563,0,0,0,0,0,0,0,0,0,0,-0.00104548,0.000159804,-0.000631615,9.84815,-3.80333,5.15997,0,0,0,0,0,0,0,0,0,0,0,0,0,-0.029203,-3.27465,0.0236349,0,0.722868,0,-0.0287827,-3.26622,0.0206885,-3.29501,-3.23744,0,0,0,0,25002,6.38115e+06,0,0,0,0,0,0,0,0,0,0,0,0,0,0,
7.4,3.11343,179940,0.524562,30.0552,2.59953,0.0320105,2.31714,2.32173,0.000796708,2.35956,16.3851,0.021499,-0.233881,0.00369996,45.0382,35.0543,9995.37,932.636,1171.39,30.0548,0.276477,6.38115e+06,0.000345224,0.755527,0.828858,134919,80487.6,4984.99,0,0,0,0.0400665,2.39515,3,-2.60485,-2,2.61662,0,0,0,0,0,0,0,0,0,0,-0.00104547,0.000160059,-0.00063146,9.8549,-3.79269,5.16368,0,0,0,0,0,0,0,0,0,0,0,0,0,-0.0116426,-3.34077,0.0147959,0,0.7189,0,-0.00607345,-3.331,0.0173108,-3.33707,-3.32492,0,0,0,0,25002,6.38115e+06,0,0,0,0,0,0,0,0,0,0,0,0,0,0,
7.6,3.11366,179943,0.524588,30.0567,2.55549,0.0327252,2.30084,2.30524,0.000792854,2.33817,16.3837,-0.027275,-0.221556,0.00501919,45.0392,35.0558,9996.23,932.695,1171.45,30.0562,0.248812,6.38115e+06,0.000661945,0.734982,0.828628,134879,80448.1,4981,0,0,0,0.0400964,2.41465,3,-2.58535,-2,2.61746,0,0,0,0,0,0,0,0,0,0,-0.00104546,0.000160315,-0.000631314,9.86187,-3.78233,5.1674,0,0,0,0,0,0,0,0,0,0,0,0,0,0.0123331,-3.4168,0.0293463,0,0.719486,0,-0.0069782,-3.4056,0.0296089,-3.41257,-3.39862,0,0,0,0,25002,6.38115e+06,0,0,0,0,0,0,0,0,0,0,0,0,0,0,
7.8,3.11388,179948,0.524612,30.0581,2.51416,0.0337651,2.28949,2.29362,0.000895455,2.3212,16.3824,0.0088171,-0.206682,0.00449112,45.0403,35.0572,9996.99,932.751,1171.51,30.0577,0.219001,6.38115e+06,1.32545e-05,0.720092,0.828305,134840,80408.6,4976.87,0,0,0,0.0401178,2.42882,3,-2.57118,-2,2.61817,0,0,0,0,0,0,0,0,0,0,-0.00104545,0.000160573,-0.000631173,9.86909,-3.77226,5.17112,0,0,0,0,0,0,0,0,0,0,0,0,0,-0.0298117,-3.50023,0.0219955,0,0.724264,0,-0.023814,-3.48807,0.0189923,-3.51188,-3.46426,0,0,0,0,25002,6.38115e+06,0,0,0,0,0,0,0,0,0,0,0,0,0,0,
8,3.11409,179953,0.524639,30.0596,2.47599,0.0317185,2.28288,2.28669,0.000773865,2.30955,16.381,0.0188772,-0.189717,0.00372618,45.0413,35.0587,9997.66,932.802,1171.56,30.0592,0.187713,6.38115e+06,0.000559918,0.710632,0.827899,134800,80369.1,4972.68,0,0,0,0.0401311,2.43787,3,-2.56213,-2,2.61874,0,0,0,0,0,0,0,0,0,0,-0.00104543,0.00016083,-0.000631029,9.87654,-3.76247,5.17486,0,0,0,0,0,0,0,0,0,0,0,0,0,-0.00938147,-3.59019,0.015606,0,0.732831,0,-0.00157835,-3.57742,0.0198772,-3.579,-3.57584,0,0,0,0,25002,6.38115e+06,0,0,0,0,0,0,0,0,0,0,0,0,0,0,
8.2,3.11427,179959,0.524664,30.061,2.44138,0.0331778,2.28073,2.28417,0.000822281,2.30115,16.3798,-0.0267285,-0.171113,0.00511678,45.0423,35.0601,9998.22,932.849,1171.61,30.0606,0.155586,6.38115e+06,0.00047872,0.706341,0.827424,134761,80329.6,4968.48,0,0,0,0.0401365,2.44204,3,-2.55796,-2,2.61918,0,0,0,0,0,0,0,0,0,0,-0.00104541,0.000161089,-0.000630899,9.88424,-3.75295,5.1786,0,0,0,0,0,0,0,0,0,0,0,0,0,0.000194937,-3.68438,0.0297535,0,0.744756,0,-0.0161194,-3.67094,0.0286095,-3.68706,-3.65482,0,0,0,0,25002,6.38115e+06,0,0,0,0,0,0,0,0,0,0,0,0,0,0,
8.4,3.11443,179965,0.524688,30.0624,2.4106,0.0335352,2.28273,2.28576,0.00088891,2.29712,16.3787,0.0128135,-0.151284,0.00432973,45.0433,35.0616,9998.67,932.89,1171.65,30.0621,0.123222,6.38115e+06,1.4765e-05,0.706873,0.826891,134721,80290.2,4964.35,0,0,0,0.0401348,2.44166,3,-2.55834,-2,2.61951,0,0,0,0,0,0,0,0,0,0,-0.00104538,0.000161349,-0.000630772,9.89218,-3.7437,5.18234,0,0,0,0,0,0,0,0,0,0,0,0,0,-0.027679,-3.78053,0.0201862,0,0.759584,0,-0.0159499,-3.76695,0.0170688,-3.7829,-3.751,0,0,0,0,25002,6.38115e+06,0,0,0,0,0,0,0,0,0,0,0,0,0,0,
8.6,3.11457,179971,0.524715,30.064,2.38386,0.0315357,2.2885,2.2911,0.000753698,2.29759,16.3775,0.0115473,-0.130665,0.00389682,45.0443,35.063,9999.02,932.927,1171.68,30.0635,0.0911798,6.38115e+06,0.000823791,0.711832,0.826316,134682,80250.8,4960.34,0,0,0,0.0401264,2.4371,3,-2.5629,-2,2.61972,0,0,0,0,0,0,0,0,0,0,-0.00104535,0.000161608,-0.000630645,9.90037,-3.73473,5.18608,0,0,0,0,0,0,0,0,0,0,0,0,0,-0.00448081,-3.87779,0.0180783,0,0.776849,0,0.00500897,-3.86433,0.0234992,-3.85932,-3.86934,0,0,0,0,25002,6.38115e+06,0,0,0,0,0,0,0,0,0,0,0,0,0,0,
8.8,3.11468,179977,0.52474,30.0654,2.3613,0.0335709,2.29764,2.29979,0.000852362,2.30037,16.3766,-0.022681,-0.109656,0.00512865,45.0454,35.0645,9999.27,932.957,1171.71,30.065,0.0599673,6.38115e+06,0.000301748,0.720808,0.825711,134642,80211.4,4956.53,0,0,0,0.040112,2.42875,3,-2.57125,-2,2.61984,0,0,0,0,0,0,0,0,0,0,-0.00104531,0.000161871,-0.000630534,9.90879,-3.72602,5.18984,0,0,0,0,0,0,0,0,0,0,0,0,0,-0.0109474,-3.97375,0.029311,0,0.796079,0,-0.0227341,-3.96035,0.0269612,-3.98308,-3.93761,0,0,0,0,25002,6.38115e+06,0,0,0,0,0,0,0,0,0,0,0,0,0,0,
9,3.11477,179983,0.524765,30.0668,2.34294,0.0332545,2.30974,2.31144,0.000878344,2.30701,16.3757,0.0161907,-0.0886159,0.00415785,45.0464,35.0659,9999.42,932.982,1171.74,30.0664,0.03004,6.38115e+06,-2.23157e-05,0.733329,0.825092,134603,80172.1,4952.97,0,0,0,0.0400924,2.41704,3,-2.58296,-2,2.61988,0,0,0,0,0,0,0,0,0,0,-0.00104527,0.000162133,-0.000630424,9.91746,-3.71759,5.1936,0,0,0,0,0,0,0,0,0,0,0,0,0,-0.0232377,-4.06678,0.018246,0,0.816809,0,-0.0131801,-4.05396,0.0155158,-4.06714,-4.04078,0,0,0,0,25002,6.38115e+06,0,0,0,0,0,0,0,0,0,0,0,0,0,0,
9.2,3.11484,179989,0.524792,30.0684,2.32876,0.0315598,2.32434,2.3256,0.000744862,2.31685,16.3748,0.00111777,-0.0679103,0.00416589,45.0474,35.0674,9999.47,933.001,1171.76,30.0679,0.00179733,6.38115e+06,0.00101269,0.748913,0.82447,134564,80132.7,4949.71,0,0,0,0.0400684,2.40245,3,-2.59755,-2,2.61984,0,0,0,0,0,0,0,0,0,0,-0.00104521,0.000162396,-0.000630317,9.92636,-3.70942,5.19737,0,0,0,0,0,0,0,0,0,0,0,0,0,0.00147902,-4.15624,0.0213465,0,0.838581,0,0.0113362,-4.14411,0.026526,-4.13278,-4.15545,0,0,0,0,25002,6.38115e+06,0,0,0,0,0,0,0,0,0,0,0,0,0,0,
9.4,3.11488,179995,0.524817,30.0698,2.31868,0.0338401,2.34101,2.34184,0.000877021,2.32794,16.3741,-0.0169555,-0.0478462,0.00507559,45.0484,35.0689,9999.43,933.014,1171.78,30.0694,-0.0244206,6.38115e+06,0.000159826,0.767081,0.823859,134524,80093.4,4946.81,0,0,0,0.0400406,2.38541,3,-2.61459,-2,2.61974,0,0,0,0,0,0,0,0,0,0,-0.00104516,0.000162661,-0.000630225,9.9355,-3.70153,5.20116,0,0,0,0,0,0,0,0,0,0,0,0,0,-0.0183153,-4.23999,0.0283194,0,0.860959,0,-0.0271647,-4.22852,0.0252737,-4.25569,-4.20136,0,0,0,0,25002,6.38115e+06,0,0,0,0,0,0,0,0,0,0,0,0,0,0,
9.6,3.11491,180001,0.524843,30.0713,2.31253,0.032989,2.3593,2.35972,0.000865578,2.34198,16.3734,0.0191838,-0.0286932,0.00400319,45.0495,35.0703,9999.31,933.022,1171.79,30.0708,-0.0483333,6.38115e+06,-1.63988e-05,0.78732,0.82327,134485,80054.1,4944.29,0,0,0,0.0400098,2.3664,3,-2.6336,-2,2.61959,0,0,0,0,0,0,0,0,0,0,-0.00104509,0.000162927,-0.000630131,9.94487,-3.69392,5.20496,0,0,0,0,0,0,0,0,0,0,0,0,0,-0.0120814,-4.31726,0.0166569,0,0.883526,0,-0.0129416,-4.30689,0.0147629,-4.31983,-4.29395,0,0,0,0,25002,6.38115e+06,0,0,0,0,0,0,0,0,0,0,0,0,0,0,
9.8,3.11491,180007,0.524869,30.0728,2.3101,0.0317266,2.37877,2.37881,0.000745115,2.35779,16.3727,-0.0098451,-0.0107122,0.00445594,45.0505,35.0718,9999.12,933.025,1171.79,30.0723,-0.069719,6.38115e+06,0.00108758,0.809139,0.822712,134446,80014.7,4942.18,0,0,0,0.0399768,2.34591,3,-2.65409,-2,2.61941,0,0,0,0,0,0,0,0,0,0,-0.00104502,0.000163193,-0.000630042,9.95446,-3.68657,5.20879,0,0,0,0,0,0,0,0,0,0,0,0,0,0.00688432,-4.38777,0.0244991,0,0.905896,0,0.0149124,-4.37843,0.0286992,-4.36351,-4.39334,0,0,0,0,25002,6.38115e+06,0,0,0,0,0,0,0,0,0,0,0,0,0,0,
10,3.11489,180011,0.524894,30.0742,2.31116,0.0340143,2.399,2.3987,0.000897104,2.3738,16.3723,-0.00952298,0.00590409,0.00496494,45.0515,35.0732,9998.87,933.023,1171.79,30.0738,-0.0884157,6.38115e+06,4.78159e-05,0.832069,0.822194,134406,79975.4,4940.5,0,0,0,0.0399424,2.32435,3,-2.67565,-2,2.61921,0,0,0,0,0,0,0,0,0,0,-0.00104495,0.000163461,-0.000629967,9.96426,-3.67951,5.21264,0,0,0,0,0,0,0,0,0,0,0,0,0,-0.0244473,-4.44985,0.0268465,0,0.927717,0,-0.0303405,-4.44154,0.0236516,-4.47189,-4.4112,0,0,0,0,25002,6.38115e+06,0,0,0,0,0,0,0,0,0,0,0,0,0,0,
10.2,3.11486,180016,0.52566,30.1181,2.31245,-3.44272,2.41592,2.40708,-0.198466,3.39859,16.1457,-46.3957,-0.0343122,0.251427,45.0525,35.0747,9998.55,933.017,1171.74,30.0656,-0.102986,6.38115e+06,0.253901,0.829747,0.821787,134367,79936.1,4938.22,0,0,0,0.0399277,2.32729,3,-2.67271,-2,2.61936,0,0,0,0,0,0,0,0,0,0,-0.00103859,0.000161756,-0.000621849,9.97428,-3.67273,5.21651,0,0,0,0,0,0,0,0,0,0,0,0,0,2.59778,-6.52443,3.47499,0,0.94917,-11.5703,-2.81794,-5.47765,4.81268,-8.2956,-2.65971,0,0,0,0,425002,6.38115e+06,0,0,0,0,0,0,0,0,0,0,0,0,0,0,
10.4,3.1148,180020,0.523571,29.9984,2.31074,-10.0876,2.43415,2.40697,-0.358343,5.32469,15.7589,-22.1324,0.173051,-1.06382,45.0536,35.0761,9998.19,933.006,1171.72,30.065,-0.122831,6.38115e+06,-0.215021,0.853246,0.821465,134328,79896.8,4935.51,0,0,0,0.0399275,2.30382,3,-2.69618,-2,2.61978,0,0,0,0,0,0,0,0,0,0,-0.00102718,0.000156481,-0.000606451,9.9845,-3.66623,5.22041,0,0,0,0,0,0,0,0,0,0,0,0,0,7.18059,-2.91123,-11.4316,0,0.987879,-11.7379,6.09499,-3.48895,-11.3757,2.60604,-9.58394,0,0,0,0,425002,6.38115e+06,0,0,0,0,0,0,0,0,0,0,0,0,0,0,
10.6,3.11474,180025,0.519794,29.782,2.29632,-13.0321,2.45045,2.42919,-0.314554,6.18973,15.6419,-5.74496,0.113345,-1.03627,45.0546,35.0776,9997.76,932.994,1171.5,30.0207,-0.142341,6.38115e+06,-0.237075,0.867631,0.820951,134289,79857.5,4934.15,0,0,0,0.0398888,2.29098,3,-2.70902,-2,2.61952,0,0,0,0,0,0,0,0,0,0,-0.00102249,0.000153524,-0.000599574,9.99496,-3.66005,5.22423,0,0,0,0,0,0,0,0,0,0,0,0,0,6.75031,-5.22714,-11.2609,0,1.02579,-11.6066,7.0963,-4.74107,-11.6092,2.35523,-11.8374,0,0,0,0,425002,6.38115e+06,0,0,0,0,0,0,0,0,0,0,0,0,0,0,
10.8,3.11467,180029,0.516707,29.6051,2.28451,-13.4527,2.47628,2.46606,-0.209247,6.34761,15.7308,1.5677,0.171076,-0.691035,45.0556,35.079,9997.26,932.977,1171.26,29.9729,-0.163477,6.38115e+06,-0.17755,0.899384,0.820418,134249,79818.2,4934.54,0,0,0,0.0398247,2.26176,3,-2.73824,-2,2.6188,0,0,0,0,0,0,0,0,0,0,-0.00102196,0.000153219,-0.000598377,10.0057,-3.65418,5.22791,0,0,0,0,0,0,0,0,0,0,0,0,0,4.3684,-5.056,-7.58742,0,1.0585,-11.4456,4.76726,-5.25078,-8.08262,-0.483524,-10.018,0,0,0,0,425002,6.38115e+06,0,0,0,0,0,0,0,0,0,0,0,0,0,0,
11,3.11457,180033,0.514724,29.4915,2.29422,-12.9131,2.51062,2.50604,-0.120804,6.23584,15.8649,3.43023,0.164091,-0.387948,45.0566,35.0805,9996.71,932.955,1171.05,29.9318,-0.175928,6.38115e+06,-0.108628,0.952761,0.81996,134210,79778.9,4935.95,0,0,0,0.0397551,2.21112,3,-2.78888,-2,2.61798,0,0,0,0,0,0,0,0,0,0,-0.0010229,0.000154036,-0.000599376,10.0166,-3.64863,5.23145,0,0,0,0,0,0,0,0,0,0,0,0,0,2.2594,-5.12114,-4.3017,0,1.0813,-11.324,2.50512,-5.03222,-4.68722,-2.5271,-7.53734,0,0,0,0,425002,6.38115e+06,0,0,0,0,0,0,0,0,0,0,0,0,0,0,
11.2,3.11446,180036,0.513599,29.4271,2.31592,-12.2568,2.54346,2.54066,-0.0681586,6.08467,15.9672,2.87251,0.175373,-0.20235,45.0576,35.0819,9996.12,932.929,1170.86,29.8981,-0.181475,6.38115e+06,-0.0574248,0.992448,0.819616,134171,79739.5,4937.61,0,0,0,0.0396947,2.17382,3,-2.82618,-2,2.61732,0,0,0,0,0,0,0,0,0,0,-0.00102395,0.000154988,-0.00060069,10.0278,-3.6434,5.23489,0,0,0,0,0,0,0,0,0,0,0,0,0,1.02906,-5.05293,-2.25892,0,1.09844,-11.2501,1.1489,-5.10885,-2.47211,-3.95995,-6.25775,0,0,0,0,425002,6.38115e+06,0,0,0,0,0,0,0,0,0,0,0,0,0,0,
11.4,3.11433,180038,0.512945,29.3896,2.34518,-11.7851,2.57342,2.571,-0.0448744,5.98173,16.0258,1.7429,0.171197,-0.116904,45.0587,35.0834,9995.53,932.9,1170.7,29.8692,-0.180675,6.38114e+06,-0.0292736,1.03199,0.81938,134131,79700.2,4939.59,0,0,0,0.0396417,2.13638,3,-2.86362,-2,2.61679,0,0,0,0,0,0,0,0,0,0,-0.00102465,0.000155734,-0.000601632,10.0391,-3.63851,5.23826,0,0,0,0,0,0,0,0,0,0,0,0,0,0.512044,-4.97121,-1.30315,0,1.11118,-11.2072,0.553324,-4.95702,-1.38704,-4.4037,-5.51034,0,0,0,0,425002,6.38114e+06,0,0,0,0,0,0,0,0,0,0,0,0,0,0,
11.6,3.11421,180039,0.512486,29.3633,2.3759,-11.5255,2.59846,2.59607,-0.0387872,5.93451,16.0534,0.836055,0.167376,-0.0921926,45.0597,35.0849,9994.95,932.869,1170.54,29.8425,-0.175262,6.38114e+06,-0.018225,1.06225,0.819249,134092,79660.8,4941.74,0,0,0,0.0395977,2.10786,3,-2.89214,-2,2.61642,0,0,0,0,0,0,0,0,0,0,-0.00102497,0.000156252,-0.000602118,10.0507,-3.63394,5.24158,0,0,0,0,0,0,0,0,0,0,0,0,0,0.393736,-4.93988,-1.01717,0,1.12057,-11.1787,0.396132,-4.95722,-1.03174,-4.56109,-5.35335,0,0,0,0,425002,6.38114e+06,0,0,0,0,0,0,0,0,0,0,0,0,0,0,
11.8,3.11408,180040,0.512066,29.3392,2.40608,-11.4119,2.619,2.61656,-0.0401144,5.92506,16.0646,0.320667,0.159243,-0.0949722,45.0607,35.0863,9994.4,932.838,1170.38,29.8161,-0.166212,6.38114e+06,-0.0163542,1.08862,0.81921,134052,79621.4,4944.07,0,0,0,0.0395616,2.08294,3,-2.91706,-2,2.61619,0,0,0,0,0,0,0,0,0,0,-0.00102504,0.000156613,-0.000602282,10.0624,-3.62972,5.24486,0,0,0,0,0,0,0,0,0,0,0,0,0,0.440981,-4.87183,-1.03927,0,1.12683,-11.1525,0.430322,-4.87478,-1.02736,-4.44445,-5.3051,0,0,0,0,425002,6.38114e+06,0,0,0,0,0,0,0,0,0,0,0,0,0,0,
12,3.11395,180039,0.511629,29.3142,2.43422,-11.3713,2.63486,2.6324,-0.0431577,5.93244,16.0699,0.114401,0.149782,-0.105103,45.0617,35.0878,9993.88,932.806,1170.22,29.7894,-0.154424,6.38114e+06,-0.0179796,1.10857,0.819252,134013,79582,4946.45,0,0,0,0.0395336,2.06411,3,-2.93589,-2,2.61609,0,0,0,0,0,0,0,0,0,0,-0.00102499,0.000156896,-0.000602279,10.0743,-3.62583,5.2481,0,0,0,0,0,0,0,0,0,0,0,0,0,0.522237,-4.82913,-1.14721,0,1.13014,-11.1231,0.511416,-4.83831,-1.13172,-4.3269,-5.34973,0,0,0,0,425002,6.38114e+06,0,0,0,0,0,0,0,0,0,0,0,0,0,0,
12.2,3.11382,180038,0.511165,29.2876,2.46004,-11.3543,2.6465,2.64408,-0.0455016,5.94281,16.0746,0.0828083,0.138947,-0.113575,45.0627,35.0892,9993.4,932.775,1170.06,29.762,-0.140572,6.38114e+06,-0.0200607,1.12396,0.819361,133974,79542.6,4948.84,0,0,0,0.0395127,2.04957,3,-2.95043,-2,2.61612,0,0,0,0,0,0,0,0,0,0,-0.00102491,0.000157153,-0.00060222,10.0863,-3.62228,5.25131,0,0,0,0,0,0,0,0,0,0,0,0,0,0.583908,-4.77156,-1.23982,0,1.13071,-11.0891,0.577141,-4.77808,-1.2293,-4.20094,-5.35522,0,0,0,0,425002,6.38114e+06,0,0,0,0,0,0,0,0,0,0,0,0,0,0,
12.4,3.1137,180036,0.510686,29.2602,2.48338,-11.336,2.65425,2.65191,-0.0466262,5.94927,16.0806,0.121462,0.127343,-0.118084,45.0637,35.0907,9992.97,932.745,1169.9,29.7341,-0.125224,6.38114e+06,-0.0214714,1.13452,0.819524,133934,79503.1,4951.19,0,0,0,0.0394985,2.0396,3,-2.9604,-2,2.61626,0,0,0,0,0,0,0,0,0,0,-0.00102483,0.000157411,-0.000602159,10.0985,-3.61909,5.25449,0,0,0,0,0,0,0,0,0,0,0,0,0,0.615265,-4.72247,-1.29008,0,1.12875,-11.0509,0.612514,-4.73006,-1.28553,-4.11755,-5.34257,0,0,0,0,425002,6.38114e+06,0,0,0,0,0,0,0,0,0,0,0,0,0,0,
12.6,3.11359,180033,0.510206,29.2326,2.50431,-11.3084,2.65856,2.65635,-0.0468131,5.94983,16.0881,0.170873,0.115295,-0.119313,45.0648,35.0921,9992.59,932.717,1169.74,29.706,-0.108871,6.38114e+06,-0.022084,1.14109,0.81973,133895,79463.7,4953.44,0,0,0,0.0394902,2.03339,3,-2.96661,-2,2.6165,0,0,0,0,0,0,0,0,0,0,-0.00102478,0.000157677,-0.000602114,10.1108,-3.61624,5.25763,0,0,0,0,0,0,0,0,0,0,0,0,0,0.623579,-4.669,-1.30447,0,1.12455,-11.0101,0.623394,-4.67614,-1.30404,-4.05274,-5.29953,0,0,0,0,425002,6.38114e+06,0,0,0,0,0,0,0,0,0,0,0,0,0,0,
12.8,3.11349,180031,0.509733,29.2055,2.52285,-11.2719,2.65982,2.65777,-0.0465077,5.94491,16.0966,0.206868,0.103007,-0.118698,45.0658,35.0936,9992.26,932.691,1169.58,29.6778,-0.0919483,6.38114e+06,-0.0221493,1.14397,0.819969,133855,79424.2,4955.57,0,0,0,0.0394871,2.03065,3,-2.96935,-2,2.61683,0,0,0,0,0,0,0,0,0,0,-0.00102474,0.000157952,-0.000602086,10.1233,-3.61374,5.26074,0,0,0,0,0,0,0,0,0,0,0,0,0,0.619499,-4.61836,-1.29833,0,1.11841,-10.9679,0.620473,-4.62555,-1.29989,-4.00508,-5.24602,0,0,0,0,425002,6.38114e+06,0,0,0,0,0,0,0,0,0,0,0,0,0,0,
13,3.1134,180028,0.509271,29.1791,2.53903,-11.2298,2.65844,2.65657,-0.0460529,5.93577,16.1055,0.225225,0.0907078,-0.117418,45.0668,35.0951,9991.99,932.668,1169.42,29.6497,-0.0748447,6.38114e+06,-0.021953,1.14369,0.820231,133816,79384.7,4957.56,0,0,0,0.0394886,2.03089,3,-2.96911,-2,2.61723,0,0,0,0,0,0,0,0,0,0,-0.00102472,0.000158232,-0.000602067,10.1359,-3.61158,5.26382,0,0,0,0,0,0,0,0,0,0,0,0,0,0.611168,-4.56749,-1.28455,0,1.11065,-10.9253,0.612388,-4.57448,-1.2866,-3.96209,-5.18687,0,0,0,0,425002,6.38114e+06,0,0,0,0,0,0,0,0,0,0,0,0,0,0,
13.2,3.11332,180025,0.508823,29.1534,2.55289,-11.1854,2.65479,2.65311,-0.0456355,5.92364,16.1144,0.22997,0.0785306,-0.116156,45.0678,35.0965,9991.77,932.647,1169.27,29.6217,-0.0579037,6.38114e+06,-0.0216941,1.14067,0.820509,133776,79345.2,4959.39,0,0,0,0.0394941,2.03373,3,-2.96627,-2,2.6177,0,0,0,0,0,0,0,0,0,0,-0.00102471,0.000158515,-0.000602049,10.1487,-3.60978,5.26686,0,0,0,0,0,0,0,0,0,0,0,0,0,0.603046,-4.51862,-1.2707,0,1.10156,-10.883,0.604086,-4.52538,-1.27249,-3.9213,-5.12947,0,0,0,0,425002,6.38114e+06,0,0,0,0,0,0,0,0,0,0,0,0,0,0,
13.4,3.11325,180021,0.508387,29.1284,2.56444,-11.1407,2.64923,2.64775,-0.045323,5.90945,16.1231,0.226579,0.0666244,-0.115181,45.0688,35.098,9991.61,932.63,1169.12,29.594,-0.0414253,6.38114e+06,-0.0214716,1.13531,0.820796,133737,79305.7,4961.04,0,0,0,0.0395029,2.03877,3,-2.96123,-2,2.61823,0,0,0,0,0,0,0,0,0,0,-0.0010247,0.000158797,-0.000602029,10.1616,-3.60833,5.26988,0,0,0,0,0,0,0,0,0,0,0,0,0,0.596791,-4.4713,-1.25984,0,1.09145,-10.8415,0.59754,-4.47779,-1.26114,-3.88025,-5.07533,0,0,0,0,425002,6.38114e+06,0,0,0,0,0,0,0,0,0,0,0,0,0,0,
13.6,3.1132,180018,0.507962,29.1041,2.57373,-11.0972,2.64208,2.6408,-0.0451172,5.89382,16.1316,0.219229,0.0550941,-0.11453,45.0698,35.0994,9991.51,932.615,1168.97,29.5666,-0.0256649,6.38113e+06,-0.0213155,1.12799,0.821085,133697,79266.2,4962.5,0,0,0,0.0395146,2.04566,3,-2.95434,-2,2.6188,0,0,0,0,0,0,0,0,0,0,-0.00102469,0.000159077,-0.000602003,10.1747,-3.60723,5.27286,0,0,0,0,0,0,0,0,0,0,0,0,0,0.592522,-4.42633,-1.25243,0,1.08057,-10.8011,0.593015,-4.43248,-1.25328,-3.83946,-5.0255,0,0,0,0,425002,6.38113e+06,0,0,0,0,0,0,0,0,0,0,0,0,0,0,
13.8,3.11315,180015,0.507547,29.0803,2.58084,-11.0552,2.63365,2.63256,-0.0449954,5.8772,16.1398,0.210303,0.0440422,-0.114138,45.0708,35.1009,9991.45,932.603,1168.83,29.5394,-0.0108351,6.38113e+06,-0.021221,1.11909,0.821371,133658,79226.7,4963.78,0,0,0,0.0395285,2.05406,3,-2.94594,-2,2.61941,0,0,0,0,0,0,0,0,0,0,-0.00102468,0.000159355,-0.00060197,10.188,-3.60647,5.27581,0,0,0,0,0,0,0,0,0,0,0,0,0,0.589777,-4.38385,-1.24783,0,1.06919,-10.762,0.59009,-4.38963,-1.24834,-3.79954,-4.97972,0,0,0,0,425002,6.38113e+06,0,0,0,0,0,0,0,0,0,0,0,0,0,0,
14,3.11312,180012,0.507139,29.0569,2.58587,-11.0151,2.62421,2.62332,-0.0449326,5.85988,16.1477,0.200836,0.0335513,-0.113928,45.0718,35.1024,9991.44,932.594,1168.69,29.5126,0.00289182,6.38113e+06,-0.0211725,1.10891,0.82165,133618,79187.2,4964.87,0,0,0,0.0395442,2.06365,3,-2.93635,-2,2.62005,0,0,0,0,0,0,0,0,0,0,-0.00102467,0.000159631,-0.000601931,10.2014,-3.60607,5.27873,0,0,0,0,0,0,0,0,0,0,0,0,0,0.588036,-4.34424,-1.24519,0,1.05754,-10.7245,0.588235,-4.3496,-1.24547,-3.76137,-4.93784,0,0,0,0,425002,6.38113e+06,0,0,0,0,0,0,0,0,0,0,0,0,0,0,
14.2,3.1131,180009,0.506739,29.034,2.5889,-10.9769,2.61403,2.61332,-0.0449102,5.84212,16.1555,0.191133,0.0236965,-0.113839,45.0728,35.1038,9991.47,932.589,1168.56,29.4861,0.0153813,6.38113e+06,-0.021155,1.09777,0.821918,133579,79147.6,4965.77,0,0,0,0.0395613,2.07416,3,-2.92584,-2,2.62071,0,0,0,0,0,0,0,0,0,0,-0.00102467,0.000159904,-0.000601884,10.2149,-3.60601,5.28162,0,0,0,0,0,0,0,0,0,0,0,0,0,0.586925,-4.30775,-1.24387,0,1.04582,-10.6887,0.587052,-4.31266,-1.24399,-3.72561,-4.89971,0,0,0,0,425002,6.38113e+06,0,0,0,0,0,0,0,0,0,0,0,0,0,0,
14.4,3.1131,180006,0.506346,29.0115,2.59008,-10.9406,2.60333,2.6028,-0.0449164,5.82415,16.163,0.18122,0.0145417,-0.113833,45.0738,35.1053,9991.54,932.585,1168.43,29.4599,0.0265334,6.38113e+06,-0.021158,1.08594,0.822172,133539,79108.1,4966.49,0,0,0,0.0395794,2.08532,3,-2.91468,-2,2.62139,0,0,0,0,0,0,0,0,0,0,-0.00102466,0.000160175,-0.00060183,10.2286,-3.6063,5.28447,0,0,0,0,0,0,0,0,0,0,0,0,0,0.586227,-4.27461,-1.24344,0,1.03424,-10.6547,0.586304,-4.27904,-1.24346,-3.69273,-4.86534,0,0,0,0,425002,6.38113e+06,0,0,0,0,0,0,0,0,0,0,0,0,0,0,
14.6,3.1131,180003,0.505958,28.9893,2.58955,-10.9063,2.59234,2.59198,-0.0449442,5.80619,16.1703,0.171091,0.00614239,-0.113889,45.0748,35.1067,9991.64,932.585,1168.31,29.4341,0.0362798,6.38113e+06,-0.0211755,1.07368,0.822408,133500,79068.6,4967.02,0,0,0,0.0395981,2.09689,3,-2.90311,-2,2.62207,0,0,0,0,0,0,0,0,0,0,-0.00102465,0.000160443,-0.000601769,10.2425,-3.60693,5.28728,0,0,0,0,0,0,0,0,0,0,0,0,0,0.585837,-4.24502,-1.24368,0,1.02297,-10.6226,0.585875,-4.24895,-1.24361,-3.66307,-4.83482,0,0,0,0,425002,6.38113e+06,0,0,0,0,0,0,0,0,0,0,0,0,0,0,
14.8,3.11311,180001,0.505576,28.9674,2.58744,-10.874,2.58126,2.58104,-0.0449894,5.78844,16.1774,0.160792,-0.00145535,-0.113994,45.0758,35.1082,9991.77,932.586,1168.19,29.4087,0.044581,6.38113e+06,-0.0212041,1.06123,0.822624,133460,79029.1,4967.38,0,0,0,0.039617,2.10864,3,-2.89136,-2,2.62276,0,0,0,0,0,0,0,0,0,0,-0.00102464,0.000160708,-0.000601701,10.2565,-3.60791,5.29006,0,0,0,0,0,0,0,0,0,0,0,0,0,0.585706,-4.21915,-1.24445,0,1.01217,-10.5925,0.58571,-4.22254,-1.24431,-3.63683,-4.80825,0,0,0,0,425002,6.38113e+06,0,0,0,0,0,0,0,0,0,0,0,0,0,0,
15,3.11313,179999,0.505197,28.9457,2.58392,-10.8438,2.57025,2.57017,-0.0450486,5.77108,16.1843,0.150426,-0.00821473,-0.114141,45.0768,35.1097,9991.93,932.59,1168.07,29.3836,0.0514239,6.38113e+06,-0.0212417,1.04878,0.82282,133421,78989.5,4967.57,0,0,0,0.0396358,2.1204,3,-2.8796,-2,2.62345,0,0,0,0,0,0,0,0,0,0,-0.00102463,0.000160971,-0.000601627,10.2707,-3.60923,5.29279,0,0,0,0,0,0,0,0,0,0,0,0,0,0.585804,-4.19708,-1.24566,0,1.00196,-10.5644,0.585778,-4.19994,-1.24546,-3.61416,-4.78572,0,0,0,0,425002,6.38113e+06,0,0,0,0,0,0,0,0,0,0,0,0,0,0,
15.2,3.11316,179997,0.504823,28.9242,2.57916,-10.8157,2.55948,2.55952,-0.0451186,5.75428,16.191,0.140133,-0.014109,-0.11432,45.0778,35.1111,9992.11,932.596,1167.95,29.3588,0.0568192,6.38113e+06,-0.0212866,1.03654,0.822992,133381,78950,4967.61,0,0,0,0.0396543,2.13196,3,-2.86804,-2,2.62413,0,0,0,0,0,0,0,0,0,0,-0.00102461,0.000161232,-0.000601546,10.2851,-3.61089,5.29549,0,0,0,0,0,0,0,0,0,0,0,0,0,0.586102,-4.1789,-1.24723,0,0.992466,-10.5382,0.586049,-4.18121,-1.24699,-3.59516,-4.76726,0,0,0,0,425002,6.38113e+06,0,0,0,0,0,0,0,0,0,0,0,0,0,0,
15.4,3.11319,179996,0.504451,28.9029,2.57332,-10.7895,2.5491,2.54924,-0.0451964,5.73818,16.1976,0.130058,-0.0191217,-0.114524,45.0788,35.1126,9992.3,932.603,1167.84,29.3344,0.0607988,6.38113e+06,-0.0213371,1.02467,0.823141,133342,78910.5,4967.51,0,0,0,0.0396723,2.14318,3,-2.85682,-2,2.6248,0,0,0,0,0,0,0,0,0,0,-0.0010246,0.00016149,-0.000601459,10.2996,-3.61289,5.29814,0,0,0,0,0,0,0,0,0,0,0,0,0,0.586568,-4.16459,-1.24908,0,0.983779,-10.514,0.586494,-4.16636,-1.24881,-3.57986,-4.75285,0,0,0,0,425002,6.38113e+06,0,0,0,0,0,0,0,0,0,0,0,0,0,0,
15.6,3.11323,179994,0.504081,28.8817,2.56657,-10.7654,2.53921,2.53944,-0.045279,5.72289,16.204,0.12034,-0.0232475,-0.114745,45.0798,35.114,9992.51,932.612,1167.73,29.3102,0.0634141,6.38113e+06,-0.0213917,1.01332,0.823267,133302,78871,4967.27,0,0,0,0.0396894,2.15391,3,-2.84609,-2,2.62546,0,0,0,0,0,0,0,0,0,0,-0.00102458,0.000161746,-0.000601366,10.3143,-3.61522,5.30075,0,0,0,0,0,0,0,0,0,0,0,0,0,0.587166,-4.1541,-1.25112,0,0.975973,-10.4916,0.587076,-4.15534,-1.25083,-3.56827,-4.74242,0,0,0,0,425002,6.38113e+06,0,0,0,0,0,0,0,0,0,0,0,0,0,0,
15.8,3.11327,179993,0.503713,28.8606,2.55909,-10.7431,2.52994,2.53024,-0.0453633,5.70851,16.2102,0.111102,-0.0264917,-0.114975,45.0808,35.1155,9992.72,932.621,1167.63,29.2864,0.0647327,6.38113e+06,-0.0214486,1.00263,0.823368,133263,78831.5,4966.91,0,0,0,0.0397055,2.16403,3,-2.83597,-2,2.6261,0,0,0,0,0,0,0,0,0,0,-0.00102457,0.000162,-0.000601268,10.3292,-3.61789,5.30332,0,0,0,0,0,0,0,0,0,0,0,0,0,0.587862,-4.14735,-1.25328,0,0.969104,-10.4709,0.58776,-4.14808,-1.25297,-3.56032,-4.73584,0,0,0,0,425002,6.38113e+06,0,0,0,0,0,0,0,0,0,0,0,0,0,0,
16,3.11331,179993,0.503346,28.8396,2.55105,-10.7227,2.52138,2.52172,-0.0454468,5.69512,16.2163,0.102452,-0.028871,-0.115207,45.0818,35.117,9992.93,932.632,1167.52,29.2628,0.0648373,6.38113e+06,-0.0215063,0.992696,0.823445,133223,78792,4966.44,0,0,0,0.0397205,2.17343,3,-2.82657,-2,2.62671,0,0,0,0,0,0,0,0,0,0,-0.00102455,0.000162252,-0.000601164,10.3443,-3.62089,5.30584,0,0,0,0,0,0,0,0,0,0,0,0,0,0.58862,-4.14418,-1.25547,0,0.963209,-10.4519,0.588511,-4.14442,-1.25516,-3.55591,-4.73293,0,0,0,0,425002,6.38113e+06,0,0,0,0,0,0,0,0,0,0,0,0,0,0,
16.2,3.11336,179992,0.502979,28.8186,2.54262,-10.7039,2.51358,2.51396,-0.0455269,5.68277,16.2223,0.094481,-0.0304125,-0.115434,45.0828,35.1184,9993.14,932.643,1167.42,29.2395,0.0638223,6.38113e+06,-0.0215633,0.983621,0.823498,133184,78752.5,4965.88,0,0,0,0.0397341,2.18203,3,-2.81797,-2,2.62731,0,0,0,0,0,0,0,0,0,0,-0.00102452,0.000162502,-0.000601057,10.3596,-3.62423,5.30832,0,0,0,0,0,0,0,0,0,0,0,0,0,0.589407,-4.1444,-1.25762,0,0.958307,-10.4344,0.589296,-4.14417,-1.25732,-3.55488,-4.73347,0,0,0,0,425002,6.38113e+06,0,0,0,0,0,0,0,0,0,0,0,0,0,0,
16.4,3.11341,179992,0.502613,28.7976,2.53395,-10.6866,2.50662,2.50702,-0.0456013,5.6715,16.2281,0.0872643,-0.0311536,-0.11565,45.0838,35.1199,9993.35,932.654,1167.32,29.2164,0.0617923,6.38113e+06,-0.0216182,0.975476,0.823529,133144,78713,4965.24,0,0,0,0.0397464,2.18975,3,-2.81025,-2,2.62789,0,0,0,0,0,0,0,0,0,0,-0.0010245,0.00016275,-0.000600946,10.375,-3.6279,5.31075,0,0,0,0,0,0,0,0,0,0,0,0,0,0.590194,-4.14776,-1.25966,0,0.9544,-10.4183,0.590085,-4.14711,-1.25938,-3.55703,-4.7372,0,0,0,0,425002,6.38113e+06,0,0,0,0,0,0,0,0,0,0,0,0,0,0,
16.6,3.11345,179992,0.502246,28.7766,2.52521,-10.6707,2.50053,2.50093,-0.045668,5.66132,16.2339,0.0808643,-0.031141,-0.115848,45.0848,35.1214,9993.54,932.666,1167.22,29.1935,0.0588596,6.38113e+06,-0.0216698,0.968313,0.823539,133105,78673.5,4964.53,0,0,0,0.0397572,2.19655,3,-2.80345,-2,2.62844,0,0,0,0,0,0,0,0,0,0,-0.00102447,0.000162997,-0.000600831,10.3906,-3.63189,5.31313,0,0,0,0,0,0,0,0,0,0,0,0,0,0.590954,-4.154,-1.26154,0,0.951474,-10.4034,0.59085,-4.15297,-1.26129,-3.56212,-4.74382,0,0,0,0,425002,6.38113e+06,0,0,0,0,0,0,0,0,0,0,0,0,0,0,
16.8,3.1135,179992,0.501877,28.7555,2.51653,-10.656,2.49533,2.49572,-0.0457252,5.65223,16.2396,0.0753296,-0.0304298,-0.116025,45.0858,35.1228,9993.73,932.677,1167.12,29.1707,0.0551419,6.38113e+06,-0.021717,0.962169,0.823528,133065,78634.1,4963.78,0,0,0,0.0397664,2.20239,3,-2.79761,-2,2.62896,0,0,0,0,0,0,0,0,0,0,-0.00102444,0.000163243,-0.000600714,10.4065,-3.63622,5.31546,0,0,0,0,0,0,0,0,0,0,0,0,0,0.591659,-4.16282,-1.2632,0,0.949501,-10.3896,0.591565,-4.16144,-1.26298,-3.56987,-4.753,0,0,0,0,425002,6.38113e+06,0,0,0,0,0,0,0,0,0,0,0,0,0,0,
17,3.11355,179993,0.501508,28.7343,2.50804,-10.6424,2.49104,2.4914,-0.0457713,5.64422,16.2452,0.0706954,-0.0290823,-0.116175,45.0868,35.1243,9993.9,932.689,1167.02,29.1482,0.0507604,6.38113e+06,-0.0217588,0.957063,0.823499,133026,78594.6,4962.98,0,0,0,0.0397742,2.20725,3,-2.79275,-2,2.62946,0,0,0,0,0,0,0,0,0,0,-0.00102441,0.000163487,-0.000600595,10.4225,-3.64087,5.31774,0,0,0,0,0,0,0,0,0,0,0,0,0,0.592289,-4.17388,-1.26459,0,0.94844,-10.3766,0.592206,-4.1722,-1.26442,-3.58,-4.76441,0,0,0,0,425002,6.38113e+06,0,0,0,0,0,0,0,0,0,0,0,0,0,0,
17.2,3.11359,179994,0.501137,28.713,2.49987,-10.6295,2.48765,2.48797,-0.0458049,5.63724,16.2508,0.0669835,-0.0271665,-0.116294,45.0878,35.1258,9994.06,932.7,1166.92,29.1257,0.0458375,6.38113e+06,-0.0217944,0.952995,0.823454,132986,78555.1,4962.17,0,0,0,0.0397803,2.21113,3,-2.78887,-2,2.62993,0,0,0,0,0,0,0,0,0,0,-0.00102438,0.000163731,-0.000600474,10.4387,-3.64585,5.31997,0,0,0,0,0,0,0,0,0,0,0,0,0,0.59282,-4.18684,-1.26568,0,0.948237,-10.3643,0.592753,-4.18492,-1.26555,-3.59217,-4.77768,0,0,0,0,425002,6.38113e+06,0,0,0,0,0,0,0,0,0,0,0,0,0,0,
17.4,3.11363,179994,0.500764,28.6917,2.49212,-10.6174,2.48514,2.48542,-0.0458249,5.63125,16.2564,0.0642023,-0.0247554,-0.11638,45.0888,35.1272,9994.2,932.71,1166.82,29.1033,0.0404951,6.38113e+06,-0.021823,0.949951,0.823394,132947,78515.7,4961.35,0,0,0,0.039785,2.21405,3,-2.78595,-2,2.63038,0,0,0,0,0,0,0,0,0,0,-0.00102435,0.000163975,-0.000600353,10.4551,-3.65115,5.32215,0,0,0,0,0,0,0,0,0,0,0,0,0,0.593235,-4.20136,-1.26642,0,0.948832,-10.3525,0.593185,-4.19925,-1.26634,-3.60606,-4.79243,0,0,0,0,425002,6.38113e+06,0,0,0,0,0,0,0,0,0,0,0,0,0,0,
17.6,3.11367,179995,0.50039,28.6702,2.48489,-10.6057,2.48348,2.4837,-0.0458304,5.62619,16.262,0.0623472,-0.0219245,-0.116429,45.0898,35.1287,9994.33,932.719,1166.72,29.081,0.0348527,6.38113e+06,-0.0218442,0.947902,0.823321,132907,78476.2,4960.53,0,0,0,0.0397882,2.21603,3,-2.78397,-2,2.6308,0,0,0,0,0,0,0,0,0,0,-0.00102431,0.000164217,-0.000600231,10.4717,-3.65678,5.32427,0,0,0,0,0,0,0,0,0,0,0,0,0,0.593517,-4.21707,-1.26678,0,0.950152,-10.3411,0.593486,-4.21481,-1.26675,-3.62133,-4.8083,0,0,0,0,425002,6.38113e+06,0,0,0,0,0,0,0,0,0,0,0,0,0,0,
17.8,3.1137,179996,0.500013,28.6486,2.47825,-10.5943,2.48262,2.48279,-0.0458205,5.62198,16.2675,0.0614009,-0.0187515,-0.116439,45.0908,35.1302,9994.43,932.728,1166.62,29.0588,0.0290255,6.38113e+06,-0.0218573,0.946806,0.823237,132868,78436.8,4959.73,0,0,0,0.03979,2.21712,3,-2.78288,-2,2.63121,0,0,0,0,0,0,0,0,0,0,-0.00102428,0.00016446,-0.00060011,10.4884,-3.66273,5.32635,0,0,0,0,0,0,0,0,0,0,0,0,0,0.59365,-4.23363,-1.26674,0,0.95212,-10.3298,0.593641,-4.23128,-1.26677,-3.63764,-4.82492,0,0,0,0,425002,6.38113e+06,0,0,0,0,0,0,0,0,0,0,0,0,0,0,
18,3.11373,179997,0.499634,28.6269,2.47226,-10.583,2.48252,2.48262,-0.0457947,5.61854,16.2731,0.061334,-0.015314,-0.116408,45.0918,35.1316,9994.52,932.736,1166.52,29.0366,0.0231232,6.38113e+06,-0.021862,0.946608,0.823145,132828,78397.3,4958.96,0,0,0,0.0397904,2.21735,3,-2.78265,-2,2.63158,0,0,0,0,0,0,0,0,0,0,-0.00102424,0.000164703,-0.000599989,10.5054,-3.669,5.32838,0,0,0,0,0,0,0,0,0,0,0,0,0,0.593622,-4.2507,-1.26629,0,0.954655,-10.3186,0.593636,-4.24829,-1.26638,-3.65465,-4.84193,0,0,0,0,425002,6.38113e+06,0,0,0,0,0,0,0,0,0,0,0,0,0,0,
18.2,3.11376,179998,0.499253,28.6051,2.46698,-10.5716,2.48312,2.48315,-0.0457529,5.61577,16.2787,0.0621057,-0.0116887,-0.116335,45.0928,35.1331,9994.59,932.742,1166.42,29.0144,0.0172486,6.38113e+06,-0.0218581,0.947243,0.823047,132789,78357.9,4958.23,0,0,0,0.0397897,2.2168,3,-2.7832,-2,2.63194,0,0,0,0,0,0,0,0,0,0,-0.0010242,0.000164946,-0.000599869,10.5226,-3.6756,5.33035,0,0,0,0,0,0,0,0,0,0,0,0,0,0.593424,-4.26794,-1.26539,0,0.957672,-10.3071,0.593462,-4.26552,-1.26555,-3.67206,-4.85899,0,0,0,0,425002,6.38113e+06,0,0,0,0,0,0,0,0,0,0,0,0,0,0,
18.4,3.11378,180000,0.49887,28.5832,2.46242,-10.5601,2.48434,2.4843,-0.0456948,5.61358,16.2844,0.0636648,-0.00795029,-0.11622,45.0938,35.1346,9994.63,932.748,1166.32,28.9923,0.0114965,6.38113e+06,-0.0218454,0.948637,0.822945,132749,78318.4,4957.54,0,0,0,0.0397878,2.21554,3,-2.78446,-2,2.63229,0,0,0,0,0,0,0,0,0,0,-0.00102416,0.00016519,-0.000599751,10.5399,-3.68251,5.33228,0,0,0,0,0,0,0,0,0,0,0,0,0,0.593046,-4.28504,-1.26406,0,0.961082,-10.2954,0.59311,-4.28266,-1.26428,-3.68955,-4.87577,0,0,0,0,425002,6.38113e+06,0,0,0,0,0,0,0,0,0,0,0,0,0,0,
18.6,3.1138,180001,0.498485,28.5611,2.45861,-10.5481,2.48612,2.486,-0.0456205,5.61187,16.29,0.0659511,-0.00416966,-0.116063,45.0948,35.136,9994.66,932.753,1166.22,28.9701,0.00595234,6.38112e+06,-0.0218239,0.950711,0.822841,132710,78279,4956.91,0,0,0,0.039785,2.21363,3,-2.78637,-2,2.63261,0,0,0,0,0,0,0,0,0,0,-0.00102412,0.000165434,-0.000599635,10.5575,-3.68975,5.33415,0,0,0,0,0,0,0,0,0,0,0,0,0,0.592486,-4.30173,-1.26229,0,0.9648,-10.2832,0.592575,-4.29943,-1.26256,-3.70685,-4.892,0,0,0,0,425002,6.38112e+06,0,0,0,0,0,0,0,0,0,0,0,0,0,0,
18.8,3.11381,180002,0.498098,28.5389,2.45556,-10.5356,2.48838,2.48819,-0.0455305,5.61054,16.2958,0.0688961,-0.000413591,-0.115864,45.0958,35.1375,9994.68,932.756,1166.11,28.9479,0.000692217,6.38112e+06,-0.0217937,0.953379,0.822737,132671,78239.6,4956.34,0,0,0,0.0397813,2.21116,3,-2.78884,-2,2.63292,0,0,0,0,0,0,0,0,0,0,-0.00102408,0.000165679,-0.000599521,10.5752,-3.69732,5.33598,0,0,0,0,0,0,0,0,0,0,0,0,0,0.591739,-4.31774,-1.26007,0,0.96874,-10.2704,0.591855,-4.31555,-1.26041,-3.72369,-4.9074,0,0,0,0,425002,6.38112e+06,0,0,0,0,0,0,0,0,0,0,0,0,0,0,
19,3.11382,180003,0.49771,28.5167,2.45325,-10.5225,2.49104,2.49078,-0.0454252,5.60948,16.3016,0.0724249,0.00325639,-0.115623,45.0967,35.139,9994.67,932.759,1166.01,28.9256,-0.00421823,6.38112e+06,-0.0217551,0.956551,0.822634,132631,78200.1,4955.83,0,0,0,0.0397769,2.20821,3,-2.79179,-2,2.63322,0,0,0,0,0,0,0,0,0,0,-0.00102404,0.000165925,-0.000599409,10.5931,-3.7052,5.33775,0,0,0,0,0,0,0,0,0,0,0,0,0,0.590806,-4.33285,-1.25743,0,0.972819,-10.2569,0.590948,-4.3308,-1.25782,-3.73985,-4.92174,0,0,0,0,425002,6.38112e+06,0,0,0,0,0,0,0,0,0,0,0,0,0,0,
19.2,3.11382,180004,0.49732,28.4943,2.45167,-10.5087,2.49402,2.4937,-0.0453053,5.6086,16.3074,0.0764572,0.00678464,-0.115344,45.0977,35.1405,9994.65,932.761,1165.9,28.9033,-0.0087239,6.38112e+06,-0.0217083,0.960137,0.822535,132592,78160.7,4955.4,0,0,0,0.0397719,2.20488,3,-2.79512,-2,2.63352,0,0,0,0,0,0,0,0,0,0,-0.001024,0.000166172,-0.000599301,10.6113,-3.71341,5.33947,0,0,0,0,0,0,0,0,0,0,0,0,0,0.58969,-4.34686,-1.25437,0,0.976958,-10.2427,0.589857,-4.34497,-1.25482,-3.75512,-4.93483,0,0,0,0,425002,6.38112e+06,0,0,0,0,0,0,0,0,0,0,0,0,0,0,
19.4,3.11382,180005,0.496929,28.4719,2.45078,-10.494,2.49725,2.49686,-0.0451718,5.60779,16.3134,0.0809093,0.0101219,-0.115028,45.0987,35.1419,9994.62,932.761,1165.79,28.881,-0.0127804,6.38112e+06,-0.0216538,0.964047,0.822441,132552,78121.3,4955.03,0,0,0,0.0397664,2.20123,3,-2.79877,-2,2.6338,0,0,0,0,0,0,0,0,0,0,-0.00102396,0.00016642,-0.000599195,10.6296,-3.72193,5.34115,0,0,0,0,0,0,0,0,0,0,0,0,0,0.588395,-4.35962,-1.25092,0,0.981083,-10.2276,0.588587,-4.35791,-1.25142,-3.76933,-4.9465,0,0,0,0,425002,6.38112e+06,0,0,0,0,0,0,0,0,0,0,0,0,0,0,
19.6,3.11382,180006,0.496537,28.4495,2.45054,-10.4784,2.50064,2.50019,-0.0450257,5.60696,16.3194,0.0856952,0.0132258,-0.114676,45.0997,35.1434,9994.57,932.761,1165.68,28.8586,-0.0163541,6.38112e+06,-0.021592,0.968189,0.822353,132513,78081.9,4954.74,0,0,0,0.0397607,2.19737,3,-2.80263,-2,2.63408,0,0,0,0,0,0,0,0,0,0,-0.00102393,0.000166669,-0.000599093,10.6481,-3.73078,5.34278,0,0,0,0,0,0,0,0,0,0,0,0,0,0.58693,-4.37099,-1.2471,0,0.985126,-10.2116,0.587145,-4.36948,-1.24766,-3.78234,-4.95663,0,0,0,0,425002,6.38112e+06,0,0,0,0,0,0,0,0,0,0,0,0,0,0,
19.8,3.11381,180007,0.496144,28.427,2.45092,-10.4618,2.50413,2.50362,-0.0448681,5.60602,16.3254,0.0907286,0.0160608,-0.114293,45.1007,35.1449,9994.51,932.76,1165.57,28.8362,-0.0194216,6.38112e+06,-0.0215236,0.972478,0.822272,132473,78042.4,4954.52,0,0,0,0.0397547,2.19336,3,-2.80664,-2,2.63436,0,0,0,0,0,0,0,0,0,0,-0.00102389,0.000166919,-0.000598993,10.6668,-3.73996,5.34436,0,0,0,0,0,0,0,0,0,0,0,0,0,0.585303,-4.38087,-1.24295,0,0.989024,-10.1946,0.58554,-4.37958,-1.24355,-3.79404,-4.96512,0,0,0,0,425002,6.38112e+06,0,0,0,0,0,0,0,0,0,0,0,0,0,0,
20,3.1138,180008,0.495751,28.4044,2.45184,-10.4442,2.50764,2.50709,-0.0447004,5.6049,16.3316,0.095924,0.0185986,-0.113882,45.1017,35.1463,9994.45,932.758,1165.46,28.8137,-0.0219698,6.38112e+06,-0.0214492,0.97683,0.822199,132434,78003,4954.36,0,0,0,0.0397487,2.1893,3,-2.8107,-2,2.63463,0,0,0,0,0,0,0,0,0,0,-0.00102385,0.000167171,-0.000598897,10.6857,-3.74945,5.34589,0,0,0,0,0,0,0,0,0,0,0,0,0,0.583527,-4.38921,-1.23849,0,0.992722,-10.1766,0.583785,-4.38814,-1.23913,-3.80435,-4.97192,0,0,0,0,425002,6.38112e+06,0,0,0,0,0,0,0,0,0,0,0,0,0,0,
20.2,3.11379,180008,0.495358,28.3819,2.45326,-10.4255,2.5111,2.51051,-0.0445239,5.60351,16.3378,0.101198,0.0208179,-0.113446,45.1027,35.1478,9994.37,932.755,1165.34,28.7911,-0.023995,6.38112e+06,-0.0213694,0.981168,0.822135,132395,77963.6,4954.28,0,0,0,0.0397427,2.18524,3,-2.81476,-2,2.63491,0,0,0,0,0,0,0,0,0,0,-0.00102382,0.000167423,-0.000598804,10.7047,-3.75927,5.34738,0,0,0,0,0,0,0,0,0,0,0,0,0,0.581615,-4.39597,-1.23376,0,0.996174,-10.1577,0.581891,-4.39512,-1.23443,-3.81323,-4.97701,0,0,0,0,425002,6.38112e+06,0,0,0,0,0,0,0,0,0,0,0,0,0,0,
20.4,3.11378,180009,0.494965,28.3594,2.45511,-10.4058,2.51447,2.51384,-0.0443402,5.60181,16.3441,0.106472,0.0227044,-0.112988,45.1036,35.1493,9994.29,932.752,1165.23,28.7686,-0.0255023,6.38112e+06,-0.0212852,0.985419,0.822079,132355,77924.2,4954.25,0,0,0,0.0397369,2.18127,3,-2.81873,-2,2.63519,0,0,0,0,0,0,0,0,0,0,-0.00102378,0.000167677,-0.000598713,10.724,-3.76941,5.34882,0,0,0,0,0,0,0,0,0,0,0,0,0,0.579582,-4.40115,-1.2288,0,0.999338,-10.1377,0.579874,-4.40052,-1.22951,-3.82065,-4.9804,0,0,0,0,425002,6.38112e+06,0,0,0,0,0,0,0,0,0,0,0,0,0,0,
20.6,3.11376,180009,0.494572,28.3369,2.45732,-10.385,2.51768,2.51702,-0.0441506,5.59973,16.3504,0.111671,0.0242503,-0.112513,45.1046,35.1507,9994.21,932.749,1165.12,28.7459,-0.0265052,6.38112e+06,-0.0211971,0.989518,0.822033,132316,77884.7,4954.28,0,0,0,0.0397313,2.17744,3,-2.82256,-2,2.63547,0,0,0,0,0,0,0,0,0,0,-0.00102375,0.000167933,-0.000598626,10.7434,-3.77987,5.35022,0,0,0,0,0,0,0,0,0,0,0,0,0,0.577444,-4.40478,-1.22365,0,1.00218,-10.1167,0.577749,-4.40436,-1.22438,-3.82661,-4.98211,0,0,0,0,425002,6.38112e+06,0,0,0,0,0,0,0,0,0,0,0,0,0,0,
20.8,3.11375,180010,0.494181,28.3145,2.45984,-10.3632,2.52068,2.52001,-0.0439567,5.59723,16.3568,0.116727,0.0254539,-0.112024,45.1056,35.1522,9994.12,932.745,1165,28.7233,-0.0270242,6.38112e+06,-0.0211061,0.993407,0.821997,132276,77845.3,4954.37,0,0,0,0.039726,2.1738,3,-2.8262,-2,2.63576,0,0,0,0,0,0,0,0,0,0,-0.00102372,0.000168189,-0.000598542,10.763,-3.79066,5.35157,0,0,0,0,0,0,0,0,0,0,0,0,0,0.575217,-4.4069,-1.21835,0,1.00469,-10.0947,0.575533,-4.40669,-1.2191,-3.83116,-4.98222,0,0,0,0,425002,6.38112e+06,0,0,0,0,0,0,0,0,0,0,0,0,0,0,
21,3.11373,180010,0.49379,28.2921,2.46259,-10.3404,2.52345,2.52276,-0.0437599,5.59427,16.3632,0.121577,0.0263196,-0.111526,45.1066,35.1537,9994.04,932.74,1164.89,28.7006,-0.0270867,6.38112e+06,-0.021013,0.997037,0.821969,132237,77805.9,4954.49,0,0,0,0.0397212,2.17041,3,-2.82959,-2,2.63606,0,0,0,0,0,0,0,0,0,0,-0.00102369,0.000168447,-0.00059846,10.7828,-3.80177,5.35288,0,0,0,0,0,0,0,0,0,0,0,0,0,0.572919,-4.40758,-1.21295,0,1.00683,-10.0719,0.573244,-4.40757,-1.21371,-3.83432,-4.98081,0,0,0,0,425002,6.38112e+06,0,0,0,0,0,0,0,0,0,0,0,0,0,0,
21.2,3.11371,180010,0.493401,28.2698,2.46551,-10.3167,2.52594,2.52524,-0.0435616,5.59083,16.3697,0.126168,0.0268569,-0.111021,45.1076,35.1552,9993.95,932.736,1164.77,28.6779,-0.0267251,6.38112e+06,-0.0209184,1.00036,0.821951,132197,77766.4,4954.66,0,0,0,0.0397168,2.1673,3,-2.8327,-2,2.63636,0,0,0,0,0,0,0,0,0,0,-0.00102366,0.000168705,-0.000598381,10.8028,-3.81321,5.35415,0,0,0,0,0,0,0,0,0,0,0,0,0,0.570566,-4.40691,-1.20748,0,1.0086,-10.0481,0.570898,-4.40708,-1.20824,-3.83618,-4.97798,0,0,0,0,425002,6.38112e+06,0,0,0,0,0,0,0,0,0,0,0,0,0,0,
21.4,3.11369,180010,0.493013,28.2475,2.46853,-10.2921,2.52813,2.52743,-0.0433632,5.58688,16.3762,0.130452,0.02708,-0.110515,45.1086,35.1566,9993.86,932.731,1164.66,28.6552,-0.0259767,6.38112e+06,-0.0208233,1.00336,0.821942,132158,77727,4954.87,0,0,0,0.0397129,2.16451,3,-2.83549,-2,2.63668,0,0,0,0,0,0,0,0,0,0,-0.00102363,0.000168965,-0.000598304,10.823,-3.82497,5.35537,0,0,0,0,0,0,0,0,0,0,0,0,0,0.568177,-4.405,-1.20197,0,1.00999,-10.0235,0.568513,-4.40534,-1.20274,-3.83683,-4.97385,0,0,0,0,425002,6.38112e+06,0,0,0,0,0,0,0,0,0,0,0,0,0,0,
21.6,3.11367,180010,0.492627,28.2254,2.4716,-10.2666,2.53,2.5293,-0.0431659,5.58244,16.3828,0.134393,0.0270074,-0.11001,45.1095,35.1581,9993.78,932.726,1164.54,28.6325,-0.0248824,6.38112e+06,-0.0207282,1.00599,0.821941,132119,77687.6,4955.09,0,0,0,0.0397095,2.16206,3,-2.83794,-2,2.637,0,0,0,0,0,0,0,0,0,0,-0.0010236,0.000169226,-0.000598228,10.8433,-3.83706,5.35656,0,0,0,0,0,0,0,0,0,0,0,0,0,0.565767,-4.40196,-1.19647,0,1.01102,-9.99823,0.566105,-4.40245,-1.19724,-3.83635,-4.96856,0,0,0,0,425002,6.38112e+06,0,0,0,0,0,0,0,0,0,0,0,0,0,0,
21.8,3.11365,180010,0.492242,28.2034,2.47465,-10.2404,2.53154,2.53085,-0.0429709,5.57748,16.3894,0.137959,0.0266608,-0.109508,45.1105,35.1596,9993.71,932.721,1164.43,28.6098,-0.0234855,6.38112e+06,-0.0206338,1.00824,0.821947,132079,77648.1,4955.34,0,0,0,0.0397068,2.15996,3,-2.84004,-2,2.63733,0,0,0,0,0,0,0,0,0,0,-0.00102358,0.000169487,-0.000598155,10.8638,-3.84947,5.3577,0,0,0,0,0,0,0,0,0,0,0,0,0,0.563352,-4.39793,-1.19102,0,1.01169,-9.97224,0.563689,-4.39855,-1.19178,-3.83486,-4.96224,0,0,0,0,425002,6.38112e+06,0,0,0,0,0,0,0,0,0,0,0,0,0,0,
22,3.11363,180010,0.49186,28.1815,2.47765,-10.2135,2.53274,2.53206,-0.0427792,5.57202,16.3959,0.14113,0.026065,-0.109015,45.1115,35.1611,9993.63,932.717,1164.31,28.5871,-0.0218313,6.38112e+06,-0.0205408,1.0101,0.82196,132040,77608.7,4955.6,0,0,0,0.0397046,2.15824,3,-2.84176,-2,2.63767,0,0,0,0,0,0,0,0,0,0,-0.00102356,0.000169749,-0.000598083,10.8845,-3.86221,5.3588,0,0,0,0,0,0,0,0,0,0,0,0,0,0.560946,-4.39302,-1.18563,0,1.01201,-9.94564,0.561282,-4.39376,-1.18638,-3.83247,-4.95504,0,0,0,0,425002,6.38112e+06,0,0,0,0,0,0,0,0,0,0,0,0,0,0,
22.2,3.11361,180010,0.49148,28.1597,2.48053,-10.186,2.53361,2.53294,-0.0425916,5.56609,16.4025,0.143893,0.025247,-0.10853,45.1125,35.1625,9993.57,932.712,1164.19,28.5645,-0.0199659,6.38111e+06,-0.0204497,1.01157,0.821979,132000,77569.2,4955.87,0,0,0,0.0397029,2.15688,3,-2.84312,-2,2.63803,0,0,0,0,0,0,0,0,0,0,-0.00102353,0.000170012,-0.000598013,10.9054,-3.87527,5.35986,0,0,0,0,0,0,0,0,0,0,0,0,0,0.558564,-4.38739,-1.18034,0,1.012,-9.91851,0.558896,-4.38821,-1.18108,-3.82932,-4.94711,0,0,0,0,425002,6.38111e+06,0,0,0,0,0,0,0,0,0,0,0,0,0,0,
22.4,3.1136,180009,0.491102,28.1381,2.48327,-10.1579,2.53414,2.5335,-0.0424089,5.55968,16.4091,0.146242,0.0242353,-0.108058,45.1134,35.164,9993.51,932.708,1164.08,28.5419,-0.0179354,6.38111e+06,-0.020361,1.01265,0.822004,131961,77529.8,4956.15,0,0,0,0.0397019,2.15589,3,-2.84411,-2,2.63839,0,0,0,0,0,0,0,0,0,0,-0.00102351,0.000170275,-0.000597943,10.9264,-3.88866,5.36088,0,0,0,0,0,0,0,0,0,0,0,0,0,0.556217,-4.38116,-1.17517,0,1.01169,-9.89093,0.556543,-4.38206,-1.17589,-3.82552,-4.93861,0,0,0,0,425002,6.38111e+06,0,0,0,0,0,0,0,0,0,0,0,0,0,0,
22.6,3.11358,180009,0.490726,28.1165,2.48582,-10.1295,2.53435,2.53373,-0.0422317,5.55285,16.4157,0.148178,0.0230597,-0.107599,45.1144,35.1655,9993.45,932.704,1163.97,28.5193,-0.0157851,6.38111e+06,-0.020275,1.01335,0.822034,131921,77490.4,4956.42,0,0,0,0.0397014,2.15525,3,-2.84475,-2,2.63876,0,0,0,0,0,0,0,0,0,0,-0.00102349,0.000170539,-0.000597874,10.9477,-3.90237,5.36187,0,0,0,0,0,0,0,0,0,0,0,0,0,0.553914,-4.37448,-1.17015,0,1.0111,-9.86298,0.554234,-4.37544,-1.17084,-3.82121,-4.92967,0,0,0,0,425002,6.38111e+06,0,0,0,0,0,0,0,0,0,0,0,0,0,0,
22.8,3.11357,180009,0.490353,28.0951,2.48815,-10.1007,2.53426,2.53367,-0.0420604,5.5456,16.4223,0.149712,0.0217501,-0.107155,45.1154,35.167,9993.4,932.7,1163.85,28.4968,-0.0135589,6.38111e+06,-0.020192,1.01369,0.822067,131882,77450.9,4956.68,0,0,0,0.0397014,2.15496,3,-2.84504,-2,2.63914,0,0,0,0,0,0,0,0,0,0,-0.00102347,0.000170803,-0.000597806,10.9691,-3.91641,5.36281,0,0,0,0,0,0,0,0,0,0,0,0,0,0.551666,-4.36748,-1.16527,0,1.01027,-9.83474,0.551977,-4.36848,-1.16594,-3.8165,-4.92046,0,0,0,0,425002,6.38111e+06,0,0,0,0,0,0,0,0,0,0,0,0,0,0,
23,3.11355,180008,0.489982,28.0739,2.49024,-10.0716,2.53388,2.53332,-0.0418954,5.53799,16.4289,0.150857,0.0203365,-0.106727,45.1164,35.1684,9993.37,932.697,1163.74,28.4744,-0.0112989,6.38111e+06,-0.0201123,1.01369,0.822103,131842,77411.5,4956.93,0,0,0,0.0397019,2.15499,3,-2.84501,-2,2.63953,0,0,0,0,0,0,0,0,0,0,-0.00102345,0.000171067,-0.000597738,10.9906,-3.93077,5.36371,0,0,0,0,0,0,0,0,0,0,0,0,0,0.549478,-4.3603,-1.16056,0,1.00922,-9.80627,0.54978,-4.36131,-1.16121,-3.81153,-4.91109,0,0,0,0,425002,6.38111e+06,0,0,0,0,0,0,0,0,0,0,0,0,0,0,
23.2,3.11354,180008,0.489613,28.0527,2.49207,-10.0423,2.53324,2.53271,-0.0417367,5.53005,16.4354,0.151636,0.0188485,-0.106316,45.1173,35.1699,9993.33,932.694,1163.63,28.452,-0.00904415,6.38111e+06,-0.020036,1.01336,0.822142,131803,77372,4957.16,0,0,0,0.0397029,2.15532,3,-2.84468,-2,2.63992,0,0,0,0,0,0,0,0,0,0,-0.00102344,0.000171331,-0.00059767,11.0124,-3.94546,5.36458,0,0,0,0,0,0,0,0,0,0,0,0,0,0.547356,-4.35304,-1.15603,0,1.00798,-9.77765,0.547649,-4.35406,-1.15665,-3.80641,-4.90171,0,0,0,0,425002,6.38111e+06,0,0,0,0,0,0,0,0,0,0,0,0,0,0,
23.4,3.11353,180007,0.489246,28.0318,2.49362,-10.0128,2.53236,2.53186,-0.0415843,5.52181,16.4419,0.152072,0.0173143,-0.105921,45.1183,35.1714,9993.31,932.691,1163.51,28.4298,-0.00683106,6.38111e+06,-0.0199632,1.01275,0.822182,131764,77332.6,4957.38,0,0,0,0.0397043,2.15593,3,-2.84407,-2,2.64032,0,0,0,0,0,0,0,0,0,0,-0.00102342,0.000171596,-0.000597602,11.0343,-3.96048,5.36541,0,0,0,0,0,0,0,0,0,0,0,0,0,0.545303,-4.34583,-1.15167,0,1.00659,-9.74895,0.545586,-4.34683,-1.15227,-3.80125,-4.89242,0,0,0,0,425002,6.38111e+06,0,0,0,0,0,0,0,0,0,0,0,0,0,0,
23.6,3.11352,180007,0.488882,28.0109,2.4949,-9.98336,2.53127,2.53079,-0.0414382,5.51332,16.4484,0.152196,0.015761,-0.105543,45.1193,35.1729,9993.29,932.689,1163.4,28.4076,-0.00469243,6.38111e+06,-0.0198939,1.01187,0.822222,131724,77293.1,4957.57,0,0,0,0.0397061,2.15678,3,-2.84322,-2,2.64073,0,0,0,0,0,0,0,0,0,0,-0.0010234,0.000171861,-0.000597534,11.0564,-3.97582,5.3662,0,0,0,0,0,0,0,0,0,0,0,0,0,0.543321,-4.33877,-1.14748,0,1.00508,-9.72021,0.543594,-4.33975,-1.14806,-3.79615,-4.88334,0,0,0,0,425002,6.38111e+06,0,0,0,0,0,0,0,0,0,0,0,0,0,0,
23.8,3.11352,180006,0.48852,27.9901,2.4959,-9.95386,2.53,2.52955,-0.0412981,5.50462,16.4549,0.152041,0.014214,-0.105181,45.1203,35.1743,9993.28,932.687,1163.29,28.3855,-0.0026574,6.38111e+06,-0.019828,1.01077,0.822263,131685,77253.7,4957.74,0,0,0,0.0397082,2.15785,3,-2.84215,-2,2.64115,0,0,0,0,0,0,0,0,0,0,-0.00102339,0.000172125,-0.000597466,11.0787,-3.99149,5.36695,0,0,0,0,0,0,0,0,0,0,0,0,0,0.541412,-4.33196,-1.14347,0,1.00349,-9.6915,0.541675,-4.33289,-1.14402,-3.79122,-4.87457,0,0,0,0,425002,6.38111e+06,0,0,0,0,0,0,0,0,0,0,0,0,0,0,
24,3.11351,180006,0.48816,27.9695,2.49661,-9.92442,2.52857,2.52815,-0.0411638,5.49574,16.4613,0.151642,0.0126964,-0.104834,45.1212,35.1758,9993.28,932.686,1163.18,28.3635,-0.000751203,6.38111e+06,-0.0197653,1.00948,0.822303,131645,77214.2,4957.89,0,0,0,0.0397106,2.1591,3,-2.8409,-2,2.64157,0,0,0,0,0,0,0,0,0,0,-0.00102337,0.00017239,-0.000597397,11.1012,-4.00748,5.36766,0,0,0,0,0,0,0,0,0,0,0,0,0,0.539572,-4.32547,-1.13962,0,1.00184,-9.66286,0.539826,-4.32636,-1.14015,-3.78653,-4.86618,0,0,0,0,425002,6.38111e+06,0,0,0,0,0,0,0,0,0,0,0,0,0,0,
24.2,3.11351,180006,0.487803,27.949,2.49706,-9.89507,2.52702,2.52663,-0.0410347,5.48674,16.4677,0.151037,0.0112294,-0.104502,45.1222,35.1773,9993.28,932.685,1163.08,28.3416,0.00100495,6.38111e+06,-0.0197058,1.00802,0.822342,131606,77174.8,4958.01,0,0,0,0.0397132,2.1605,3,-2.8395,-2,2.64199,0,0,0,0,0,0,0,0,0,0,-0.00102336,0.000172654,-0.000597327,11.1238,-4.02379,5.36833,0,0,0,0,0,0,0,0,0,0,0,0,0,0.537801,-4.31938,-1.13592,0,1.00016,-9.63433,0.538045,-4.32021,-1.13643,-3.78216,-4.85825,0,0,0,0,425002,6.38111e+06,0,0,0,0,0,0,0,0,0,0,0,0,0,0,
24.4,3.11351,180005,0.487447,27.9286,2.49724,-9.86585,2.52537,2.52501,-0.0409104,5.47764,16.474,0.150264,0.00983136,-0.104183,45.1232,35.1788,9993.28,932.685,1162.97,28.3198,0.00259394,6.38111e+06,-0.0196491,1.00644,0.822379,131566,77135.3,4958.1,0,0,0,0.039716,2.16202,3,-2.83798,-2,2.64242,0,0,0,0,0,0,0,0,0,0,-0.00102334,0.000172918,-0.000597257,11.1466,-4.04043,5.36897,0,0,0,0,0,0,0,0,0,0,0,0,0,0.536095,-4.31375,-1.13236,0,0.998483,-9.60594,0.53633,-4.31451,-1.13285,-3.77818,-4.85084,0,0,0,0,425002,6.38111e+06,0,0,0,0,0,0,0,0,0,0,0,0,0,0,
24.6,3.11351,180005,0.487093,27.9084,2.49718,-9.83679,2.52366,2.52333,-0.0407903,5.46848,16.4803,0.149363,0.00851848,-0.103876,45.1242,35.1802,9993.3,932.684,1162.86,28.298,0.00400266,6.38111e+06,-0.0195949,1.00477,0.822414,131527,77095.9,4958.17,0,0,0,0.0397189,2.16362,3,-2.83638,-2,2.64284,0,0,0,0,0,0,0,0,0,0,-0.00102333,0.000173182,-0.000597187,11.1696,-4.05739,5.36957,0,0,0,0,0,0,0,0,0,0,0,0,0,0.534449,-4.30863,-1.12893,0,0.996837,-9.57771,0.534676,-4.30931,-1.12941,-3.77464,-4.84399,0,0,0,0,425002,6.38111e+06,0,0,0,0,0,0,0,0,0,0,0,0,0,0,
24.8,3.11351,180004,0.486741,27.8882,2.49688,-9.80792,2.52192,2.5216,-0.0406739,5.45929,16.4866,0.148373,0.00730415,-0.10358,45.1251,35.1817,9993.31,932.684,1162.75,28.2764,0.00522199,6.38111e+06,-0.0195431,1.00304,0.822447,131487,77056.4,4958.22,0,0,0,0.0397218,2.16528,3,-2.83472,-2,2.64327,0,0,0,0,0,0,0,0,0,0,-0.00102331,0.000173446,-0.000597115,11.1928,-4.07468,5.37013,0,0,0,0,0,0,0,0,0,0,0,0,0,0.532858,-4.30404,-1.12562,0,0.995241,-9.54967,0.533077,-4.30465,-1.12608,-3.77157,-4.83773,0,0,0,0,425002,6.38111e+06,0,0,0,0,0,0,0,0,0,0,0,0,0,0,
25,3.11351,180004,0.48639,27.8681,2.49638,-9.77924,2.52016,2.51987,-0.0405604,5.45011,16.4928,0.147332,0.00619913,-0.103292,45.1261,35.1832,9993.33,932.685,1162.65,28.2549,0.00624664,6.38111e+06,-0.0194931,1.00128,0.822476,131448,77017,4958.23,0,0,0,0.0397248,2.16697,3,-2.83303,-2,2.6437,0,0,0,0,0,0,0,0,0,0,-0.0010233,0.000173709,-0.000597043,11.2161,-4.09228,5.37065,0,0,0,0,0,0,0,0,0,0,0,0,0,0.531315,-4.30002,-1.12239,0,0.993718,-9.52181,0.531528,-4.30055,-1.12284,-3.76902,-4.83208,0,0,0,0,425002,6.38111e+06,0,0,0,0,0,0,0,0,0,0,0,0,0,0,
25.2,3.11351,180004,0.486041,27.8481,2.49569,-9.75077,2.51841,2.51814,-0.0404492,5.44096,16.499,0.146278,0.00521158,-0.103011,45.1271,35.1847,9993.36,932.685,1162.54,28.2335,0.00707489,6.38111e+06,-0.0194448,0.999526,0.822503,131408,76977.5,4958.23,0,0,0,0.0397278,2.16866,3,-2.83134,-2,2.64413,0,0,0,0,0,0,0,0,0,0,-0.00102328,0.000173972,-0.000596971,11.2396,-4.11021,5.37113,0,0,0,0,0,0,0,0,0,0,0,0,0,0.529814,-4.29658,-1.11924,0,0.992285,-9.49415,0.530022,-4.29702,-1.11968,-3.767,-4.82705,0,0,0,0,425002,6.38111e+06,0,0,0,0,0,0,0,0,0,0,0,0,0,0,
25.4,3.11352,180004,0.485694,27.8282,2.49484,-9.72251,2.5167,2.51645,-0.0403396,5.43186,16.5051,0.145245,0.0043471,-0.102735,45.128,35.1862,9993.38,932.686,1162.44,28.2122,0.00770843,6.38111e+06,-0.0193976,0.997801,0.822526,131369,76938,4958.2,0,0,0,0.0397308,2.17032,3,-2.82968,-2,2.64456,0,0,0,0,0,0,0,0,0,0,-0.00102327,0.000174235,-0.000596897,11.2633,-4.12847,5.37158,0,0,0,0,0,0,0,0,0,0,0,0,0,0.528347,-4.29371,-1.11615,0,0.990958,-9.46667,0.528551,-4.29408,-1.11658,-3.76553,-4.82263,0,0,0,0,425002,6.38111e+06,0,0,0,0,0,0,0,0,0,0,0,0,0,0,
25.6,3.11352,180004,0.485348,27.8084,2.49384,-9.69445,2.51505,2.51481,-0.040231,5.42283,16.5112,0.144269,0.00360881,-0.102462,45.129,35.1876,9993.41,932.687,1162.34,28.191,0.00815202,6.38111e+06,-0.0193512,0.996132,0.822546,131330,76898.6,4958.15,0,0,0,0.0397336,2.17192,3,-2.82808,-2,2.64499,0,0,0,0,0,0,0,0,0,0,-0.00102325,0.000174498,-0.000596823,11.2872,-4.14704,5.37199,0,0,0,0,0,0,0,0,0,0,0,0,0,0.526908,-4.29142,-1.1131,0,0.989749,-9.43937,0.527108,-4.29171,-1.11352,-3.7646,-4.81882,0,0,0,0,425002,6.38111e+06,0,0,0,0,0,0,0,0,0,0,0,0,0,0,
25.8,3.11353,180003,0.485003,27.7886,2.49273,-9.66657,2.51346,2.51324,-0.0401225,5.41389,16.5173,0.143378,0.00299752,-0.102191,45.13,35.1891,9993.44,932.689,1162.23,28.1699,0.00841321,6.38111e+06,-0.0193053,0.994538,0.822563,131290,76859.2,4958.08,0,0,0,0.0397364,2.17346,3,-2.82654,-2,2.64541,0,0,0,0,0,0,0,0,0,0,-0.00102324,0.000174761,-0.000596749,11.3112,-4.16594,5.37236,0,0,0,0,0,0,0,0,0,0,0,0,0,0.525488,-4.28969,-1.11006,0,0.988667,-9.41223,0.525686,-4.2899,-1.11049,-3.76421,-4.81558,0,0,0,0,425002,6.38111e+06,0,0,0,0,0,0,0,0,0,0,0,0,0,0,
26,3.11353,180003,0.48466,27.7689,2.49153,-9.63885,2.51197,2.51175,-0.0400137,5.40504,16.5234,0.142603,0.00251187,-0.10192,45.1309,35.1906,9993.46,932.69,1162.13,28.1489,0.00850197,6.3811e+06,-0.0192595,0.99304,0.822576,131251,76819.7,4958,0,0,0,0.039739,2.17491,3,-2.82509,-2,2.64584,0,0,0,0,0,0,0,0,0,0,-0.00102322,0.000175024,-0.000596674,11.3355,-4.18516,5.37269,0,0,0,0,0,0,0,0,0,0,0,0,0,0.52408,-4.28848,-1.10703,0,0.987718,-9.38523,0.524277,-4.28862,-1.10745,-3.76435,-4.8129,0,0,0,0,425002,6.3811e+06,0,0,0,0,0,0,0,0,0,0,0,0,0,0,
26.2,3.11354,180003,0.484317,27.7493,2.49027,-9.61127,2.51058,2.51037,-0.0399037,5.3963,16.5294,0.141969,0.00214851,-0.101646,45.1319,35.1921,9993.49,932.692,1162.03,28.128,0.00843039,6.3811e+06,-0.0192133,0.991652,0.822586,131211,76780.3,4957.9,0,0,0,0.0397414,2.17625,3,-2.82375,-2,2.64626,0,0,0,0,0,0,0,0,0,0,-0.00102321,0.000175286,-0.000596599,11.3599,-4.20469,5.37298,0,0,0,0,0,0,0,0,0,0,0,0,0,0.522675,-4.28778,-1.10397,0,0.986907,-9.35833,0.522872,-4.28785,-1.1044,-3.76498,-4.81072,0,0,0,0,425002,6.3811e+06,0,0,0,0,0,0,0,0,0,0,0,0,0,0,
26.4,3.11355,180003,0.483976,27.7298,2.48896,-9.58381,2.50929,2.50909,-0.039792,5.38766,16.5354,0.141497,0.00190233,-0.101369,45.1328,35.1936,9993.52,932.693,1161.93,28.1071,0.00821229,6.3811e+06,-0.0191665,0.990389,0.822592,131172,76740.8,4957.79,0,0,0,0.0397437,2.17747,3,-2.82253,-2,2.64668,0,0,0,0,0,0,0,0,0,0,-0.00102319,0.000175548,-0.000596523,11.3845,-4.22455,5.37324,0,0,0,0,0,0,0,0,0,0,0,0,0,0.521267,-4.28755,-1.10088,0,0.986235,-9.33152,0.521464,-4.28755,-1.10132,-3.76609,-4.80902,0,0,0,0,425002,6.3811e+06,0,0,0,0,0,0,0,0,0,0,0,0,0,0,
26.6,3.11355,180003,0.483636,27.7103,2.48763,-9.55641,2.50813,2.50793,-0.0396781,5.37914,16.5413,0.141208,0.00176663,-0.101086,45.1338,35.195,9993.55,932.695,1161.83,28.0864,0.00786287,6.3811e+06,-0.0191186,0.98926,0.822596,131132,76701.4,4957.67,0,0,0,0.0397457,2.17857,3,-2.82143,-2,2.64709,0,0,0,0,0,0,0,0,0,0,-0.00102318,0.000175811,-0.000596448,11.4093,-4.24473,5.37345,0,0,0,0,0,0,0,0,0,0,0,0,0,0.519847,-4.28773,-1.09774,0,0.985701,-9.30474,0.520047,-4.28768,-1.09818,-3.76763,-4.80773,0,0,0,0,425002,6.3811e+06,0,0,0,0,0,0,0,0,0,0,0,0,0,0,
26.8,3.11356,180003,0.483297,27.6909,2.4863,-9.52906,2.50709,2.50688,-0.0395613,5.37072,16.5473,0.141116,0.00173341,-0.100797,45.1348,35.1965,9993.57,932.696,1161.72,28.0657,0.00739837,6.3811e+06,-0.0190695,0.988271,0.822596,131093,76661.9,4957.54,0,0,0,0.0397475,2.17954,3,-2.82046,-2,2.6475,0,0,0,0,0,0,0,0,0,0,-0.00102316,0.000176073,-0.000596372,11.4342,-4.26523,5.37363,0,0,0,0,0,0,0,0,0,0,0,0,0,0.518409,-4.28829,-1.09452,0,0.985302,-9.27798,0.518611,-4.28819,-1.09498,-3.76958,-4.8068,0,0,0,0,425002,6.3811e+06,0,0,0,0,0,0,0,0,0,0,0,0,0,0,
27,3.11356,180003,0.482958,27.6715,2.485,-9.5017,2.50617,2.50597,-0.0394412,5.36239,16.5532,0.141234,0.00179354,-0.100499,45.1357,35.198,9993.6,932.698,1161.62,28.0451,0.00683569,6.3811e+06,-0.0190188,0.987427,0.822595,131053,76622.5,4957.4,0,0,0,0.0397492,2.18037,3,-2.81963,-2,2.64791,0,0,0,0,0,0,0,0,0,0,-0.00102315,0.000176335,-0.000596296,11.4594,-4.28604,5.37377,0,0,0,0,0,0,0,0,0,0,0,0,0,0.516946,-4.28918,-1.09123,0,0.985031,-9.25117,0.517152,-4.28903,-1.09169,-3.77188,-4.80619,0,0,0,0,425002,6.3811e+06,0,0,0,0,0,0,0,0,0,0,0,0,0,0,
27.2,3.11357,180003,0.482621,27.6522,2.48373,-9.4743,2.50537,2.50517,-0.0393174,5.35415,16.5592,0.141571,0.00193703,-0.100192,45.1367,35.1995,9993.62,932.699,1161.52,28.0246,0.00619209,6.3811e+06,-0.0189663,0.98673,0.82259,131014,76583,4957.27,0,0,0,0.0397506,2.18106,3,-2.81894,-2,2.64831,0,0,0,0,0,0,0,0,0,0,-0.00102313,0.000176598,-0.000596221,11.4847,-4.30718,5.37388,0,0,0,0,0,0,0,0,0,0,0,0,0,0.515451,-4.29034,-1.08783,0,0.984883,-9.22429,0.515663,-4.29016,-1.08831,-3.7745,-4.80583,0,0,0,0,425002,6.3811e+06,0,0,0,0,0,0,0,0,0,0,0,0,0,0,
27.4,3.11358,180003,0.482285,27.6329,2.48252,-9.4468,2.5047,2.5045,-0.0391895,5.34599,16.5651,0.142133,0.00215325,-0.0998746,45.1377,35.201,9993.64,932.701,1161.42,28.0041,0.00548486,6.3811e+06,-0.0189116,0.986177,0.822584,130975,76543.6,4957.13,0,0,0,0.0397518,2.18162,3,-2.81838,-2,2.64872,0,0,0,0,0,0,0,0,0,0,-0.00102312,0.00017686,-0.000596146,11.5102,-4.32863,5.37394,0,0,0,0,0,0,0,0,0,0,0,0,0,0.51392,-4.29173,-1.08433,0,0.984848,-9.19729,0.514137,-4.29153,-1.08483,-3.77739,-4.80566,0,0,0,0,425002,6.3811e+06,0,0,0,0,0,0,0,0,0,0,0,0,0,0,
27.6,3.11358,180004,0.481949,27.6137,2.48138,-9.41917,2.50415,2.50394,-0.039057,5.33789,16.571,0.142923,0.00243116,-0.0995456,45.1386,35.2025,9993.66,932.702,1161.32,27.9838,0.00473107,6.3811e+06,-0.0188546,0.985765,0.822576,130935,76504.2,4956.99,0,0,0,0.0397528,2.18204,3,-2.81796,-2,2.64911,0,0,0,0,0,0,0,0,0,0,-0.0010231,0.000177123,-0.000596072,11.5358,-4.3504,5.37397,0,0,0,0,0,0,0,0,0,0,0,0,0,0.512346,-4.2933,-1.08071,0,0.984917,-9.17012,0.512569,-4.29307,-1.08122,-3.7805,-4.80564,0,0,0,0,425002,6.3811e+06,0,0,0,0,0,0,0,0,0,0,0,0,0,0,
27.8,3.11359,180004,0.481615,27.5945,2.48031,-9.39136,2.50372,2.5035,-0.0389198,5.32984,16.5769,0.14394,0.00275951,-0.0992042,45.1396,35.2039,9993.67,932.703,1161.22,27.9635,0.00394723,6.3811e+06,-0.0187952,0.98549,0.822566,130896,76464.7,4956.85,0,0,0,0.0397536,2.18234,3,-2.81766,-2,2.64951,0,0,0,0,0,0,0,0,0,0,-0.00102309,0.000177386,-0.000595998,11.5617,-4.3725,5.37396,0,0,0,0,0,0,0,0,0,0,0,0,0,0.510725,-4.29498,-1.07696,0,0.985079,-9.14275,0.510955,-4.29474,-1.07749,-3.78379,-4.8057,0,0,0,0,425002,6.3811e+06,0,0,0,0,0,0,0,0,0,0,0,0,0,0,
28,3.11359,180004,0.481282,27.5754,2.47934,-9.36332,2.50338,2.50316,-0.0387777,5.32181,16.5828,0.145181,0.00312705,-0.0988498,45.1405,35.2054,9993.69,932.704,1161.13,27.9433,0.00314915,6.3811e+06,-0.0187331,0.985342,0.822555,130856,76425.3,4956.72,0,0,0,0.0397542,2.18252,3,-2.81748,-2,2.6499,0,0,0,0,0,0,0,0,0,0,-0.00102307,0.000177649,-0.000595924,11.5877,-4.3949,5.37392,0,0,0,0,0,0,0,0,0,0,0,0,0,0.509054,-4.29675,-1.07307,0,0.985322,-9.11512,0.509291,-4.2965,-1.07362,-3.78721,-4.80579,0,0,0,0,425002,6.3811e+06,0,0,0,0,0,0,0,0,0,0,0,0,0,0,
28.2,3.11359,180004,0.480949,27.5564,2.47846,-9.33502,2.50315,2.50292,-0.0386304,5.3138,16.5887,0.14664,0.00352271,-0.0984819,45.1415,35.2069,9993.7,932.705,1161.03,27.9231,0.00235166,6.3811e+06,-0.0186684,0.985314,0.822543,130817,76385.8,4956.59,0,0,0,0.0397546,2.18258,3,-2.81742,-2,2.65029,0,0,0,0,0,0,0,0,0,0,-0.00102306,0.000177913,-0.000595852,11.614,-4.41763,5.37384,0,0,0,0,0,0,0,0,0,0,0,0,0,0.507328,-4.29854,-1.06905,0,0.985635,-9.0872,0.507573,-4.29829,-1.06962,-3.79071,-4.80586,0,0,0,0,425002,6.3811e+06,0,0,0,0,0,0,0,0,0,0,0,0,0,0,
28.4,3.1136,180004,0.480618,27.5374,2.47769,-9.30639,2.50301,2.50276,-0.0384779,5.30577,16.5946,0.148309,0.00393578,-0.0981002,45.1425,35.2084,9993.71,932.706,1160.93,27.903,0.00156847,6.3811e+06,-0.0186007,0.985395,0.822531,130777,76346.4,4956.47,0,0,0,0.0397549,2.18254,3,-2.81746,-2,2.65068,0,0,0,0,0,0,0,0,0,0,-0.00102305,0.000178177,-0.000595781,11.6404,-4.44067,5.37372,0,0,0,0,0,0,0,0,0,0,0,0,0,0.505545,-4.30031,-1.06488,0,0.986004,-9.05895,0.505798,-4.30007,-1.06547,-3.79427,-4.80587,0,0,0,0,425002,6.3811e+06,0,0,0,0,0,0,0,0,0,0,0,0,0,0,
28.6,3.1136,180004,0.480287,27.5184,2.47702,-9.27742,2.50294,2.50269,-0.03832,5.29771,16.6005,0.150178,0.00435605,-0.0977042,45.1434,35.2099,9993.71,932.707,1160.83,27.883,0.000812037,6.3811e+06,-0.0185303,0.985574,0.822518,130738,76307,4956.35,0,0,0,0.039755,2.1824,3,-2.8176,-2,2.65106,0,0,0,0,0,0,0,0,0,0,-0.00102303,0.000178441,-0.00059571,11.6669,-4.46403,5.37356,0,0,0,0,0,0,0,0,0,0,0,0,0,0.503703,-4.30203,-1.06056,0,0.986419,-9.03033,0.503964,-4.3018,-1.06117,-3.79783,-4.80576,0,0,0,0,425002,6.3811e+06,0,0,0,0,0,0,0,0,0,0,0,0,0,0,
28.8,3.1136,180004,0.479958,27.4996,2.47645,-9.24805,2.50294,2.50269,-0.0381568,5.2896,16.6064,0.152236,0.00477395,-0.0972941,45.1444,35.2113,9993.71,932.707,1160.73,27.863,9.34165e-05,6.3811e+06,-0.0184569,0.985838,0.822505,130699,76267.5,4956.25,0,0,0,0.039755,2.18219,3,-2.81781,-2,2.65144,0,0,0,0,0,0,0,0,0,0,-0.00102302,0.000178706,-0.000595641,11.6937,-4.48771,5.37337,0,0,0,0,0,0,0,0,0,0,0,0,0,0.501799,-4.30366,-1.05609,0,0.986865,-9.0013,0.502069,-4.30344,-1.05673,-3.80137,-4.80551,0,0,0,0,425002,6.3811e+06,0,0,0,0,0,0,0,0,0,0,0,0,0,0,
29,3.1136,180005,0.47963,27.4808,2.47599,-9.21824,2.503,2.50274,-0.0379882,5.28142,16.6123,0.154468,0.00518064,-0.0968696,45.1453,35.2128,9993.71,932.708,1160.63,27.8431,-0.000577778,6.3811e+06,-0.0183806,0.986174,0.822493,130659,76228.1,4956.15,0,0,0,0.039755,2.18191,3,-2.81809,-2,2.65182,0,0,0,0,0,0,0,0,0,0,-0.00102301,0.000178971,-0.000595573,11.7207,-4.5117,5.37314,0,0,0,0,0,0,0,0,0,0,0,0,0,0.499834,-4.30517,-1.05148,0,0.987333,-8.97183,0.500113,-4.30497,-1.05213,-3.80485,-4.80508,0,0,0,0,425002,6.3811e+06,0,0,0,0,0,0,0,0,0,0,0,0,0,0,
29.2,3.1136,180005,0.479303,27.4621,2.47563,-9.18798,2.50311,2.50284,-0.0378145,5.27314,16.6182,0.156862,0.00556812,-0.0964311,45.1463,35.2143,9993.71,932.708,1160.53,27.8232,-0.00119344,6.3811e+06,-0.0183014,0.986571,0.822481,130620,76188.7,4956.06,0,0,0,0.0397548,2.18157,3,-2.81843,-2,2.6522,0,0,0,0,0,0,0,0,0,0,-0.001023,0.000179237,-0.000595506,11.7478,-4.53601,5.37288,0,0,0,0,0,0,0,0,0,0,0,0,0,0.497807,-4.30652,-1.04671,0,0.98781,-8.94189,0.498094,-4.30634,-1.04739,-3.80825,-4.80444,0,0,0,0,425002,6.3811e+06,0,0,0,0,0,0,0,0,0,0,0,0,0,0,
29.4,3.1136,180005,0.478978,27.4434,2.47537,-9.15722,2.50325,2.50297,-0.0376356,5.26476,16.6242,0.159401,0.0059293,-0.0959787,45.1472,35.2158,9993.71,932.708,1160.43,27.8035,-0.001747,6.3811e+06,-0.0182194,0.987014,0.822469,130580,76149.2,4955.98,0,0,0,0.0397546,2.18119,3,-2.81881,-2,2.65258,0,0,0,0,0,0,0,0,0,0,-0.00102299,0.000179504,-0.00059544,11.7751,-4.56064,5.37258,0,0,0,0,0,0,0,0,0,0,0,0,0,0.495717,-4.3077,-1.0418,0,0.988286,-8.91144,0.496013,-4.30755,-1.0425,-3.81153,-4.80356,0,0,0,0,425002,6.3811e+06,0,0,0,0,0,0,0,0,0,0,0,0,0,0,
29.6,3.1136,180005,0.478654,27.4248,2.47521,-9.12593,2.50341,2.50313,-0.0374516,5.25625,16.6301,0.162069,0.00625804,-0.0955126,45.1482,35.2173,9993.7,932.708,1160.34,27.7838,-0.00223341,6.3811e+06,-0.0181346,0.987492,0.822458,130541,76109.8,4955.92,0,0,0,0.0397543,2.18077,3,-2.81923,-2,2.65296,0,0,0,0,0,0,0,0,0,0,-0.00102298,0.000179771,-0.000595376,11.8026,-4.58558,5.37225,0,0,0,0,0,0,0,0,0,0,0,0,0,0.493566,-4.30869,-1.03675,0,0.988752,-8.88047,0.493871,-4.30856,-1.03747,-3.81469,-4.80243,0,0,0,0,425002,6.3811e+06,0,0,0,0,0,0,0,0,0,0,0,0,0,0,
29.8,3.1136,180005,0.478331,27.4063,2.47513,-9.0941,2.50359,2.5033,-0.0372629,5.24759,16.6361,0.164852,0.00654916,-0.0950334,45.1491,35.2188,9993.7,932.708,1160.24,27.7641,-0.00264909,6.3811e+06,-0.0180471,0.987991,0.822448,130501,76070.4,4955.86,0,0,0,0.039754,2.18033,3,-2.81967,-2,2.65334,0,0,0,0,0,0,0,0,0,0,-0.00102297,0.000180039,-0.000595314,11.8302,-4.61084,5.37188,0,0,0,0,0,0,0,0,0,0,0,0,0,0.491354,-4.30946,-1.03156,0,0.989197,-8.84896,0.491667,-4.30937,-1.03229,-3.8177,-4.80104,0,0,0,0,425002,6.3811e+06,0,0,0,0,0,0,0,0,0,0,0,0,0,0,
30,3.1136,180005,0.47801,27.3879,2.47513,-9.06169,2.50377,2.50348,-0.0370694,5.23876,16.642,0.167733,0.00679852,-0.0945415,45.1501,35.2203,9993.69,932.708,1160.14,27.7445,-0.00299193,6.38109e+06,-0.017957,0.9885,0.82244,130462,76030.9,4955.81,0,0,0,0.0397537,2.17989,3,-2.82011,-2,2.65372,0,0,0,0,0,0,0,0,0,0,-0.00102296,0.000180307,-0.000595252,11.8581,-4.63641,5.37148,0,0,0,0,0,0,0,0,0,0,0,0,0,0.489083,-4.31002,-1.02623,0,0.989615,-8.81688,0.489404,-4.30996,-1.02699,-3.82056,-4.79936,0,0,0,0,425002,6.38109e+06,0,0,0,0,0,0,0,0,0,0,0,0,0,0,
30.2,3.1136,180005,0.47769,27.3696,2.4752,-9.0287,2.50395,2.50366,-0.0368715,5.22976,16.648,0.170697,0.00700291,-0.0940373,45.151,35.2217,9993.68,932.708,1160.04,27.725,-0.00326116,6.38109e+06,-0.0178645,0.989008,0.822432,130423,75991.5,4955.77,0,0,0,0.0397534,2.17944,3,-2.82056,-2,2.6541,0,0,0,0,0,0,0,0,0,0,-0.00102296,0.000180576,-0.000595193,11.8861,-4.6623,5.37104,0,0,0,0,0,0,0,0,0,0,0,0,0,0.486755,-4.31036,-1.02078,0,0.989998,-8.78422,0.487084,-4.31033,-1.02155,-3.82324,-4.79741,0,0,0,0,425002,6.38109e+06,0,0,0,0,0,0,0,0,0,0,0,0,0,0,
30.4,3.1136,180005,0.477372,27.3514,2.47534,-8.99511,2.50411,2.50382,-0.0366694,5.22057,16.654,0.173729,0.00716012,-0.0935215,45.152,35.2232,9993.67,932.707,1159.95,27.7056,-0.0034573,6.38109e+06,-0.0177695,0.989504,0.822426,130383,75952.1,4955.74,0,0,0,0.0397531,2.17901,3,-2.82099,-2,2.65448,0,0,0,0,0,0,0,0,0,0,-0.00102295,0.000180845,-0.000595134,11.9143,-4.68851,5.37057,0,0,0,0,0,0,0,0,0,0,0,0,0,0.48437,-4.31048,-1.0152,0,0.99034,-8.75097,0.484707,-4.31047,-1.01599,-3.82577,-4.79518,0,0,0,0,425002,6.38109e+06,0,0,0,0,0,0,0,0,0,0,0,0,0,0,
30.6,3.1136,180005,0.477056,27.3333,2.47553,-8.9609,2.50426,2.50396,-0.0364631,5.21118,16.66,0.176817,0.00726886,-0.0929945,45.1529,35.2247,9993.66,932.707,1159.85,27.6862,-0.00358203,6.38109e+06,-0.0176723,0.98998,0.822421,130344,75912.6,4955.71,0,0,0,0.0397528,2.1786,3,-2.8214,-2,2.65486,0,0,0,0,0,0,0,0,0,0,-0.00102295,0.000181116,-0.000595078,11.9427,-4.71503,5.37007,0,0,0,0,0,0,0,0,0,0,0,0,0,0.481933,-4.31037,-1.00951,0,0.990638,-8.71711,0.482277,-4.31039,-1.01031,-3.82812,-4.79267,0,0,0,0,425002,6.38109e+06,0,0,0,0,0,0,0,0,0,0,0,0,0,0,
30.8,3.1136,180005,0.476741,27.3153,2.47577,-8.92607,2.50437,2.50407,-0.0362531,5.20157,16.666,0.179946,0.0073287,-0.0924569,45.1539,35.2262,9993.65,932.706,1159.75,27.6669,-0.00363809,6.38109e+06,-0.0175729,0.990426,0.822417,130304,75873.2,4955.69,0,0,0,0.0397526,2.17821,3,-2.82179,-2,2.65524,0,0,0,0,0,0,0,0,0,0,-0.00102294,0.000181386,-0.000595023,11.9712,-4.74186,5.36953,0,0,0,0,0,0,0,0,0,0,0,0,0,0.479444,-4.31004,-1.0037,0,0.990886,-8.68263,0.479796,-4.3101,-1.00452,-3.8303,-4.78989,0,0,0,0,425002,6.38109e+06,0,0,0,0,0,0,0,0,0,0,0,0,0,0,
31,3.11359,180006,0.476428,27.2973,2.47604,-8.8906,2.50445,2.50415,-0.0360394,5.19174,16.672,0.183106,0.00734006,-0.0919093,45.1548,35.2277,9993.64,932.706,1159.66,27.6477,-0.00362916,6.38109e+06,-0.0174715,0.990835,0.822414,130265,75833.8,4955.68,0,0,0,0.0397525,2.17786,3,-2.82214,-2,2.65562,0,0,0,0,0,0,0,0,0,0,-0.00102294,0.000181658,-0.000594969,12,-4.76902,5.36897,0,0,0,0,0,0,0,0,0,0,0,0,0,0.476907,-4.30951,-0.997794,0,0.991084,-8.64754,0.477265,-4.30959,-0.998627,-3.83233,-4.78686,0,0,0,0,425002,6.38109e+06,0,0,0,0,0,0,0,0,0,0,0,0,0,0,
31.2,3.11359,180006,0.476118,27.2795,2.47634,-8.85449,2.50449,2.5042,-0.0358222,5.18169,16.6781,0.186289,0.00730408,-0.0913522,45.1558,35.2292,9993.63,932.705,1159.56,27.6285,-0.00355969,6.38109e+06,-0.0173681,0.991202,0.822413,130225,75794.3,4955.68,0,0,0,0.0397524,2.17754,3,-2.82246,-2,2.656,0,0,0,0,0,0,0,0,0,0,-0.00102294,0.00018193,-0.000594918,12.0289,-4.79648,5.36837,0,0,0,0,0,0,0,0,0,0,0,0,0,0.474324,-4.30877,-0.991783,0,0.991228,-8.61182,0.474688,-4.30889,-0.992631,-3.8342,-4.78358,0,0,0,0,425002,6.38109e+06,0,0,0,0,0,0,0,0,0,0,0,0,0,0,
31.4,3.11359,180006,0.475809,27.2618,2.47665,-8.81774,2.50449,2.5042,-0.0356018,5.1714,16.6841,0.189485,0.00722258,-0.0907861,45.1567,35.2307,9993.62,932.705,1159.46,27.6095,-0.00343482,6.38109e+06,-0.017263,0.991522,0.822413,130186,75754.9,4955.68,0,0,0,0.0397523,2.17727,3,-2.82273,-2,2.65639,0,0,0,0,0,0,0,0,0,0,-0.00102294,0.000182203,-0.000594867,12.058,-4.82427,5.36774,0,0,0,0,0,0,0,0,0,0,0,0,0,0.471696,-4.30786,-0.985678,0,0.991319,-8.57548,0.472067,-4.308,-0.986538,-3.83593,-4.78007,0,0,0,0,425002,6.38109e+06,0,0,0,0,0,0,0,0,0,0,0,0,0,0,
31.6,3.11359,180006,0.475502,27.2443,2.47698,-8.78035,2.50445,2.50416,-0.0353782,5.16086,16.6901,0.192689,0.00709797,-0.0902114,45.1577,35.2322,9993.61,932.704,1159.37,27.5905,-0.00326021,6.38109e+06,-0.0171561,0.99179,0.822414,130146,75715.5,4955.68,0,0,0,0.0397524,2.17705,3,-2.82295,-2,2.65677,0,0,0,0,0,0,0,0,0,0,-0.00102294,0.000182477,-0.000594819,12.0872,-4.85236,5.36707,0,0,0,0,0,0,0,0,0,0,0,0,0,0.469027,-4.30678,-0.979482,0,0.991356,-8.5385,0.469403,-4.30694,-0.980355,-3.83754,-4.77634,0,0,0,0,425002,6.38109e+06,0,0,0,0,0,0,0,0,0,0,0,0,0,0,
31.8,3.11358,180006,0.475197,27.2268,2.4773,-8.74231,2.50436,2.50407,-0.0351516,5.15009,16.6962,0.195897,0.00693317,-0.0896284,45.1586,35.2336,9993.6,932.703,1159.27,27.5716,-0.00304191,6.38109e+06,-0.0170476,0.992004,0.822416,130107,75676,4955.68,0,0,0,0.0397525,2.17689,3,-2.82311,-2,2.65716,0,0,0,0,0,0,0,0,0,0,-0.00102294,0.000182751,-0.000594771,12.1167,-4.88078,5.36638,0,0,0,0,0,0,0,0,0,0,0,0,0,0.466317,-4.30555,-0.9732,0,0.991342,-8.5009,0.466699,-4.30573,-0.974085,-3.83903,-4.77243,0,0,0,0,425002,6.38109e+06,0,0,0,0,0,0,0,0,0,0,0,0,0,0,
32,3.11358,180005,0.474894,27.2094,2.47762,-8.70362,2.50422,2.50394,-0.0349221,5.13907,16.7022,0.199106,0.00673151,-0.0890375,45.1596,35.2351,9993.59,932.703,1159.18,27.5528,-0.00278625,6.38109e+06,-0.0169376,0.992162,0.822419,130068,75636.6,4955.69,0,0,0,0.0397528,2.17677,3,-2.82323,-2,2.65755,0,0,0,0,0,0,0,0,0,0,-0.00102295,0.000183026,-0.000594726,12.1463,-4.9095,5.36566,0,0,0,0,0,0,0,0,0,0,0,0,0,0.46357,-4.30418,-0.966835,0,0.991277,-8.46266,0.463957,-4.30438,-0.967731,-3.84042,-4.76834,0,0,0,0,425002,6.38109e+06,0,0,0,0,0,0,0,0,0,0,0,0,0,0,
32.2,3.11358,180005,0.474594,27.1922,2.47793,-8.66428,2.50403,2.50376,-0.0346897,5.1278,16.7083,0.202318,0.00649666,-0.0884389,45.1605,35.2366,9993.58,932.702,1159.09,27.5341,-0.0024997,6.38109e+06,-0.016826,0.992265,0.822423,130028,75597.2,4955.7,0,0,0,0.0397531,2.17671,3,-2.82329,-2,2.65794,0,0,0,0,0,0,0,0,0,0,-0.00102295,0.000183301,-0.000594682,12.1761,-4.93854,5.3649,0,0,0,0,0,0,0,0,0,0,0,0,0,0.460786,-4.3027,-0.960389,0,0.991165,-8.42379,0.461178,-4.30292,-0.961296,-3.84174,-4.76409,0,0,0,0,425002,6.38109e+06,0,0,0,0,0,0,0,0,0,0,0,0,0,0,
32.4,3.11358,180005,0.474295,27.1751,2.47822,-8.6243,2.5038,2.50353,-0.0344545,5.11628,16.7143,0.205533,0.00623252,-0.0878326,45.1615,35.2381,9993.57,932.702,1158.99,27.5154,-0.00218873,6.38109e+06,-0.0167129,0.992311,0.822428,129989,75557.8,4955.71,0,0,0,0.0397534,2.17669,3,-2.82331,-2,2.65833,0,0,0,0,0,0,0,0,0,0,-0.00102296,0.000183577,-0.000594639,12.2061,-4.9679,5.36412,0,0,0,0,0,0,0,0,0,0,0,0,0,0.457966,-4.30113,-0.953863,0,0.991008,-8.38429,0.458363,-4.30136,-0.954781,-3.84299,-4.75972,0,0,0,0,425002,6.38109e+06,0,0,0,0,0,0,0,0,0,0,0,0,0,0,
32.6,3.11358,180005,0.473999,27.1582,2.47848,-8.58367,2.50352,2.50326,-0.0342165,5.10451,16.7204,0.208757,0.00594315,-0.0872188,45.1624,35.2396,9993.57,932.701,1158.9,27.4969,-0.00185975,6.38109e+06,-0.0165984,0.992303,0.822434,129949,75518.3,4955.72,0,0,0,0.0397539,2.17674,3,-2.82326,-2,2.65873,0,0,0,0,0,0,0,0,0,0,-0.00102296,0.000183854,-0.000594598,12.2362,-4.99757,5.3633,0,0,0,0,0,0,0,0,0,0,0,0,0,0.455112,-4.29948,-0.947257,0,0.990811,-8.34415,0.455514,-4.29972,-0.948187,-3.8442,-4.75523,0,0,0,0,425002,6.38109e+06,0,0,0,0,0,0,0,0,0,0,0,0,0,0,
32.8,3.11357,180005,0.473705,27.1413,2.47872,-8.54238,2.5032,2.50294,-0.0339755,5.0925,16.7264,0.211995,0.00563271,-0.0865972,45.1634,35.2411,9993.57,932.701,1158.81,27.4785,-0.00151897,6.38109e+06,-0.0164824,0.992242,0.82244,129910,75478.9,4955.73,0,0,0,0.0397544,2.17683,3,-2.82317,-2,2.65912,0,0,0,0,0,0,0,0,0,0,-0.00102297,0.000184132,-0.000594559,12.2666,-5.02755,5.36246,0,0,0,0,0,0,0,0,0,0,0,0,0,0.452224,-4.29777,-0.940571,0,0.990576,-8.30337,0.452631,-4.29801,-0.941512,-3.84538,-4.75065,0,0,0,0,425002,6.38109e+06,0,0,0,0,0,0,0,0,0,0,0,0,0,0,
33,3.11357,180005,0.473414,27.1246,2.47892,-8.50045,2.50284,2.50259,-0.0337316,5.08024,16.7325,0.215256,0.00530532,-0.0859677,45.1643,35.2426,9993.56,932.701,1158.71,27.4601,-0.00117232,6.38109e+06,-0.0163648,0.992131,0.822446,129870,75439.5,4955.74,0,0,0,0.039755,2.17696,3,-2.82304,-2,2.65952,0,0,0,0,0,0,0,0,0,0,-0.00102298,0.00018441,-0.000594521,12.2971,-5.05785,5.36159,0,0,0,0,0,0,0,0,0,0,0,0,0,0.449302,-4.29603,-0.933803,0,0.990309,-8.26194,0.449713,-4.29627,-0.934756,-3.84656,-4.74599,0,0,0,0,425002,6.38109e+06,0,0,0,0,0,0,0,0,0,0,0,0,0,0,
33.2,3.11357,180005,0.473125,27.108,2.47909,-8.45785,2.50243,2.50219,-0.0334844,5.06773,16.7386,0.218551,0.00496507,-0.0853299,45.1653,35.2441,9993.56,932.7,1158.62,27.4419,-0.000825396,6.38109e+06,-0.0162457,0.991974,0.822453,129831,75400,4955.74,0,0,0,0.0397557,2.17714,3,-2.82286,-2,2.65992,0,0,0,0,0,0,0,0,0,0,-0.00102299,0.000184689,-0.000594485,12.3278,-5.08846,5.36069,0,0,0,0,0,0,0,0,0,0,0,0,0,0.446345,-4.29426,-0.926949,0,0.990013,-8.21986,0.446761,-4.29451,-0.927914,-3.84775,-4.74127,0,0,0,0,425002,6.38109e+06,0,0,0,0,0,0,0,0,0,0,0,0,0,0,
33.4,3.11357,180005,0.472838,27.0916,2.47922,-8.41458,2.502,2.50176,-0.033234,5.05497,16.7446,0.221892,0.0046159,-0.0846834,45.1662,35.2456,9993.56,932.7,1158.53,27.4238,-0.000483356,6.38109e+06,-0.0161249,0.991774,0.822461,129792,75360.6,4955.74,0,0,0,0.0397564,2.17737,3,-2.82263,-2,2.66031,0,0,0,0,0,0,0,0,0,0,-0.00102301,0.000184968,-0.00059445,12.3586,-5.11938,5.35976,0,0,0,0,0,0,0,0,0,0,0,0,0,0.443352,-4.29248,-0.920005,0,0.989694,-8.17712,0.443773,-4.29273,-0.920982,-3.84896,-4.7365,0,0,0,0,425002,6.38109e+06,0,0,0,0,0,0,0,0,0,0,0,0,0,0,
33.6,3.11357,180005,0.472553,27.0753,2.47932,-8.37063,2.50153,2.5013,-0.03298,5.04196,16.7507,0.225294,0.00426157,-0.0840277,45.1671,35.247,9993.56,932.7,1158.44,27.4058,-0.000150889,6.38109e+06,-0.0160024,0.991535,0.822468,129752,75321.2,4955.74,0,0,0,0.0397572,2.17762,3,-2.82238,-2,2.66071,0,0,0,0,0,0,0,0,0,0,-0.00102302,0.000185248,-0.000594417,12.3897,-5.15062,5.35881,0,0,0,0,0,0,0,0,0,0,0,0,0,0.440322,-4.29072,-0.912964,0,0.989356,-8.1337,0.440749,-4.29096,-0.913956,-3.85021,-4.73171,0,0,0,0,425002,6.38109e+06,0,0,0,0,0,0,0,0,0,0,0,0,0,0,
33.8,3.11357,180005,0.472271,27.0591,2.47938,-8.32599,2.50103,2.50082,-0.0327221,5.0287,16.7567,0.228772,0.00390558,-0.083362,45.1681,35.2485,9993.56,932.7,1158.35,27.3879,0.000167828,6.38108e+06,-0.015878,0.991262,0.822475,129713,75281.7,4955.74,0,0,0,0.0397581,2.17791,3,-2.82209,-2,2.66112,0,0,0,0,0,0,0,0,0,0,-0.00102303,0.000185529,-0.000594386,12.4209,-5.18217,5.35783,0,0,0,0,0,0,0,0,0,0,0,0,0,0.437253,-4.28897,-0.905819,0,0.989003,-8.08959,0.437685,-4.28921,-0.906826,-3.85153,-4.7269,0,0,0,0,425002,6.38108e+06,0,0,0,0,0,0,0,0,0,0,0,0,0,0,
34,3.11357,180005,0.471992,27.0431,2.4794,-8.28064,2.50052,2.5003,-0.03246,5.01518,16.7628,0.232347,0.00355118,-0.0826855,45.169,35.25,9993.56,932.7,1158.26,27.3701,0.000469171,6.38108e+06,-0.0157515,0.99096,0.822482,129673,75242.3,4955.73,0,0,0,0.039759,2.17823,3,-2.82177,-2,2.66152,0,0,0,0,0,0,0,0,0,0,-0.00102305,0.000185811,-0.000594356,12.4523,-5.21403,5.35682,0,0,0,0,0,0,0,0,0,0,0,0,0,0.434143,-4.28726,-0.898563,0,0.98864,-8.04477,0.434581,-4.2875,-0.899586,-3.85291,-4.72208,0,0,0,0,425002,6.38108e+06,0,0,0,0,0,0,0,0,0,0,0,0,0,0,
34.2,3.11357,180005,0.471714,27.0272,2.47938,-8.23455,2.49998,2.49978,-0.0321933,5.00142,16.7688,0.236038,0.00320127,-0.0819971,45.17,35.2515,9993.57,932.7,1158.17,27.3524,0.00075008,6.38108e+06,-0.0156228,0.990633,0.82249,129634,75202.9,4955.72,0,0,0,0.0397599,2.17857,3,-2.82143,-2,2.66192,0,0,0,0,0,0,0,0,0,0,-0.00102307,0.000186093,-0.000594328,12.4838,-5.24621,5.35578,0,0,0,0,0,0,0,0,0,0,0,0,0,0.430988,-4.28559,-0.891183,0,0.98827,-7.99921,0.431433,-4.28582,-0.892224,-3.85439,-4.71725,0,0,0,0,425002,6.38108e+06,0,0,0,0,0,0,0,0,0,0,0,0,0,0,
34.4,3.11357,180005,0.47144,27.0115,2.47933,-8.18771,2.49943,2.49923,-0.0319216,4.98739,16.7748,0.239867,0.00285843,-0.0812959,45.1709,35.253,9993.57,932.7,1158.08,27.3349,0.00100807,6.38108e+06,-0.0154917,0.990287,0.822496,129594,75163.4,4955.71,0,0,0,0.0397608,2.17893,3,-2.82107,-2,2.66232,0,0,0,0,0,0,0,0,0,0,-0.00102309,0.000186376,-0.000594302,12.5156,-5.2787,5.35472,0,0,0,0,0,0,0,0,0,0,0,0,0,0.427786,-4.28397,-0.88367,0,0.987899,-7.95288,0.428237,-4.28419,-0.88473,-3.85596,-4.71243,0,0,0,0,425002,6.38108e+06,0,0,0,0,0,0,0,0,0,0,0,0,0,0,
34.6,3.11357,180005,0.471168,26.9959,2.47924,-8.14009,2.49886,2.49867,-0.0316443,4.9731,16.7809,0.243861,0.00252487,-0.0805804,45.1718,35.2545,9993.57,932.7,1158,27.3174,0.00124123,6.38108e+06,-0.0153578,0.989925,0.822503,129555,75124,4955.69,0,0,0,0.0397618,2.17931,3,-2.82069,-2,2.66273,0,0,0,0,0,0,0,0,0,0,-0.00102311,0.000186659,-0.000594278,12.5475,-5.3115,5.35363,0,0,0,0,0,0,0,0,0,0,0,0,0,0.424531,-4.28241,-0.876009,0,0.987528,-7.90576,0.42499,-4.28263,-0.877091,-3.85764,-4.70762,0,0,0,0,425002,6.38108e+06,0,0,0,0,0,0,0,0,0,0,0,0,0,0,
34.8,3.11357,180005,0.470899,26.9805,2.47912,-8.09164,2.49829,2.49811,-0.031361,4.95853,16.7869,0.248045,0.00220243,-0.0798494,45.1728,35.256,9993.58,932.7,1157.91,27.3001,0.00144821,6.38108e+06,-0.0152209,0.989552,0.822509,129516,75084.6,4955.67,0,0,0,0.0397628,2.17969,3,-2.82031,-2,2.66313,0,0,0,0,0,0,0,0,0,0,-0.00102313,0.000186944,-0.000594256,12.5796,-5.34461,5.35252,0,0,0,0,0,0,0,0,0,0,0,0,0,0.421219,-4.28091,-0.868186,0,0.987162,-7.8578,0.421686,-4.28112,-0.869292,-3.85943,-4.70281,0,0,0,0,425002,6.38108e+06,0,0,0,0,0,0,0,0,0,0,0,0,0,0,
35,3.11357,180005,0.470632,26.9652,2.47897,-8.04233,2.49772,2.49754,-0.0310709,4.94369,16.793,0.252448,0.00189254,-0.0791012,45.1737,35.2575,9993.59,932.701,1157.82,27.2829,0.00162821,6.38108e+06,-0.0150808,0.989174,0.822515,129476,75045.1,4955.64,0,0,0,0.0397637,2.18008,3,-2.81992,-2,2.66353,0,0,0,0,0,0,0,0,0,0,-0.00102315,0.000187229,-0.000594235,12.6119,-5.37803,5.35138,0,0,0,0,0,0,0,0,0,0,0,0,0,0.417845,-4.27948,-0.860185,0,0.986803,-7.80897,0.418322,-4.27968,-0.861316,-3.86136,-4.698,0,0,0,0,425002,6.38108e+06,0,0,0,0,0,0,0,0,0,0,0,0,0,0,
35.2,3.11357,180005,0.470368,26.9501,2.4788,-7.99211,2.49715,2.49698,-0.0307735,4.92855,16.7991,0.257103,0.00159629,-0.0783341,45.1747,35.259,9993.59,932.701,1157.74,27.2658,0.00178095,6.38108e+06,-0.014937,0.988793,0.822521,129437,75005.7,4955.61,0,0,0,0.0397647,2.18048,3,-2.81952,-2,2.66394,0,0,0,0,0,0,0,0,0,0,-0.00102318,0.000187515,-0.000594217,12.6444,-5.41177,5.35022,0,0,0,0,0,0,0,0,0,0,0,0,0,0.414404,-4.27812,-0.851986,0,0.986454,-7.75919,0.41489,-4.27831,-0.853147,-3.86342,-4.6932,0,0,0,0,425002,6.38108e+06,0,0,0,0,0,0,0,0,0,0,0,0,0,0,
35.4,3.11358,180005,0.470107,26.9352,2.47861,-7.94092,2.49657,2.49641,-0.0304679,4.9131,16.8051,0.262044,0.00131437,-0.0775461,45.1756,35.2605,9993.6,932.701,1157.65,27.2489,0.00190661,6.38108e+06,-0.0147892,0.988414,0.822526,129397,74966.3,4955.58,0,0,0,0.0397657,2.18087,3,-2.81913,-2,2.66434,0,0,0,0,0,0,0,0,0,0,-0.00102321,0.000187803,-0.000594202,12.677,-5.44581,5.34903,0,0,0,0,0,0,0,0,0,0,0,0,0,0.410888,-4.27682,-0.843571,0,0.986117,-7.70843,0.411385,-4.277,-0.844763,-3.86561,-4.68838,0,0,0,0,425002,6.38108e+06,0,0,0,0,0,0,0,0,0,0,0,0,0,0,
35.6,3.11358,180004,0.469849,26.9204,2.4784,-7.88872,2.49601,2.49585,-0.0301534,4.89733,16.8112,0.267308,0.00104711,-0.0767352,45.1765,35.262,9993.61,932.701,1157.57,27.2321,0.00200585,6.38108e+06,-0.014637,0.98804,0.822531,129358,74926.9,4955.55,0,0,0,0.0397667,2.18125,3,-2.81875,-2,2.66475,0,0,0,0,0,0,0,0,0,0,-0.00102323,0.000188091,-0.000594188,12.7098,-5.48017,5.34782,0,0,0,0,0,0,0,0,0,0,0,0,0,0.40729,-4.27559,-0.834917,0,0.985794,-7.65662,0.407799,-4.27576,-0.836144,-3.86796,-4.68356,0,0,0,0,425002,6.38108e+06,0,0,0,0,0,0,0,0,0,0,0,0,0,0,
35.8,3.11358,180004,0.469594,26.9057,2.47817,-7.83542,2.49545,2.4953,-0.0298289,4.88122,16.8173,0.272937,0.000794498,-0.0758989,45.1775,35.2635,9993.62,932.702,1157.48,27.2154,0.00207971,6.38108e+06,-0.0144799,0.987674,0.822535,129318,74887.4,4955.51,0,0,0,0.0397676,2.18163,3,-2.81837,-2,2.66515,0,0,0,0,0,0,0,0,0,0,-0.00102327,0.00018838,-0.000594178,12.7428,-5.51483,5.34658,0,0,0,0,0,0,0,0,0,0,0,0,0,0.403603,-4.27442,-0.825999,0,0.985485,-7.60367,0.404125,-4.27458,-0.827265,-3.87045,-4.67871,0,0,0,0,425002,6.38108e+06,0,0,0,0,0,0,0,0,0,0,0,0,0,0,
36,3.11358,180004,0.469341,26.8913,2.47793,-7.78095,2.4949,2.49475,-0.0294936,4.86475,16.8234,0.278978,0.000556189,-0.0750348,45.1784,35.2649,9993.62,932.702,1157.4,27.1989,0.00212959,6.38108e+06,-0.0143175,0.987319,0.822538,129279,74848,4955.47,0,0,0,0.0397686,2.182,3,-2.818,-2,2.66556,0,0,0,0,0,0,0,0,0,0,-0.0010233,0.00018867,-0.00059417,12.7759,-5.54981,5.34532,0,0,0,0,0,0,0,0,0,0,0,0,0,0.399818,-4.27331,-0.816791,0,0.985191,-7.54952,0.400355,-4.27346,-0.818099,-3.87311,-4.67381,0,0,0,0,425002,6.38108e+06,0,0,0,0,0,0,0,0,0,0,0,0,0,0,
36.2,3.11358,180004,0.469092,26.877,2.47768,-7.72522,2.49436,2.49422,-0.0291462,4.8479,16.8295,0.285479,0.000331539,-0.0741399,45.1793,35.2664,9993.63,932.703,1157.32,27.1825,0.00215721,6.38108e+06,-0.014149,0.986976,0.822542,129240,74808.6,4955.43,0,0,0,0.0397695,2.18236,3,-2.81764,-2,2.66596,0,0,0,0,0,0,0,0,0,0,-0.00102333,0.000188961,-0.000594165,12.8093,-5.5851,5.34405,0,0,0,0,0,0,0,0,0,0,0,0,0,0.395926,-4.27225,-0.807262,0,0.984913,-7.49406,0.396478,-4.27239,-0.808617,-3.87592,-4.66887,0,0,0,0,425002,6.38108e+06,0,0,0,0,0,0,0,0,0,0,0,0,0,0,
36.4,3.11358,180004,0.468846,26.8629,2.47743,-7.66814,2.49384,2.4937,-0.0287856,4.83062,16.8356,0.292499,0.000119623,-0.0732111,45.1803,35.2679,9993.64,932.703,1157.23,27.1662,0.00216453,6.38108e+06,-0.013974,0.986648,0.822544,129200,74769.1,4955.38,0,0,0,0.0397704,2.1827,3,-2.8173,-2,2.66636,0,0,0,0,0,0,0,0,0,0,-0.00102337,0.000189254,-0.000594163,12.8428,-5.6207,5.34274,0,0,0,0,0,0,0,0,0,0,0,0,0,0.391917,-4.27123,-0.79738,0,0.984651,-7.43719,0.392486,-4.27137,-0.798786,-3.87889,-4.66386,0,0,0,0,425002,6.38108e+06,0,0,0,0,0,0,0,0,0,0,0,0,0,0,
36.6,3.11359,180004,0.468603,26.849,2.47718,-7.6096,2.49333,2.4932,-0.0284103,4.8129,16.8418,0.300102,-8.07329e-05,-0.0722449,45.1812,35.2694,9993.65,932.704,1157.15,27.1501,0.00215375,6.38108e+06,-0.0137918,0.986336,0.822547,129161,74729.7,4955.34,0,0,0,0.0397713,2.18303,3,-2.81697,-2,2.66677,0,0,0,0,0,0,0,0,0,0,-0.00102341,0.000189548,-0.000594165,12.8765,-5.6566,5.34142,0,0,0,0,0,0,0,0,0,0,0,0,0,0.387779,-4.27026,-0.787107,0,0.984404,-7.37879,0.388366,-4.27039,-0.78857,-3.88203,-4.65876,0,0,0,0,425002,6.38108e+06,0,0,0,0,0,0,0,0,0,0,0,0,0,0,
36.8,3.11359,180004,0.468364,26.8353,2.47693,-7.54947,2.49283,2.4927,-0.0280187,4.7947,16.848,0.308362,-0.000270931,-0.0712372,45.1821,35.2709,9993.66,932.704,1157.07,27.1341,0.00212719,6.38108e+06,-0.0136015,0.98604,0.822549,129121,74690.3,4955.29,0,0,0,0.0397722,2.18334,3,-2.81666,-2,2.66717,0,0,0,0,0,0,0,0,0,0,-0.00102346,0.000189843,-0.000594171,12.9103,-5.69282,5.34008,0,0,0,0,0,0,0,0,0,0,0,0,0,0.3835,-4.26931,-0.776401,0,0.984172,-7.31874,0.384108,-4.26944,-0.777928,-3.88534,-4.65355,0,0,0,0,425002,6.38108e+06,0,0,0,0,0,0,0,0,0,0,0,0,0,0,
37,3.11359,180004,0.468129,26.8218,2.47669,-7.48761,2.49235,2.49223,-0.0276092,4.77597,16.8542,0.317363,-0.000452568,-0.0701836,45.1831,35.2724,9993.66,932.704,1156.99,27.1183,0.00208731,6.38108e+06,-0.0134024,0.985762,0.82255,129082,74650.9,4955.24,0,0,0,0.039773,2.18364,3,-2.81636,-2,2.66757,0,0,0,0,0,0,0,0,0,0,-0.0010235,0.00019014,-0.000594181,12.9444,-5.72934,5.33871,0,0,0,0,0,0,0,0,0,0,0,0,0,0.379066,-4.26839,-0.765217,0,0.983953,-7.25687,0.379697,-4.26852,-0.766814,-3.88882,-4.64821,0,0,0,0,425002,6.38108e+06,0,0,0,0,0,0,0,0,0,0,0,0,0,0,
37.2,3.11359,180004,0.467897,26.8085,2.47645,-7.42387,2.49188,2.49176,-0.0271796,4.75666,16.8605,0.327205,-0.00062741,-0.069079,45.184,35.2739,9993.67,932.705,1156.91,27.1026,0.00203665,6.38108e+06,-0.0131933,0.9855,0.822552,129042,74611.4,4955.19,0,0,0,0.0397738,2.18392,3,-2.81608,-2,2.66798,0,0,0,0,0,0,0,0,0,0,-0.00102355,0.000190438,-0.000594195,12.9786,-5.76618,5.33733,0,0,0,0,0,0,0,0,0,0,0,0,0,0.374464,-4.26748,-0.7535,0,0.983747,-7.19302,0.375119,-4.2676,-0.755175,-3.89249,-4.64272,0,0,0,0,425002,6.38108e+06,0,0,0,0,0,0,0,0,0,0,0,0,0,0,
37.4,3.11359,180004,0.467669,26.7955,2.47622,-7.35807,2.49142,2.49131,-0.0267276,4.73673,16.8668,0.338004,-0.000797371,-0.0679175,45.1849,35.2754,9993.68,932.705,1156.84,27.0871,0.00197774,6.38108e+06,-0.0129733,0.985256,0.822553,129003,74572,4955.14,0,0,0,0.0397746,2.18419,3,-2.81581,-2,2.66838,0,0,0,0,0,0,0,0,0,0,-0.00102361,0.000190739,-0.000594214,13.013,-5.80332,5.33592,0,0,0,0,0,0,0,0,0,0,0,0,0,0.369676,-4.26657,-0.74119,0,0.983551,-7.127,0.370359,-4.26669,-0.742952,-3.89634,-4.63705,0,0,0,0,425002,6.38108e+06,0,0,0,0,0,0,0,0,0,0,0,0,0,0,
37.6,3.1136,180004,0.467445,26.7826,2.47601,-7.29,2.49098,2.49087,-0.0262504,4.7161,16.8731,0.349903,-0.000964484,-0.0666923,45.1859,35.2769,9993.69,932.706,1156.76,27.0718,0.00191312,6.38107e+06,-0.0127409,0.985027,0.822554,128964,74532.6,4955.09,0,0,0,0.0397754,2.18444,3,-2.81556,-2,2.66878,0,0,0,0,0,0,0,0,0,0,-0.00102367,0.000191041,-0.000594239,13.0476,-5.84077,5.3345,0,0,0,0,0,0,0,0,0,0,0,0,0,0.364686,-4.26565,-0.728215,0,0.983363,-7.05857,0.365397,-4.26578,-0.730075,-3.90038,-4.63118,0,0,0,0,425002,6.38107e+06,0,0,0,0,0,0,0,0,0,0,0,0,0,0,
37.8,3.1136,180004,0.467226,26.7701,2.47581,-7.21942,2.49055,2.49045,-0.0257448,4.69471,16.8796,0.363071,-0.00113089,-0.0653955,45.1868,35.2784,9993.69,932.706,1156.68,27.0567,0.00184529,6.38107e+06,-0.0124946,0.984813,0.822554,128924,74493.2,4955.04,0,0,0,0.0397761,2.18467,3,-2.81533,-2,2.66918,0,0,0,0,0,0,0,0,0,0,-0.00102373,0.000191346,-0.000594269,13.0823,-5.87853,5.33306,0,0,0,0,0,0,0,0,0,0,0,0,0,0.359472,-4.26471,-0.714492,0,0.983182,-6.98748,0.360216,-4.26484,-0.716462,-3.90463,-4.62506,0,0,0,0,425002,6.38107e+06,0,0,0,0,0,0,0,0,0,0,0,0,0,0,
38,3.1136,180004,0.467011,26.7578,2.47563,-7.14608,2.49013,2.49003,-0.025207,4.67247,16.8861,0.377719,-0.00129881,-0.0640176,45.1877,35.2799,9993.7,932.707,1156.61,27.0417,0.00177666,6.38107e+06,-0.0122327,0.984612,0.822555,128885,74453.7,4954.99,0,0,0,0.0397769,2.18489,3,-2.81511,-2,2.66959,0,0,0,0,0,0,0,0,0,0,-0.0010238,0.000191653,-0.000594306,13.1172,-5.9166,5.3316,0,0,0,0,0,0,0,0,0,0,0,0,0,0.354015,-4.26374,-0.699924,0,0.983006,-6.91343,0.354794,-4.26388,-0.702019,-3.90909,-4.61868,0,0,0,0,425002,6.38107e+06,0,0,0,0,0,0,0,0,0,0,0,0,0,0,
38.2,3.1136,180004,0.466802,26.7458,2.47546,-7.06964,2.48972,2.48963,-0.0246323,4.64928,16.8926,0.394112,-0.00147057,-0.0625473,45.1887,35.2814,9993.71,932.707,1156.53,27.0269,0.00170956,6.38107e+06,-0.011953,0.984423,0.822555,128845,74414.3,4954.94,0,0,0,0.0397776,2.18511,3,-2.81489,-2,2.66999,0,0,0,0,0,0,0,0,0,0,-0.00102387,0.000191963,-0.000594351,13.1523,-5.95497,5.33012,0,0,0,0,0,0,0,0,0,0,0,0,0,0.348289,-4.26274,-0.684391,0,0.982831,-6.83604,0.349107,-4.26288,-0.686629,-3.91377,-4.61199,0,0,0,0,425002,6.38107e+06,0,0,0,0,0,0,0,0,0,0,0,0,0,0,
38.4,3.1136,180004,0.466597,26.7341,2.47532,-6.98972,2.48931,2.48923,-0.0240148,4.62502,16.8993,0.412588,-0.00164856,-0.0609707,45.1896,35.2829,9993.71,932.708,1156.46,27.0123,0.00164618,6.38107e+06,-0.0116528,0.984244,0.822555,128806,74374.9,4954.89,0,0,0,0.0397783,2.18531,3,-2.81469,-2,2.67039,0,0,0,0,0,0,0,0,0,0,-0.00102395,0.000192275,-0.000594403,13.1876,-5.99365,5.32863,0,0,0,0,0,0,0,0,0,0,0,0,0,0.34227,-4.26167,-0.667749,0,0.982656,-6.75489,0.343131,-4.26183,-0.670152,-3.91869,-4.60496,0,0,0,0,425002,6.38107e+06,0,0,0,0,0,0,0,0,0,0,0,0,0,0,
38.6,3.1136,180004,0.466399,26.7227,2.4752,-6.90588,2.48891,2.48883,-0.0233474,4.59956,16.9061,0.433587,-0.00183528,-0.0592707,45.1905,35.2844,9993.72,932.708,1156.38,26.9979,0.00158863,6.38107e+06,-0.011329,0.984073,0.822556,128766,74335.5,4954.84,0,0,0,0.039779,2.18551,3,-2.81449,-2,2.67079,0,0,0,0,0,0,0,0,0,0,-0.00102403,0.000192592,-0.000594465,13.2231,-6.03264,5.32713,0,0,0,0,0,0,0,0,0,0,0,0,0,0.335931,-4.26054,-0.649821,0,0.982476,-6.66944,0.336839,-4.26071,-0.652417,-3.92387,-4.59754,0,0,0,0,425002,6.38107e+06,0,0,0,0,0,0,0,0,0,0,0,0,0,0,
38.8,3.11361,180004,0.466206,26.7116,2.47509,-6.81756,2.48852,2.48844,-0.0226209,4.57271,16.913,0.457699,-0.00203334,-0.0574257,45.1915,35.2859,9993.73,932.708,1156.31,26.9838,0.00153884,6.38107e+06,-0.0109773,0.983907,0.822556,128727,74296.1,4954.8,0,0,0,0.0397796,2.1857,3,-2.8143,-2,2.67119,0,0,0,0,0,0,0,0,0,0,-0.00102413,0.000192911,-0.000594537,13.2587,-6.07194,5.32561,0,0,0,0,0,0,0,0,0,0,0,0,0,0.329248,-4.25933,-0.630382,0,0.98229,-6.57904,0.330205,-4.25951,-0.633205,-3.9293,-4.58971,0,0,0,0,425002,6.38107e+06,0,0,0,0,0,0,0,0,0,0,0,0,0,0,
39,3.11361,180005,0.46602,26.701,2.47502,-6.72405,2.48812,2.48805,-0.021823,4.54427,16.9201,0.485734,-0.00224553,-0.0554079,45.1924,35.2874,9993.73,932.709,1156.24,26.9698,0.00149869,6.38107e+06,-0.0105926,0.983745,0.822557,128688,74256.6,4954.75,0,0,0,0.0397803,2.18588,3,-2.81412,-2,2.6716,0,0,0,0,0,0,0,0,0,0,-0.00102423,0.000193236,-0.000594621,13.2945,-6.11154,5.32407,0,0,0,0,0,0,0,0,0,0,0,0,0,0.322201,-4.25802,-0.609141,0,0.982094,-6.48283,0.32321,-4.25821,-0.612237,-3.935,-4.58142,0,0,0,0,425002,6.38107e+06,0,0,0,0,0,0,0,0,0,0,0,0,0,0,
39.2,3.11361,180005,0.465841,26.6908,2.47496,-6.62449,2.48773,2.48766,-0.0209374,4.51397,16.9274,0.518846,-0.00247489,-0.0531804,45.1933,35.2889,9993.74,932.709,1156.17,26.9562,0.00146992,6.38107e+06,-0.0101678,0.983583,0.822557,128648,74217.2,4954.7,0,0,0,0.039781,2.18607,3,-2.81393,-2,2.672,0,0,0,0,0,0,0,0,0,0,-0.00102435,0.000193565,-0.000594719,13.3305,-6.15144,5.32252,0,0,0,0,0,0,0,0,0,0,0,0,0,0.314788,-4.2566,-0.585718,0,0.981884,-6.37972,0.315847,-4.2568,-0.589147,-3.94096,-4.57265,0,0,0,0,425002,6.38107e+06,0,0,0,0,0,0,0,0,0,0,0,0,0,0,
39.4,3.11361,180005,0.465671,26.681,2.47493,-6.51771,2.48733,2.48727,-0.0199411,4.48144,16.9349,0.558754,-0.00272487,-0.0506931,45.1942,35.2904,9993.75,932.709,1156.1,26.9428,0.00145428,6.38107e+06,-0.00969349,0.983419,0.822558,128609,74177.8,4954.66,0,0,0,0.0397817,2.18626,3,-2.81374,-2,2.6724,0,0,0,0,0,0,0,0,0,0,-0.00102448,0.0001939,-0.000594834,13.3666,-6.19166,5.32097,0,0,0,0,0,0,0,0,0,0,0,0,0,0.307049,-4.25503,-0.559591,0,0.981656,-6.2682,0.308149,-4.25526,-0.563437,-3.94711,-4.56341,0,0,0,0,425002,6.38107e+06,0,0,0,0,0,0,0,0,0,0,0,0,0,0,
39.6,3.11361,180005,0.46551,26.6717,2.47493,-6.40212,2.48692,2.48687,-0.0188005,4.44621,16.9428,0.608158,-0.00299948,-0.0478751,45.1952,35.2919,9993.75,932.71,1156.03,26.9296,0.00145354,6.38107e+06,-0.00915608,0.983251,0.822559,128569,74138.4,4954.61,0,0,0,0.0397824,2.18645,3,-2.81355,-2,2.6728,0,0,0,0,0,0,0,0,0,0,-0.00102462,0.000194242,-0.000594969,13.4029,-6.23218,5.3194,0,0,0,0,0,0,0,0,0,0,0,0,0,0.299132,-4.25329,-0.530028,0,0.981405,-6.14608,0.30024,-4.25354,-0.53441,-3.9533,-4.55378,0,0,0,0,425002,6.38107e+06,0,0,0,0,0,0,0,0,0,0,0,0,0,0,
39.8,3.11361,180005,0.465359,26.6631,2.47496,-6.27546,2.4865,2.48646,-0.0174632,4.40756,16.9511,0.67163,-0.00330373,-0.0446222,45.1961,35.2933,9993.76,932.71,1155.97,26.9168,0.00146965,6.38107e+06,-0.00853509,0.983074,0.82256,128530,74098.9,4954.57,0,0,0,0.0397831,2.18665,3,-2.81335,-2,2.67321,0,0,0,0,0,0,0,0,0,0,-0.00102478,0.000194594,-0.000595129,13.4394,-6.273,5.31782,0,0,0,0,0,0,0,0,0,0,0,0,0,0.291466,-4.25133,-0.495952,0,0.981125,-6.01006,0.292492,-4.25162,-0.501049,-3.95913,-4.54411,0,0,0,0,425002,6.38107e+06,0,0,0,0,0,0,0,0,0,0,0,0,0,0,
40,3.11362,180005,0.465221,26.6552,2.47502,-6.13423,2.48607,2.48604,-0.0158406,4.36443,16.9599,0.757753,-0.00364428,-0.0407723,45.197,35.2948,9993.76,932.711,1155.9,26.9044,0.00150501,6.38107e+06,-0.00779672,0.982886,0.822562,128491,74059.5,4954.53,0,0,0,0.0397838,2.18686,3,-2.81314,-2,2.67361,0,0,0,0,0,0,0,0,0,0,-0.00102497,0.000194957,-0.000595323,13.4761,-6.31413,5.31623,0,0,0,0,0,0,0,0,0,0,0,0,0,0.285315,-4.24908,-0.455689,0,0.980807,-5.85448,0.285986,-4.24942,-0.461786,-3.96343,-4.5354,0,0,0,0,425002,6.38107e+06,0,0,0,0,0,0,0,0,0,0,0,0,0,0,
40.2,3.11362,180005,0.465097,26.6481,2.47512,-5.97248,2.48562,2.48561,-0.0137631,4.315,16.9697,0.885286,-0.00403085,-0.0360587,45.1979,35.2963,9993.77,932.711,1155.84,26.8923,0.00156302,6.38107e+06,-0.00687606,0.982685,0.822564,128451,74020.1,4954.49,0,0,0,0.0397846,2.18708,3,-2.81292,-2,2.67402,0,0,0,0,0,0,0,0,0,0,-0.0010252,0.000195336,-0.000595563,13.513,-6.35556,5.31464,0,0,0,0,0,0,0,0,0,0,0,0,0,0.284919,-4.24641,-0.40649,0,0.980437,-5.66811,0.284253,-4.24682,-0.414065,-3.96256,-4.53107,0,0,0,0,425002,6.38107e+06,0,0,0,0,0,0,0,0,0,0,0,0,0,0,
40.4,3.11362,180005,0.464991,26.642,2.47527,-5.77817,2.48515,2.48515,-0.0108382,4.25558,16.9811,1.10667,-0.0044796,-0.0300351,45.1989,35.2978,9993.78,932.711,1155.78,26.8808,0.00164942,6.38107e+06,-0.00560314,0.982467,0.822566,128412,73980.7,4954.45,0,0,0,0.0397854,2.18732,3,-2.81268,-2,2.67442,0,0,0,0,0,0,0,0,0,0,-0.00102549,0.00019574,-0.000595877,13.55,-6.3973,5.31304,0,0,0,0,0,0,0,0,0,0,0,0,0,0.30918,-4.24301,-0.343715,0,0.979992,-5.42152,0.30223,-4.24355,-0.353558,-3.94132,-4.54578,0,0,0,0,425002,6.38107e+06,0,0,0,0,0,0,0,0,0,0,0,0,0,0,
40.6,3.11362,180005,0.464909,26.6373,2.47548,-5.51806,2.48464,2.48466,-0.00576538,4.176,16.9963,1.65342,-0.00502347,-0.0223946,45.1998,35.2993,9993.78,932.712,1155.73,26.8699,0.001778,6.38107e+06,-0.00307216,0.982236,0.822569,128372,73941.3,4954.41,0,0,0,0.0397862,2.18757,3,-2.81243,-2,2.67483,0,0,0,0,0,0,0,0,0,0,-0.0010259,0.000196195,-0.000596339,13.5872,-6.43934,5.31143,0,0,0,0,0,0,0,0,0,0,0,0,0,0.503919,-4.23781,-0.263287,0,0.979409,-4.98084,0.446265,-4.23876,-0.275168,-3.7925,-4.68503,0,0,0,0,425002,6.38107e+06,0,0,0,0,0,0,0,0,0,0,0,0,0,0,
40.8,3.11362,180004,0.464944,26.6394,2.47622,-5.39694,2.48409,2.48408,-0.0123209,4.13861,16.9952,6.73575,-0.00580699,-0.106551,45.2007,35.3008,9993.79,932.712,1155.68,26.8618,0.00214726,6.38107e+06,0.312036,0.981811,0.822572,128333,73901.8,4954.36,0,0,0,0.0397872,2.18801,3,-2.81199,-2,2.67524,0,0,0,0,0,0,0,0,0,0,-0.00102603,0.000196545,-0.000596502,13.6245,-6.48169,5.30983,0,0,0,0,0,0,0,0,0,0,0,0,0,20,-4.23797,-0.343937,0,0.97899,41.5365,18.5679,-3.00609,0.914108,15.5618,-21.574,0,0,0,0,425002,6.38107e+06,0,0,0,0,0,0,0,0,0,0,0,0,0,0,
41,3.11362,180004,0.463821,26.575,2.46155,2.98302,2.47301,2.43796,0.41463,1.52118,17.4757,76.3056,-0.0794436,0.132133,45.2016,35.3023,9993.81,932.712,1155.68,26.8619,0.00515998,6.38107e+06,-0.10198,0.9379,0.822801,128293,73862.4,4950.19,0,0,0,0.0398669,2.22872,3,-2.77128,-2,2.67707,0,0,0,0,0,0,0,0,0,0,-0.00104192,0.000201447,-0.000615096,13.6621,-6.52433,5.30826,0,0,0,0,0,0,0,0,0,0,0,0,0,20,-6.6933,0.610505,0,0.972947,41.8576,16.8459,-3.15408,-1.67489,13.6918,-20,0,0,0,0,425002,6.38107e+06,0,0,0,0,0,0,0,0,0,0,0,0,0,0,
41.2,3.11363,180005,0.466919,26.7525,2.44382,23.5966,2.46393,2.20105,1.10819,-4.84681,16.7136,130.441,0.628357,1.91104,45.2026,35.3038,9993.8,932.715,1155.81,26.889,-0.0190717,6.38107e+06,0.0074236,0.625521,0.824254,128254,73823.1,4931.14,0,0,0,0.0402765,2.5247,3,-2.4753,-2,2.68488,0,0,0,0,0,0,0,0,0,0,-0.0010807,0.000198107,-0.000662307,13.6998,-6.56725,5.30675,0,0,0,0,0,0,0,0,0,0,0,0,0,-18.6868,-2.32486,18.6345,0,1.08054,42.0869,-4.06671,-4.48552,15.3566,-8.55223,-0.41881,0,0,0,0,425002,6.38107e+06,0,0,0,0,0,0,0,0,0,0,0,0,0,0,
41.4,3.11361,180007,0.479148,27.4532,2.20465,43.3331,2.34004,2.02496,1.17275,-9.93263,13.4757,58.0551,1.45495,5.46835,45.2035,35.3053,9993.65,932.712,1155.94,26.9193,-0.0764733,6.38106e+06,-0.0179246,0.540158,0.825741,128215,73784,4920.37,0,0,0,0.0405816,2.59793,3,-2.40207,-2,2.69078,0,0,0,0,0,0,0,0,0,0,-0.00111279,0.000175727,-0.000706035,13.7377,-6.61031,5.30534,0,0,0,0,0,0,0,0,0,0,0,0,0,-20,5.78628,20,0,1.4309,42.2987,-16.9418,3.05816,20.0087,-13.8837,20,0,0,0,0,425002,6.38106e+06,0,0,0,0,0,0,0,0,0,0,0,0,0,0,
41.6,3.1136,180016,0.497454,28.502,1.48149,49.7599,2.23279,2.21611,0.271996,-10.9874,11.1735,1.57818,1.24398,6.35481,45.2044,35.3068,9993.27,932.713,1156.28,26.9915,-0.163451,6.38106e+06,0.496325,0.701393,0.823201,128176,73744.9,4924.4,0,0,0,0.0402502,2.44993,3,-2.55007,-2,2.6853,0,0,0,0,0,0,0,0,0,0,-0.00111997,0.00016569,-0.000721043,13.776,-6.6534,5.30402,0,0,0,0,0,0,0,0,0,0,0,0,0,-20,-5.65851,20,0,1.73504,42.3494,-18.7118,-1.80975,20,-20.5215,16.902,0,0,0,0,425002,6.38106e+06,0,0,0,0,0,0,0,0,0,0,0,0,0,0,
41.8,3.11351,180026,0.511301,29.2954,0.897041,48.3024,2.48504,2.41996,-0.554886,-10.4645,10.656,-2.51941,1.14263,1.96289,45.2054,35.3083,9992.52,932.695,1156.91,27.1274,-0.306865,6.38106e+06,1.17413,0.723957,0.821143,128137,73705.7,4934.07,0,0,0,0.0398973,2.4418,3,-2.5582,-2,2.67943,0,0,0,0,0,0,0,0,0,0,-0.00111659,0.000169451,-0.000720206,13.8145,-6.69648,5.3029,0,0,0,0,0,0,0,0,0,0,0,0,0,-13.5583,-20,20,0,1.88805,42.1323,-5.98067,-14.0193,20,-20,-8.03867,0,0,0,0,425002,6.38106e+06,0,0,0,0,0,0,0,0,0,0,0,0,0,0,
42,3.11337,180042,0.514492,29.4782,1.07548,47.1874,2.67626,2.63713,-0.448108,-10.0218,10.9791,-28.2873,1.40413,-0.820403,45.2063,35.3098,9991.34,932.669,1157.43,27.2427,-0.388924,6.38106e+06,-0.256637,0.994857,0.819213,128097,73666.3,4946.56,0,0,0,0.039522,2.18634,3,-2.81366,-2,2.6732,0,0,0,0,0,0,0,0,0,0,-0.00111487,0.000171803,-0.000718505,13.8532,-6.73953,5.30202,0,0,0,0,0,0,0,0,0,0,0,0,0,-0.12077,-17.7238,-8.80895,0,2.00164,41.9679,-4.1314,-16.1039,-9.38322,-20.2353,-11.9725,0,0,0,0,425002,6.38106e+06,0,0,0,0,0,0,0,0,0,0,0,0,0,0,
42.2,3.11321,180058,0.515805,29.5534,1.45762,41.6117,2.90066,2.86568,-0.433545,-8.61978,12.1468,-15.2375,1.71312,-1.39299,45.2072,35.3113,9990.05,932.636,1157.81,27.3312,-0.396265,6.38106e+06,-0.219343,1.41335,0.818076,128058,73626.8,4967.23,0,0,0,0.0391279,1.78423,3,-3.21577,-2,2.66661,0,0,0,0,0,0,0,0,0,0,-0.00110685,0.000181389,-0.000707556,13.8922,-6.78267,5.30146,0,0,0,0,0,0,0,0,0,0,0,0,0,8.84775,-6.06376,-14.6345,0,1.87356,41.9381,9.67893,-6.88146,-14.0286,2.79747,-16.5604,0,0,0,0,425002,6.38106e+06,0,0,0,0,0,0,0,0,0,0,0,0,0,0,
42.4,3.113,180067,0.516157,29.5736,1.85325,39.8344,3.08206,3.06959,-0.240779,-8.0073,12.6744,-2.39677,1.39598,-0.913556,45.2082,35.3128,9988.83,932.589,1158.22,27.4281,-0.347616,6.38106e+06,-0.248556,1.65674,0.81538,128018,73587.1,4970.82,0,0,0,0.0387861,1.55494,3,-3.44506,-2,2.66109,0,0,0,0,0,0,0,0,0,0,-0.00110415,0.000184286,-0.000704062,13.9311,-6.82599,5.30132,0,0,0,0,0,0,0,0,0,0,0,0,0,6.39751,-8.55192,-9.92905,0,1.81386,41.8684,7.01479,-8.11845,-10.683,-1.10366,-15.1332,0,0,0,0,425002,6.38106e+06,0,0,0,0,0,0,0,0,0,0,0,0,0,0,
42.6,3.11276,180068,0.517386,29.644,2.1434,40.0507,3.22208,3.21854,-0.0466318,-7.88862,12.8117,3.47816,1.25091,-0.329156,45.2091,35.3143,9987.79,932.532,1158.71,27.5443,-0.288032,6.38106e+06,-0.151816,1.83326,0.810666,127978,73547.5,4949.27,0,0,0,0.0385494,1.3874,3,-3.6126,-2,2.65764,0,0,0,0,0,0,0,0,0,0,-0.00110439,0.000184216,-0.000704785,13.97,-6.86956,5.3017,0,0,0,0,0,0,0,0,0,0,0,0,0,2.40475,-7.59437,-3.77603,0,1.79033,41.7187,2.87595,-7.85768,-4.63587,-4.98172,-10.7336,0,0,0,0,425002,6.38106e+06,0,0,0,0,0,0,0,0,0,0,0,0,0,0,
42.8,3.11253,180065,0.519731,29.7784,2.33578,40.8582,3.31585,3.31168,0.087156,-7.95002,12.7705,3.93001,1.05063,0.126365,45.2101,35.3158,9986.96,932.474,1159.33,27.6862,-0.223801,6.38105e+06,-0.0367722,1.95598,0.80832,127939,73507.9,4940.78,0,0,0,0.0384012,1.27032,3,-3.72968,-2,2.65561,0,0,0,0,0,0,0,0,0,0,-0.00110543,0.000183311,-0.000706832,14.0088,-6.91339,5.30268,0,0,0,0,0,0,0,0,0,0,0,0,0,-0.503959,-7.34698,1.13933,0,1.76998,41.4602,-0.192045,-7.31174,0.568535,-7.50379,-7.1197,0,0,0,0,425002,6.38105e+06,0,0,0,0,0,0,0,0,0,0,0,0,0,0,
43,3.11232,180058,0.522666,29.9465,2.45081,41.5037,3.36215,3.35601,0.152514,-8.01694,12.6887,2.12624,0.894091,0.378545,45.211,35.3173,9986.34,932.42,1160.02,27.8459,-0.161694,6.38105e+06,0.0424763,2.01341,0.807675,127899,73468.2,4940.66,0,0,0,0.0383302,1.21561,3,-3.78439,-2,2.65483,0,0,0,0,0,0,0,0,0,0,-0.00110616,0.000182673,-0.000708589,14.0474,-6.95751,5.30433,0,0,0,0,0,0,0,0,0,0,0,0,0,-2.04327,-6.93995,3.90903,0,1.74022,41.1238,-1.89948,-7.03041,3.64693,-8.9299,-5.13093,0,0,0,0,425002,6.38105e+06,0,0,0,0,0,0,0,0,0,0,0,0,0,0,
43.2,3.11214,180049,0.525708,30.1209,2.51906,41.7437,3.37133,3.36486,0.168169,-8.02655,12.6351,0.0473101,0.743893,0.46224,45.212,35.3187,9985.91,932.373,1160.77,28.0154,-0.10176,6.38105e+06,0.0796582,2.0322,0.80815,127860,73428.6,4945.65,0,0,0,0.0383152,1.1974,3,-3.8026,-2,2.65497,0,0,0,0,0,0,0,0,0,0,-0.00110626,0.000182674,-0.000709524,14.0859,-7.0019,5.30668,0,0,0,0,0,0,0,0,0,0,0,0,0,-2.53902,-6.55957,4.86227,0,1.69491,40.7442,-2.51536,-6.59766,4.81165,-9.11302,-4.08231,0,0,0,0,425002,6.38105e+06,0,0,0,0,0,0,0,0,0,0,0,0,0,0,
43.4,3.112,180039,0.528508,30.2813,2.56136,41.6139,3.35152,3.34594,0.158316,-7.98243,12.6285,-1.44004,0.611471,0.448252,45.2129,35.3202,9985.67,932.334,1161.54,28.1869,-0.0436493,6.38105e+06,0.0872932,2.01629,0.809462,127820,73389,4954.31,0,0,0,0.0383441,1.21223,3,-3.78777,-2,2.65582,0,0,0,0,0,0,0,0,0,0,-0.00110582,0.000183252,-0.000709676,14.1242,-7.04658,5.30974,0,0,0,0,0,0,0,0,0,0,0,0,0,-2.43765,-6.15852,4.74592,0,1.63527,40.3538,-2.47203,-6.2244,4.79914,-8.69643,-3.75238,0,0,0,0,425002,6.38105e+06,0,0,0,0,0,0,0,0,0,0,0,0,0,0,
43.6,3.1119,180029,0.530923,30.4197,2.58985,41.2553,3.31018,3.30577,0.141708,-7.91022,12.6597,-2.16542,0.490441,0.399386,45.2139,35.3217,9985.63,932.304,1162.3,28.3554,0.012786,6.38105e+06,0.0802734,1.97635,0.811424,127780,73349.2,4965.87,0,0,0,0.0384068,1.24981,3,-3.75019,-2,2.65721,0,0,0,0,0,0,0,0,0,0,-0.00110507,0.000184176,-0.000709312,14.1623,-7.09153,5.31351,0,0,0,0,0,0,0,0,0,0,0,0,0,-2.12232,-5.72626,4.23466,0,1.56585,39.9746,-2.16904,-5.78286,4.31147,-7.95189,-3.61382,0,0,0,0,425002,6.38105e+06,0,0,0,0,0,0,0,0,0,0,0,0,0,0,
43.8,3.11183,180018,0.53294,30.5352,2.6084,40.808,3.25257,3.24916,0.128513,-7.83622,12.711,-2.29634,0.382462,0.353879,45.2149,35.3232,9985.76,932.284,1163.03,28.5177,0.0665789,6.38105e+06,0.0698068,1.91621,0.813916,127740,73309.5,4979.9,0,0,0,0.0384956,1.3066,3,-3.6934,-2,2.65902,0,0,0,0,0,0,0,0,0,0,-0.00110422,0.000185218,-0.000708713,14.2003,-7.13676,5.31797,0,0,0,0,0,0,0,0,0,0,0,0,0,-1.82602,-5.31845,3.7459,0,1.49199,39.6195,-1.86159,-5.37546,3.80443,-7.23705,-3.51387,0,0,0,0,425002,6.38105e+06,0,0,0,0,0,0,0,0,0,0,0,0,0,0,
44,3.11181,180008,0.534622,30.6316,2.61726,40.3682,3.18339,3.18071,0.121912,-7.77717,12.7667,-2.09111,0.287549,0.326867,45.2159,35.3246,9986.06,932.273,1163.74,28.6726,0.116193,6.38105e+06,0.0618008,1.84174,0.816825,127701,73269.7,4995.99,0,0,0,0.0386034,1.37701,3,-3.62299,-2,2.66113,0,0,0,0,0,0,0,0,0,0,-0.00110341,0.000186229,-0.000708081,14.2381,-7.18227,5.3231,0,0,0,0,0,0,0,0,0,0,0,0,0,-1.64287,-4.93898,3.44945,0,1.41816,39.2944,-1.66094,-4.98885,3.4779,-6.64979,-3.32791,0,0,0,0,425002,6.38105e+06,0,0,0,0,0,0,0,0,0,0,0,0,0,0,
44.2,3.11182,179997,0.536055,30.7137,2.6156,39.9824,3.10665,3.10448,0.121087,-7.7396,12.8175,-1.76583,0.206506,0.318656,45.2169,35.3261,9986.51,932.273,1164.42,28.8195,0.160025,6.38105e+06,0.0579713,1.75734,0.820038,127661,73229.8,5013.7,0,0,0,0.0387239,1.45688,3,-3.54312,-2,2.66344,0,0,0,0,0,0,0,0,0,0,-0.00110272,0.000187145,-0.000707521,14.2758,-7.22804,5.32887,0,0,0,0,0,0,0,0,0,0,0,0,0,-1.57573,-4.60638,3.35373,0,1.3475,39.0014,-1.57932,-4.65049,3.35704,-6.22981,-3.07117,0,0,0,0,425002,6.38105e+06,0,0,0,0,0,0,0,0,0,0,0,0,0,0,
44.4,3.11188,179988,0.537316,30.7859,2.60322,39.6618,3.02596,3.02416,0.12384,-7.72254,12.8591,-1.44868,0.139579,0.323252,45.2178,35.3276,9987.09,932.281,1165.07,28.9584,0.196807,6.38105e+06,0.0576686,1.66753,0.823441,127621,73189.8,5032.49,0,0,0,0.0388512,1.54193,3,-3.45807,-2,2.66585,0,0,0,0,0,0,0,0,0,0,-0.00110214,0.000187954,-0.000707067,14.3134,-7.27406,5.33524,0,0,0,0,0,0,0,0,0,0,0,0,0,-1.58827,-4.31818,3.39687,0,1.28205,38.7404,-1.58332,-4.35562,3.38522,-5.93893,-2.7723,0,0,0,0,425002,6.38105e+06,0,0,0,0,0,0,0,0,0,0,0,0,0,0,
44.6,3.11196,179979,0.538463,30.8517,2.58078,39.3994,2.94466,2.94309,0.128133,-7.72123,12.8913,-1.19099,0.0855465,0.333995,45.2188,35.3291,9987.78,932.298,1165.69,29.0895,0.225539,6.38105e+06,0.0593972,1.56836,0.824691,127581,73149.8,5032.41,0,0,0,0.0389875,1.6355,3,-3.3645,-2,2.66858,0,0,0,0,0,0,0,0,0,0,-0.00110167,0.00018867,-0.000706713,14.351,-7.32033,5.34216,0,0,0,0,0,0,0,0,0,0,0,0,0,-1.63784,-4.3187,3.50523,0,1.22326,38.5108,-1.63041,-4.28731,3.48828,-5.91772,-2.6569,0,0,0,0,425002,6.38105e+06,0,0,0,0,0,0,0,0,0,0,0,0,0,0,
44.8,3.11208,179971,0.539547,30.9137,2.5503,39.1831,2.86707,2.86572,0.13267,-7.72881,12.9151,-0.985201,0.0545554,0.3462,45.2198,35.3305,9988.55,932.323,1166.28,29.2125,0.245111,6.38105e+06,0.06191,1.4687,0.825071,127541,73109.8,5025.26,0,0,0,0.039121,1.72955,3,-3.27045,-2,2.67131,0,0,0,0,0,0,0,0,0,0,-0.00110128,0.000189316,-0.000706442,14.3885,-7.36683,5.34962,0,0,0,0,0,0,0,0,0,0,0,0,0,-1.69343,-4.35729,3.62952,0,1.17284,38.3143,-1.68537,-4.36635,3.61213,-6.05173,-2.68098,0,0,0,0,425002,6.38105e+06,0,0,0,0,0,0,0,0,0,0,0,0,0,0,
45,3.11222,179965,0.540608,30.9746,2.51454,39.0045,2.79603,2.79484,0.136916,-7.74045,12.9318,-0.817709,0.0337445,0.357973,45.2208,35.332,9989.37,932.355,1166.84,29.328,0.256103,6.38105e+06,0.0644886,1.37904,0.825426,127501,73069.9,5018.79,0,0,0,0.0392437,1.81411,3,-3.18589,-2,2.67384,0,0,0,0,0,0,0,0,0,0,-0.00110094,0.000189905,-0.000706243,14.426,-7.41354,5.35755,0,0,0,0,0,0,0,0,0,0,0,0,0,-1.7492,-4.38417,3.74985,0,1.13087,38.1478,-1.74172,-4.3717,3.73368,-6.11342,-2.62999,0,0,0,0,425002,6.38105e+06,0,0,0,0,0,0,0,0,0,0,0,0,0,0,
45.2,3.11238,179961,0.541667,31.0353,2.47508,38.8563,2.73245,2.73135,0.140635,-7.75346,12.9425,-0.680734,0.0244071,0.36842,45.2218,35.3334,9990.21,932.392,1167.37,29.4369,0.259154,6.38105e+06,0.0668957,1.29756,0.825731,127461,73030.1,5012.92,0,0,0,0.0393538,1.89106,3,-3.10894,-2,2.67615,0,0,0,0,0,0,0,0,0,0,-0.00110066,0.000190449,-0.000706104,14.4635,-7.46046,5.36594,0,0,0,0,0,0,0,0,0,0,0,0,0,-1.79847,-4.45474,3.85666,0,1.09729,38.0082,-1.792,-4.44717,3.84267,-6.23916,-2.65517,0,0,0,0,425002,6.38105e+06,0,0,0,0,0,0,0,0,0,0,0,0,0,0,
45.4,3.11256,179958,0.542744,31.0969,2.43374,38.7335,2.67728,2.6762,0.143798,-7.76553,12.9481,-0.566089,0.0238116,0.37735,45.2229,35.3349,9991.05,932.433,1167.88,29.54,0.255137,6.38105e+06,0.0689907,1.22692,0.825964,127421,72990.3,5007.58,0,0,0,0.0394497,1.95779,3,-3.04221,-2,2.6782,0,0,0,0,0,0,0,0,0,0,-0.00110041,0.000190957,-0.000706018,14.5011,-7.50757,5.37474,0,0,0,0,0,0,0,0,0,0,0,0,0,-1.84072,-4.52693,3.94778,0,1.07183,37.8921,-1.83522,-4.51459,3.93594,-6.34982,-2.67937,0,0,0,0,425002,6.38105e+06,0,0,0,0,0,0,0,0,0,0,0,0,0,0,
45.6,3.11274,179956,0.54385,31.1603,2.39191,38.6319,2.63078,2.62966,0.146445,-7.77526,12.9496,-0.469799,0.0305573,0.384861,45.2239,35.3364,9991.87,932.477,1168.37,29.6382,0.245005,6.38105e+06,0.0707753,1.16682,0.826111,127382,72950.5,5002.67,0,0,0,0.039531,2.0146,3,-2.9854,-2,2.68,0,0,0,0,0,0,0,0,0,0,-0.0011002,0.000191434,-0.000705979,14.5388,-7.55486,5.38393,0,0,0,0,0,0,0,0,0,0,0,0,0,-1.87636,-4.61795,4.02425,0,1.05403,37.7962,-1.87173,-4.60523,4.01437,-6.47696,-2.7335,0,0,0,0,425002,6.38105e+06,0,0,0,0,0,0,0,0,0,0,0,0,0,0,
45.8,3.11292,179956,0.544997,31.226,2.35081,38.5482,2.59298,2.59177,0.148634,-7.78161,12.9474,-0.389811,0.0431249,0.391122,45.2249,35.3378,9992.64,932.521,1168.84,29.7322,0.22975,6.38105e+06,0.0722729,1.11762,0.826162,127342,72910.8,4998.13,0,0,0,0.0395974,2.06115,3,-2.93885,-2,2.68153,0,0,0,0,0,0,0,0,0,0,-0.0011,0.000191887,-0.000705982,14.5765,-7.60233,5.39349,0,0,0,0,0,0,0,0,0,0,0,0,0,-1.9065,-4.71423,4.0879,0,1.04335,37.7169,-1.90258,-4.70006,4.0797,-6.60264,-2.79748,0,0,0,0,425002,6.38105e+06,0,0,0,0,0,0,0,0,0,0,0,0,0,0,
46,3.11311,179958,0.546193,31.2946,2.31138,38.479,2.56361,2.56224,0.150416,-7.7839,12.9424,-0.325565,0.0601737,0.396284,45.2259,35.3393,9993.36,932.566,1169.3,29.8228,0.21036,6.38105e+06,0.0735197,1.07886,0.826115,127302,72871.1,4993.88,0,0,0,0.0396493,2.09786,3,-2.90214,-2,2.68281,0,0,0,0,0,0,0,0,0,0,-0.00109982,0.00019232,-0.000706021,14.6144,-7.64996,5.4034,0,0,0,0,0,0,0,0,0,0,0,0,0,-1.93189,-4.81832,4.14037,0,1.03917,37.651,-1.9286,-4.80357,4.13365,-6.73217,-2.87496,0,0,0,0,425002,6.38105e+06,0,0,0,0,0,0,0,0,0,0,0,0,0,0,
46.2,3.11328,179960,0.547443,31.3662,2.27436,38.4215,2.54221,2.54063,0.151828,-7.78166,12.935,-0.276646,0.0805657,0.400459,45.2269,35.3407,9994.01,932.609,1169.74,29.911,0.18779,6.38105e+06,0.0745424,1.05006,0.825973,127262,72831.5,4989.91,0,0,0,0.0396876,2.12517,3,-2.87483,-2,2.68386,0,0,0,0,0,0,0,0,0,0,-0.00109966,0.000192738,-0.000706091,14.6523,-7.69775,5.41363,0,0,0,0,0,0,0,0,0,0,0,0,0,-1.95306,-4.92547,4.18285,0,1.04079,37.5951,-1.95034,-4.91028,4.17747,-6.86062,-2.95994,0,0,0,0,425002,6.38105e+06,0,0,0,0,0,0,0,0,0,0,0,0,0,0,
46.4,3.11344,179963,0.548751,31.4411,2.2403,38.3724,2.52818,2.52635,0.152901,-7.77459,12.9259,-0.242491,0.103283,0.403731,45.2279,35.3422,9994.59,932.651,1170.17,29.9973,0.162943,6.38105e+06,0.0753617,1.03047,0.825745,127223,72791.9,4986.18,0,0,0,0.0397133,2.1438,3,-2.8562,-2,2.68469,0,0,0,0,0,0,0,0,0,0,-0.0010995,0.000193145,-0.000706186,14.6904,-7.74569,5.42419,0,0,0,0,0,0,0,0,0,0,0,0,0,-1.97033,-5.03463,4.21623,0,1.04749,37.5462,-1.96814,-5.01934,4.21208,-6.98748,-3.0512,0,0,0,0,425002,6.38105e+06,0,0,0,0,0,0,0,0,0,0,0,0,0,0,
46.6,3.1136,179967,0.550118,31.5194,2.20963,38.329,2.52082,2.51871,0.153662,-7.76253,12.9155,-0.222192,0.127471,0.406168,45.229,35.3436,9995.07,932.689,1170.59,30.0825,0.136652,6.38105e+06,0.0759938,1.01928,0.825442,127183,72752.3,4982.71,0,0,0,0.0397274,2.15451,3,-2.84549,-2,2.68532,0,0,0,0,0,0,0,0,0,0,-0.00109934,0.000193545,-0.000706301,14.7287,-7.79378,5.43506,0,0,0,0,0,0,0,0,0,0,0,0,0,-1.98393,-5.14333,4.2412,0,1.05853,37.5016,-1.98224,-5.12819,4.23819,-7.11043,-3.14595,0,0,0,0,425002,6.38105e+06,0,0,0,0,0,0,0,0,0,0,0,0,0,0,
46.8,3.11373,179971,0.551544,31.6011,2.18261,38.2886,2.51939,2.51698,0.154133,-7.74543,12.9043,-0.214589,0.15239,0.40783,45.23,35.3451,9995.48,932.724,1171.01,30.1671,0.109675,6.38105e+06,0.0764528,1.01558,0.825078,127144,72712.7,4979.52,0,0,0,0.0397312,2.15815,3,-2.84185,-2,2.68577,0,0,0,0,0,0,0,0,0,0,-0.00109917,0.000193942,-0.000706431,14.767,-7.84202,5.44625,0,0,0,0,0,0,0,0,0,0,0,0,0,-1.99406,-5.24994,4.25836,0,1.07319,37.4587,-1.99285,-5.23521,4.25641,-7.22806,-3.24237,0,0,0,0,425002,6.38105e+06,0,0,0,0,0,0,0,0,0,0,0,0,0,0,
47,3.11385,179976,0.553028,31.6862,2.1594,38.2488,2.52311,2.5204,0.154338,-7.72336,12.8928,-0.218353,0.17742,0.408775,45.231,35.3465,9995.79,932.754,1171.42,30.2517,0.0826861,6.38105e+06,0.076752,1.01844,0.82467,127104,72673.1,4976.63,0,0,0,0.039726,2.15558,3,-2.84442,-2,2.68607,0,0,0,0,0,0,0,0,0,0,-0.001099,0.000194339,-0.00070657,14.8056,-7.8904,5.45774,0,0,0,0,0,0,0,0,0,0,0,0,0,-2.00093,-5.35272,4.26828,0,1.09073,37.4153,-2.00016,-5.33862,4.26731,-7.33878,-3.33846,0,0,0,0,425002,6.38105e+06,0,0,0,0,0,0,0,0,0,0,0,0,0,0,
47.2,3.11395,179981,0.554568,31.7744,2.14009,38.2074,2.53121,2.5282,0.154296,-7.69646,12.8814,-0.23207,0.202034,0.409057,45.2321,35.348,9996.02,932.781,1171.83,30.3366,0.0562758,6.38105e+06,0.0769044,1.02694,0.824232,127065,72633.6,4974.07,0,0,0,0.0397131,2.14769,3,-2.85231,-2,2.68625,0,0,0,0,0,0,0,0,0,0,-0.00109882,0.000194739,-0.000706714,14.8442,-7.93893,5.46954,0,0,0,0,0,0,0,0,0,0,0,0,0,-2.00474,-5.4502,4.27149,0,1.11048,37.3695,-2.00438,-5.43693,4.27143,-7.44131,-3.43254,0,0,0,0,425002,6.38105e+06,0,0,0,0,0,0,0,0,0,0,0,0,0,0,
47.4,3.11403,179986,0.556161,31.8657,2.12466,38.1625,2.54295,2.53964,0.154031,-7.66495,12.8703,-0.254298,0.225794,0.408732,45.2331,35.3494,9996.16,932.802,1172.23,30.4222,0.0309499,6.38105e+06,0.0769225,1.04017,0.823779,127025,72594.1,4971.85,0,0,0,0.0396939,2.13534,3,-2.86466,-2,2.68631,0,0,0,0,0,0,0,0,0,0,-0.00109863,0.000195145,-0.000706858,14.883,-7.9876,5.48166,0,0,0,0,0,0,0,0,0,0,0,0,0,-2.00568,-5.54104,4.26852,0,1.13177,37.3197,-2.00571,-5.52877,4.26929,-7.53448,-3.52306,0,0,0,0,425002,6.38105e+06,0,0,0,0,0,0,0,0,0,0,0,0,0,0,
47.6,3.11409,179991,0.557803,31.9598,2.11303,38.1126,2.55759,2.554,0.153562,-7.62908,12.86,-0.283599,0.248334,0.40785,45.2341,35.3509,9996.22,932.819,1172.64,30.509,0.007132,6.38105e+06,0.0768184,1.05725,0.823326,126986,72554.5,4970.01,0,0,0,0.0396695,2.11934,3,-2.88066,-2,2.68629,0,0,0,0,0,0,0,0,0,0,-0.00109842,0.000195558,-0.000706998,14.9219,-8.03642,5.4941,0,0,0,0,0,0,0,0,0,0,0,0,0,-2.00394,-5.62412,4.25987,0,1.15398,37.2644,-2.00434,-5.613,4.2614,-7.61734,-3.60866,0,0,0,0,425002,6.38105e+06,0,0,0,0,0,0,0,0,0,0,0,0,0,0,
47.8,3.11413,179996,0.559489,32.0564,2.10507,38.0564,2.57445,2.5706,0.152911,-7.58919,12.8505,-0.318559,0.269357,0.406466,45.2352,35.3523,9996.21,932.831,1173.05,30.597,-0.0148334,6.38105e+06,0.076604,1.07734,0.822884,126946,72515,4968.55,0,0,0,0.0396411,2.10051,3,-2.89949,-2,2.6862,0,0,0,0,0,0,0,0,0,0,-0.0010982,0.000195981,-0.000707131,14.961,-8.08538,5.50687,0,0,0,0,0,0,0,0,0,0,0,0,0,-1.99975,-5.69852,4.24605,0,1.17655,37.2027,-2.00047,-5.68865,4.24828,-7.68913,-3.68818,0,0,0,0,425002,6.38105e+06,0,0,0,0,0,0,0,0,0,0,0,0,0,0,
48,3.11415,180001,0.561214,32.1552,2.10059,37.9929,2.59289,2.58882,0.152099,-7.54561,12.8422,-0.35781,0.28862,0.404633,45.2362,35.3538,9996.13,932.839,1173.45,30.6864,-0.0346771,6.38105e+06,0.076291,1.09964,0.822463,126906,72475.5,4967.48,0,0,0,0.0396099,2.07956,3,-2.92044,-2,2.68607,0,0,0,0,0,0,0,0,0,0,-0.00109795,0.000196415,-0.000707255,15.0002,-8.13449,5.51997,0,0,0,0,0,0,0,0,0,0,0,0,0,-1.99329,-5.7635,4.22758,0,1.19895,37.1336,-1.99432,-5.75499,4.23043,-7.74931,-3.76067,0,0,0,0,425002,6.38105e+06,0,0,0,0,0,0,0,0,0,0,0,0,0,0,
48.2,3.11416,180006,0.562974,32.256,2.09938,37.9213,2.61232,2.60805,0.151147,-7.49873,12.835,-0.400043,0.305936,0.402404,45.2373,35.3552,9995.99,932.842,1173.87,30.7774,-0.0522,6.38105e+06,0.0758911,1.12344,0.822073,126867,72435.9,4966.78,0,0,0,0.0395768,2.0572,3,-2.9428,-2,2.6859,0,0,0,0,0,0,0,0,0,0,-0.00109769,0.00019686,-0.000707366,15.0395,-8.18375,5.53343,0,0,0,0,0,0,0,0,0,0,0,0,0,-1.9848,-5.81857,4.205,0,1.22072,37.0567,-1.9861,-5.81147,4.20839,-7.79758,-3.82537,0,0,0,0,425002,6.38105e+06,0,0,0,0,0,0,0,0,0,0,0,0,0,0,
48.4,3.11414,180010,0.564762,32.3585,2.10118,37.8411,2.6322,2.62777,0.150078,-7.44894,12.8292,-0.444023,0.321164,0.399836,45.2383,35.3567,9995.8,932.841,1174.28,30.87,-0.0672686,6.38105e+06,0.0754161,1.14806,0.82172,126827,72396.4,4966.45,0,0,0,0.0395428,2.03406,3,-2.96594,-2,2.68573,0,0,0,0,0,0,0,0,0,0,-0.00109741,0.000197317,-0.000707463,15.0788,-8.23317,5.54723,0,0,0,0,0,0,0,0,0,0,0,0,0,-1.9745,-5.86343,4.17885,0,1.24145,36.9716,-1.97604,-5.85778,4.18271,-7.83382,-3.88174,0,0,0,0,425002,6.38105e+06,0,0,0,0,0,0,0,0,0,0,0,0,0,0,
48.6,3.11412,180013,0.566573,32.4623,2.10571,37.7521,2.65206,2.64749,0.148914,-7.39666,12.8248,-0.488605,0.33421,0.396986,45.2394,35.3581,9995.56,932.837,1174.7,30.9642,-0.0798096,6.38105e+06,0.0748779,1.1729,0.821408,126788,72356.9,4966.46,0,0,0,0.0395086,2.01071,3,-2.98929,-2,2.68555,0,0,0,0,0,0,0,0,0,0,-0.00109712,0.000197787,-0.000707545,15.1183,-8.28275,5.56141,0,0,0,0,0,0,0,0,0,0,0,0,0,-1.96264,-5.898,4.14971,0,1.2608,36.8781,-1.96438,-5.89378,4.15395,-7.85816,-3.9294,0,0,0,0,425002,6.38105e+06,0,0,0,0,0,0,0,0,0,0,0,0,0,0,
48.8,3.11408,180016,0.568402,32.567,2.11268,37.6543,2.67145,2.66678,0.147678,-7.34231,12.8218,-0.532742,0.345019,0.393913,45.2404,35.3595,9995.28,932.829,1175.12,31.0601,-0.0898045,6.38105e+06,0.0742886,1.19739,0.821141,126748,72317.3,4966.77,0,0,0,0.0394752,1.98766,3,-3.01234,-2,2.68538,0,0,0,0,0,0,0,0,0,0,-0.0010968,0.000198268,-0.000707611,15.1579,-8.33249,5.57596,0,0,0,0,0,0,0,0,0,0,0,0,0,-1.94947,-5.92236,4.11815,0,1.27846,36.7765,-1.95138,-5.91956,4.12269,-7.87094,-3.96818,0,0,0,0,425002,6.38105e+06,0,0,0,0,0,0,0,0,0,0,0,0,0,0,
49,3.11403,180019,0.570243,32.6725,2.12177,37.5478,2.69002,2.68528,0.146393,-7.28632,12.8201,-0.5755,0.353576,0.390674,45.2415,35.361,9994.98,932.819,1175.54,31.1574,-0.0972842,6.38105e+06,0.0736602,1.22107,0.820919,126709,72277.8,4967.35,0,0,0,0.0394431,1.96538,3,-3.03462,-2,2.68524,0,0,0,0,0,0,0,0,0,0,-0.00109647,0.000198761,-0.00070766,15.1976,-8.38239,5.5909,0,0,0,0,0,0,0,0,0,0,0,0,0,-1.93525,-5.93682,4.08477,0,1.29422,36.6669,-1.93729,-5.93538,4.08953,-7.87267,-3.99808,0,0,0,0,425002,6.38105e+06,0,0,0,0,0,0,0,0,0,0,0,0,0,0,
49.2,3.11398,180021,0.57209,32.7784,2.13266,37.4329,2.70745,2.70266,0.14508,-7.22909,12.8198,-0.616063,0.359903,0.387328,45.2425,35.3624,9994.65,932.806,1175.97,31.2562,-0.102324,6.38105e+06,0.0730047,1.24352,0.820743,126669,72238.2,4968.17,0,0,0,0.0394128,1.94426,3,-3.05574,-2,2.68514,0,0,0,0,0,0,0,0,0,0,-0.00109613,0.000199264,-0.000707692,15.2373,-8.43246,5.60623,0,0,0,0,0,0,0,0,0,0,0,0,0,-1.92026,-5.94181,4.05018,0,1.3079,36.5497,-1.92239,-5.94166,4.05507,-7.86406,-4.01927,0,0,0,0,425002,6.38105e+06,0,0,0,0,0,0,0,0,0,0,0,0,0,0,
49.4,3.11391,180023,0.57394,32.8843,2.14503,37.3103,2.72346,2.71865,0.143761,-7.17103,12.8207,-0.653741,0.364053,0.383932,45.2436,35.3638,9994.32,932.791,1176.4,31.3563,-0.105036,6.38105e+06,0.0723338,1.26437,0.820611,126630,72198.6,4969.16,0,0,0,0.0393849,1.92462,3,-3.07538,-2,2.68507,0,0,0,0,0,0,0,0,0,0,-0.00109576,0.000199777,-0.000707708,15.2771,-8.4827,5.62197,0,0,0,0,0,0,0,0,0,0,0,0,0,-1.90475,-5.93793,4.01493,0,1.31937,36.4255,-1.90695,-5.93898,4.01988,-7.84593,-4.03203,0,0,0,0,425002,6.38105e+06,0,0,0,0,0,0,0,0,0,0,0,0,0,0,
49.6,3.11384,180024,0.575786,32.9901,2.15855,37.1804,2.73785,2.73305,0.142456,-7.11254,12.8227,-0.687969,0.366113,0.380539,45.2447,35.3653,9993.97,932.774,1176.83,31.4575,-0.105566,6.38104e+06,0.0716589,1.28335,0.820522,126590,72159.1,4970.3,0,0,0,0.0393597,1.90675,3,-3.09325,-2,2.68505,0,0,0,0,0,0,0,0,0,0,-0.00109539,0.000200299,-0.000707708,15.317,-8.53312,5.63812,0,0,0,0,0,0,0,0,0,0,0,0,0,-1.889,-5.92587,3.9796,0,1.32858,36.2949,-1.89121,-5.92802,3.98453,-7.81923,-4.03682,0,0,0,0,425002,6.38104e+06,0,0,0,0,0,0,0,0,0,0,0,0,0,0,
49.8,3.11377,180025,0.577624,33.0954,2.17291,37.044,2.75045,2.74568,0.141184,-7.05398,12.8258,-0.718312,0.366196,0.3772,45.2457,35.3667,9993.63,932.757,1177.27,31.5596,-0.104089,6.38104e+06,0.0709904,1.30023,0.820472,126550,72119.5,4971.53,0,0,0,0.0393375,1.89086,3,-3.10914,-2,2.68508,0,0,0,0,0,0,0,0,0,0,-0.00109501,0.000200829,-0.000707692,15.3569,-8.58371,5.65469,0,0,0,0,0,0,0,0,0,0,0,0,0,-1.87323,-5.90645,3.9447,0,1.33551,36.1586,-1.87543,-5.90958,3.94955,-7.78501,-4.03415,0,0,0,0,425002,6.38104e+06,0,0,0,0,0,0,0,0,0,0,0,0,0,0,
50,3.11369,180026,0.579452,33.2001,2.1878,36.9019,2.76116,2.75643,0.139959,-6.99568,12.8297,-0.744456,0.364438,0.373959,45.2468,35.3681,9993.3,932.738,1177.71,31.6626,-0.1008,6.38104e+06,0.0703382,1.31483,0.820459,126511,72079.9,4972.82,0,0,0,0.0393186,1.8771,3,-3.1229,-2,2.68517,0,0,0,0,0,0,0,0,0,0,-0.00109461,0.000201365,-0.000707663,15.3969,-8.63449,5.67169,0,0,0,0,0,0,0,0,0,0,0,0,0,-1.85768,-5.88051,3.91071,0,1.34018,36.0174,-1.85984,-5.8845,3.9154,-7.74434,-4.02466,0,0,0,0,425002,6.38104e+06,0,0,0,0,0,0,0,0,0,0,0,0,0,0,
50.2,3.11361,180025,0.581265,33.304,2.20293,36.755,2.7699,2.76523,0.138796,-6.93798,12.8345,-0.766208,0.360997,0.370857,45.2479,35.3696,9992.98,932.72,1178.15,31.7662,-0.0959095,6.38104e+06,0.0697109,1.32704,0.820479,126471,72040.3,4974.12,0,0,0,0.039303,1.86559,3,-3.13441,-2,2.68532,0,0,0,0,0,0,0,0,0,0,-0.00109421,0.000201906,-0.000707621,15.4369,-8.68545,5.68912,0,0,0,0,0,0,0,0,0,0,0,0,0,-1.84256,-5.84899,3.87805,0,1.34266,35.8721,-1.84465,-5.8537,3.88253,-7.69835,-4.00906,0,0,0,0,425002,6.38104e+06,0,0,0,0,0,0,0,0,0,0,0,0,0,0,
50.4,3.11354,180025,0.58306,33.4069,2.21802,36.6041,2.77664,2.77206,0.137706,-6.88113,12.8398,-0.783484,0.356045,0.367925,45.249,35.371,9992.68,932.701,1178.59,31.8701,-0.0896418,6.38104e+06,0.069116,1.33682,0.820528,126432,72000.6,4975.4,0,0,0,0.0392908,1.85637,3,-3.14363,-2,2.68553,0,0,0,0,0,0,0,0,0,0,-0.00109381,0.00020245,-0.000707567,15.477,-8.7366,5.70699,0,0,0,0,0,0,0,0,0,0,0,0,0,-1.82804,-5.81279,3.84705,0,1.34307,35.7235,-1.83003,-5.8181,3.85128,-7.64813,-3.98807,0,0,0,0,425002,6.38104e+06,0,0,0,0,0,0,0,0,0,0,0,0,0,0,
50.6,3.11347,180024,0.584835,33.5086,2.23283,36.4502,2.78141,2.77692,0.136698,-6.82539,12.8456,-0.796302,0.349769,0.365192,45.2501,35.3724,9992.4,932.683,1179.03,31.9744,-0.0822267,6.38104e+06,0.0685595,1.34414,0.820602,126392,71961,4976.63,0,0,0,0.039282,1.84946,3,-3.15054,-2,2.68579,0,0,0,0,0,0,0,0,0,0,-0.00109339,0.000202998,-0.000707503,15.5171,-8.78794,5.72531,0,0,0,0,0,0,0,0,0,0,0,0,0,-1.81427,-5.77285,3.81802,0,1.34152,35.5725,-1.81615,-5.77863,3.82196,-7.59478,-3.96248,0,0,0,0,425002,6.38104e+06,0,0,0,0,0,0,0,0,0,0,0,0,0,0,
50.8,3.1134,180023,0.586587,33.609,2.24713,36.294,2.78424,2.77985,0.135776,-6.77095,12.8518,-0.80477,0.342362,0.362676,45.2512,35.3738,9992.15,932.666,1179.47,32.0786,-0.0738957,6.38104e+06,0.0680464,1.34906,0.820697,126352,71921.4,4977.79,0,0,0,0.0392765,1.84482,3,-3.15518,-2,2.68611,0,0,0,0,0,0,0,0,0,0,-0.00109298,0.000203546,-0.000707431,15.5572,-8.83946,5.74406,0,0,0,0,0,0,0,0,0,0,0,0,0,-1.80137,-5.73008,3.79116,0,1.33818,35.4198,-1.80312,-5.73621,3.79478,-7.53933,-3.93309,0,0,0,0,425002,6.38104e+06,0,0,0,0,0,0,0,0,0,0,0,0,0,0,
51,3.11333,180022,0.588317,33.7081,2.26072,36.1365,2.78522,2.78094,0.134946,-6.718,12.8581,-0.809072,0.334019,0.36039,45.2522,35.3753,9991.92,932.649,1179.92,32.1828,-0.0648781,6.38104e+06,0.0675798,1.35165,0.82081,126313,71881.7,4978.85,0,0,0,0.0392743,1.84237,3,-3.15763,-2,2.68649,0,0,0,0,0,0,0,0,0,0,-0.00109257,0.000204094,-0.000707352,15.5973,-8.89119,5.76327,0,0,0,0,0,0,0,0,0,0,0,0,0,-1.78942,-5.68536,3.76662,0,1.33324,35.2663,-1.79103,-5.69171,3.76991,-7.48274,-3.90067,0,0,0,0,425002,6.38104e+06,0,0,0,0,0,0,0,0,0,0,0,0,0,0,
51.2,3.11327,180020,0.590021,33.8057,2.27344,35.9785,2.78445,2.78029,0.134208,-6.66665,12.8645,-0.80946,0.324939,0.358341,45.2533,35.3767,9991.73,932.634,1180.36,32.2866,-0.0553967,6.38104e+06,0.067162,1.35203,0.820937,126273,71842.1,4979.79,0,0,0,0.039275,1.842,3,-3.158,-2,2.68692,0,0,0,0,0,0,0,0,0,0,-0.00109215,0.000204641,-0.000707268,15.6375,-8.9431,5.78292,0,0,0,0,0,0,0,0,0,0,0,0,0,-1.77848,-5.63951,3.74448,0,1.32687,35.1126,-1.77995,-5.64597,3.74743,-7.42592,-3.86602,0,0,0,0,425002,6.38104e+06,0,0,0,0,0,0,0,0,0,0,0,0,0,0,
51.4,3.11322,180019,0.591701,33.902,2.28513,35.8207,2.78206,2.77802,0.13356,-6.617,12.8709,-0.806235,0.315314,0.356529,45.2544,35.3781,9991.56,932.62,1180.8,32.3901,-0.0456642,6.38104e+06,0.0667937,1.35035,0.821074,126233,71802.4,4980.61,0,0,0,0.0392786,1.84358,3,-3.15642,-2,2.68739,0,0,0,0,0,0,0,0,0,0,-0.00109174,0.000205186,-0.000707179,15.6777,-8.99522,5.80302,0,0,0,0,0,0,0,0,0,0,0,0,0,-1.76858,-5.5933,3.72474,0,1.31929,34.9595,-1.76991,-5.59977,3.72736,-7.36967,-3.82986,0,0,0,0,425002,6.38104e+06,0,0,0,0,0,0,0,0,0,0,0,0,0,0,
51.6,3.11317,180017,0.593355,33.9968,2.2957,35.6638,2.7782,2.77429,0.132999,-6.5691,12.8771,-0.79974,0.305332,0.35495,45.2555,35.3795,9991.43,932.608,1181.23,32.4929,-0.0358803,6.38104e+06,0.0664743,1.34677,0.821218,126194,71762.7,4981.3,0,0,0,0.0392847,1.84694,3,-3.15306,-2,2.68791,0,0,0,0,0,0,0,0,0,0,-0.00109134,0.000205728,-0.000707089,15.718,-9.04753,5.82356,0,0,0,0,0,0,0,0,0,0,0,0,0,-1.75972,-5.54743,3.70737,0,1.31069,34.8075,-1.7609,-5.55381,3.70966,-7.31471,-3.79291,0,0,0,0,425002,6.38104e+06,0,0,0,0,0,0,0,0,0,0,0,0,0,0,
51.8,3.11313,180015,0.594985,34.0901,2.30506,35.5084,2.77303,2.76924,0.132522,-6.52298,12.883,-0.790347,0.295168,0.353592,45.2566,35.3809,9991.33,932.597,1181.67,32.5951,-0.0262291,6.38104e+06,0.0662026,1.34149,0.821366,126154,71723.1,4981.85,0,0,0,0.0392932,1.85191,3,-3.14809,-2,2.68847,0,0,0,0,0,0,0,0,0,0,-0.00109093,0.000206267,-0.000706997,15.7583,-9.10003,5.84455,0,0,0,0,0,0,0,0,0,0,0,0,0,-1.75188,-5.50254,3.69228,0,1.3013,34.6572,-1.75291,-5.50874,3.69426,-7.26166,-3.75583,0,0,0,0,425002,6.38104e+06,0,0,0,0,0,0,0,0,0,0,0,0,0,0,
52,3.1131,180013,0.596589,34.1821,2.31315,35.3551,2.76672,2.76305,0.132121,-6.47863,12.8885,-0.778444,0.284989,0.352444,45.2577,35.3823,9991.26,932.588,1182.1,32.6965,-0.016877,6.38104e+06,0.065976,1.33472,0.821516,126114,71683.4,4982.26,0,0,0,0.0393036,1.85828,3,-3.14172,-2,2.68906,0,0,0,0,0,0,0,0,0,0,-0.00109053,0.0002068,-0.000706905,15.7986,-9.15274,5.86598,0,0,0,0,0,0,0,0,0,0,0,0,0,-1.745,-5.45917,3.67933,0,1.2913,34.5092,-1.74591,-5.46513,3.68102,-7.21104,-3.71922,0,0,0,0,425002,6.38104e+06,0,0,0,0,0,0,0,0,0,0,0,0,0,0,
52.2,3.11307,180011,0.59817,34.2726,2.31996,35.2043,2.75945,2.75589,0.13179,-6.43601,12.8937,-0.764427,0.274946,0.351488,45.2588,35.3838,9991.22,932.581,1182.54,32.797,-0.00797108,6.38103e+06,0.0657916,1.32667,0.821664,126075,71643.8,4982.54,0,0,0,0.0393157,1.86587,3,-3.13413,-2,2.68968,0,0,0,0,0,0,0,0,0,0,-0.00109014,0.000207329,-0.000706814,15.8389,-9.20564,5.88785,0,0,0,0,0,0,0,0,0,0,0,0,0,-1.73904,-5.41781,3.66837,0,1.2809,34.3637,-1.73982,-5.42346,3.66979,-7.16328,-3.68364,0,0,0,0,425002,6.38103e+06,0,0,0,0,0,0,0,0,0,0,0,0,0,0,
52.4,3.11305,180009,0.599729,34.3619,2.32547,35.0565,2.75139,2.74795,0.131521,-6.39507,12.8983,-0.748693,0.265174,0.350706,45.26,35.3852,9991.21,932.576,1182.96,32.8966,0.000361844,6.38103e+06,0.0656456,1.31756,0.82181,126035,71604.1,4982.69,0,0,0,0.0393293,1.87445,3,-3.12555,-2,2.69032,0,0,0,0,0,0,0,0,0,0,-0.00108976,0.000207853,-0.000706726,15.8793,-9.25875,5.91016,0,0,0,0,0,0,0,0,0,0,0,0,0,-1.73392,-5.37885,3.6592,0,1.27029,34.2211,-1.73459,-5.38414,3.66039,-7.11874,-3.64955,0,0,0,0,425002,6.38103e+06,0,0,0,0,0,0,0,0,0,0,0,0,0,0,
52.6,3.11304,180008,0.601266,34.45,2.32972,34.9118,2.74273,2.73939,0.131307,-6.35572,12.9025,-0.73163,0.255793,0.350078,45.2611,35.3866,9991.23,932.572,1183.39,32.9952,0.00801605,6.38103e+06,0.065534,1.30762,0.821949,125995,71564.4,4982.71,0,0,0,0.0393439,1.88383,3,-3.11617,-2,2.69099,0,0,0,0,0,0,0,0,0,0,-0.00108938,0.000208371,-0.00070664,15.9197,-9.31205,5.93291,0,0,0,0,0,0,0,0,0,0,0,0,0,-1.72957,-5.34262,3.65163,0,1.25964,34.0818,-1.73013,-5.34752,3.6526,-7.07765,-3.61738,0,0,0,0,425002,6.38103e+06,0,0,0,0,0,0,0,0,0,0,0,0,0,0,
52.8,3.11303,180006,0.602783,34.5369,2.33275,34.7707,2.73363,2.73039,0.131138,-6.31785,12.906,-0.713612,0.246904,0.349581,45.2622,35.388,9991.27,932.57,1183.81,33.0928,0.0149069,6.38103e+06,0.0654524,1.29705,0.822082,125956,71524.8,4982.62,0,0,0,0.0393594,1.8938,3,-3.1062,-2,2.69166,0,0,0,0,0,0,0,0,0,0,-0.001089,0.000208883,-0.000706558,15.9602,-9.36555,5.95608,0,0,0,0,0,0,0,0,0,0,0,0,0,-1.72589,-5.30938,3.64543,0,1.24911,33.9458,-1.72636,-5.31384,3.64622,-7.04021,-3.58748,0,0,0,0,425002,6.38103e+06,0,0,0,0,0,0,0,0,0,0,0,0,0,0,
53,3.11303,180004,0.604281,34.6227,2.33461,34.6331,2.72426,2.72111,0.131007,-6.28136,12.909,-0.694994,0.238593,0.349196,45.2633,35.3894,9991.33,932.569,1184.22,33.1893,0.0209707,6.38103e+06,0.0653964,1.28608,0.822205,125916,71485.1,4982.41,0,0,0,0.0393753,1.90415,3,-3.09585,-2,2.69234,0,0,0,0,0,0,0,0,0,0,-0.00108864,0.000209389,-0.00070648,16.0007,-9.41924,5.97967,0,0,0,0,0,0,0,0,0,0,0,0,0,-1.72279,-5.2793,3.6404,0,1.23885,33.8134,-1.72319,-5.28331,3.64104,-7.0065,-3.56012,0,0,0,0,425002,6.38103e+06,0,0,0,0,0,0,0,0,0,0,0,0,0,0,
53.2,3.11304,180003,0.605762,34.7076,2.3354,34.4993,2.71479,2.71172,0.130906,-6.24612,12.9113,-0.676108,0.230927,0.348901,45.2644,35.3908,9991.4,932.57,1184.64,33.2848,0.0261641,6.38103e+06,0.0653614,1.27489,0.822318,125876,71445.5,4982.11,0,0,0,0.0393915,1.91472,3,-3.08528,-2,2.69303,0,0,0,0,0,0,0,0,0,0,-0.00108828,0.000209889,-0.000706407,16.0413,-9.47313,6.00369,0,0,0,0,0,0,0,0,0,0,0,0,0,-1.72018,-5.2525,3.63631,0,1.22898,33.6845,-1.72052,-5.25605,3.63683,-6.97657,-3.53552,0,0,0,0,425002,6.38103e+06,0,0,0,0,0,0,0,0,0,0,0,0,0,0,
53.4,3.11305,180002,0.607229,34.7916,2.33519,34.3692,2.70534,2.70235,0.130827,-6.21199,12.9131,-0.657261,0.223956,0.348675,45.2656,35.3922,9991.5,932.572,1185.05,33.3792,0.030463,6.38103e+06,0.0653432,1.26367,0.82242,125837,71405.9,4981.72,0,0,0,0.0394077,1.92531,3,-3.07469,-2,2.69371,0,0,0,0,0,0,0,0,0,0,-0.00108793,0.000210383,-0.00070634,16.0819,-9.52722,6.02813,0,0,0,0,0,0,0,0,0,0,0,0,0,-1.71798,-5.22902,3.63296,0,1.21962,33.5592,-1.71827,-5.23211,3.63339,-6.95038,-3.51384,0,0,0,0,425002,6.38103e+06,0,0,0,0,0,0,0,0,0,0,0,0,0,0,
53.6,3.11307,180000,0.608682,34.8749,2.3341,34.2429,2.69607,2.69314,0.130762,-6.17884,12.9142,-0.638729,0.217715,0.348498,45.2667,35.3936,9991.6,932.575,1185.45,33.4726,0.0338616,6.38103e+06,0.0653373,1.25259,0.82251,125797,71366.2,4981.25,0,0,0,0.0394237,1.93577,3,-3.06423,-2,2.69439,0,0,0,0,0,0,0,0,0,0,-0.00108759,0.000210872,-0.000706277,16.1226,-9.58151,6.05297,0,0,0,0,0,0,0,0,0,0,0,0,0,-1.7161,-5.20888,3.63015,0,1.21085,33.4374,-1.71634,-5.2115,3.63052,-6.92784,-3.49516,0,0,0,0,425002,6.38103e+06,0,0,0,0,0,0,0,0,0,0,0,0,0,0,
53.8,3.11308,179999,0.610122,34.9574,2.33223,34.1201,2.68708,2.68421,0.130706,-6.14653,12.9148,-0.62076,0.212222,0.348353,45.2678,35.395,9991.72,932.58,1185.85,33.565,0.0363707,6.38103e+06,0.0653398,1.24181,0.822587,125758,71326.6,4980.72,0,0,0,0.0394392,1.94597,3,-3.05403,-2,2.69506,0,0,0,0,0,0,0,0,0,0,-0.00108725,0.000211355,-0.00070622,16.1633,-9.63599,6.07823,0,0,0,0,0,0,0,0,0,0,0,0,0,-1.71444,-5.192,3.6277,0,1.20275,33.319,-1.71466,-5.19417,3.62803,-6.90883,-3.4795,0,0,0,0,425002,6.38103e+06,0,0,0,0,0,0,0,0,0,0,0,0,0,0,
54,3.11311,179999,0.611553,35.0394,2.32969,34.0009,2.67848,2.67565,0.130651,-6.11491,12.9148,-0.60357,0.207481,0.348223,45.269,35.3964,9991.84,932.585,1186.25,33.6564,0.0380163,6.38103e+06,0.0653469,1.23145,0.822651,125718,71287,4980.12,0,0,0,0.039454,1.95576,3,-3.04424,-2,2.69573,0,0,0,0,0,0,0,0,0,0,-0.00108692,0.000211832,-0.000706168,16.2041,-9.69066,6.10389,0,0,0,0,0,0,0,0,0,0,0,0,0,-1.71295,-5.17827,3.62543,0,1.19539,33.204,-1.71315,-5.18001,3.62574,-6.89316,-3.46686,0,0,0,0,425002,6.38103e+06,0,0,0,0,0,0,0,0,0,0,0,0,0,0,
54.2,3.11313,179998,0.612975,35.1209,2.3266,33.885,2.67036,2.66756,0.130592,-6.08385,12.9142,-0.587344,0.203484,0.348092,45.2701,35.3978,9991.97,932.59,1186.64,33.7469,0.0388379,6.38103e+06,0.0653552,1.22164,0.822702,125678,71247.4,4979.48,0,0,0,0.0394681,1.96503,3,-3.03497,-2,2.69637,0,0,0,0,0,0,0,0,0,0,-0.0010866,0.000212305,-0.000706121,16.245,-9.74553,6.12995,0,0,0,0,0,0,0,0,0,0,0,0,0,-1.71153,-5.16755,3.62318,0,1.18879,33.092,-1.71173,-5.16888,3.6235,-6.88061,-3.45715,0,0,0,0,425002,6.38103e+06,0,0,0,0,0,0,0,0,0,0,0,0,0,0,
54.4,3.11316,179998,0.614389,35.2019,2.32308,33.7722,2.66279,2.66002,0.130525,-6.05321,12.9132,-0.572234,0.200209,0.347947,45.2712,35.3992,9992.1,932.597,1187.03,33.8366,0.0388865,6.38103e+06,0.0653617,1.21247,0.822739,125639,71207.7,4978.8,0,0,0,0.0394812,1.97371,3,-3.02629,-2,2.697,0,0,0,0,0,0,0,0,0,0,-0.00108628,0.000212773,-0.00070608,16.2859,-9.80059,6.1564,0,0,0,0,0,0,0,0,0,0,0,0,0,-1.71013,-5.15966,3.62082,0,1.18297,32.9829,-1.71033,-5.1606,3.62116,-6.87093,-3.45027,0,0,0,0,425002,6.38103e+06,0,0,0,0,0,0,0,0,0,0,0,0,0,0,
54.6,3.11319,179997,0.615797,35.2826,2.31924,33.6623,2.65582,2.65307,0.130445,-6.02288,12.9116,-0.558365,0.197625,0.347775,45.2724,35.4006,9992.22,932.603,1187.42,33.9254,0.0382225,6.38103e+06,0.0653635,1.20402,0.822764,125599,71168.1,4978.1,0,0,0,0.0394934,1.98172,3,-3.01828,-2,2.69762,0,0,0,0,0,0,0,0,0,0,-0.00108596,0.000213236,-0.000706043,16.3269,-9.85584,6.18325,0,0,0,0,0,0,0,0,0,0,0,0,0,-1.70869,-5.15436,3.61822,0,1.17796,32.8764,-1.7089,-5.15495,3.6186,-6.86385,-3.44605,0,0,0,0,425002,6.38103e+06,0,0,0,0,0,0,0,0,0,0,0,0,0,0,
54.8,3.11322,179997,0.617201,35.363,2.31519,33.5551,2.6495,2.64676,0.130349,-5.99273,12.9097,-0.545827,0.19569,0.347567,45.2735,35.402,9992.35,932.61,1187.8,34.0134,0.0369145,6.38103e+06,0.0653582,1.19634,0.822776,125560,71128.5,4977.38,0,0,0,0.0395044,1.98899,3,-3.01101,-2,2.69821,0,0,0,0,0,0,0,0,0,0,-0.00108565,0.000213695,-0.000706011,16.368,-9.91128,6.21049,0,0,0,0,0,0,0,0,0,0,0,0,0,-1.70716,-5.15142,3.61527,0,1.17373,32.7724,-1.70738,-5.1517,3.61571,-6.85908,-3.44432,0,0,0,0,425002,6.38103e+06,0,0,0,0,0,0,0,0,0,0,0,0,0,0,
55,3.11324,179997,0.618601,35.4432,2.31103,33.4502,2.64386,2.64111,0.130233,-5.96267,12.9073,-0.534684,0.194358,0.347313,45.2747,35.4034,9992.47,932.617,1188.18,34.1008,0.0350368,6.38103e+06,0.0653439,1.18949,0.822777,125520,71088.9,4976.64,0,0,0,0.0395143,1.9955,3,-3.0045,-2,2.69879,0,0,0,0,0,0,0,0,0,0,-0.00108534,0.000214151,-0.000705982,16.4091,-9.96692,6.23811,0,0,0,0,0,0,0,0,0,0,0,0,0,-1.70548,-5.15057,3.61189,0,1.17027,32.6705,-1.70573,-5.15057,3.61239,-6.8563,-3.44485,0,0,0,0,425002,6.38103e+06,0,0,0,0,0,0,0,0,0,0,0,0,0,0,
55.2,3.11327,179998,0.619998,35.5233,2.30687,33.3474,2.6389,2.63615,0.130096,-5.93258,12.9046,-0.524971,0.193572,0.347006,45.2758,35.4048,9992.58,932.624,1188.55,34.1875,0.0326677,6.38103e+06,0.0653188,1.18347,0.822767,125480,71049.4,4975.91,0,0,0,0.039523,2.00121,3,-2.99879,-2,2.69935,0,0,0,0,0,0,0,0,0,0,-0.00108504,0.000214603,-0.000705958,16.4504,-10.0227,6.26612,0,0,0,0,0,0,0,0,0,0,0,0,0,-1.70363,-5.15154,3.60799,0,1.16755,32.5704,-1.7039,-5.15131,3.60857,-6.85521,-3.4474,0,0,0,0,425002,6.38103e+06,0,0,0,0,0,0,0,0,0,0,0,0,0,0,
55.4,3.1133,179998,0.621393,35.6032,2.3028,33.2464,2.63463,2.63187,0.129934,-5.9024,12.9016,-0.516699,0.193274,0.34664,45.277,35.4061,9992.68,932.631,1188.93,34.2737,0.0298882,6.38103e+06,0.0652816,1.1783,0.822746,125441,71009.8,4975.19,0,0,0,0.0395306,2.00613,3,-2.99387,-2,2.69988,0,0,0,0,0,0,0,0,0,0,-0.00108474,0.000215053,-0.000705936,16.4917,-10.0788,6.29451,0,0,0,0,0,0,0,0,0,0,0,0,0,-1.70157,-5.15404,3.60352,0,1.16553,32.472,-1.70187,-5.15361,3.60418,-6.85548,-3.45174,0,0,0,0,425002,6.38103e+06,0,0,0,0,0,0,0,0,0,0,0,0,0,0,
55.6,3.11332,179998,0.622788,35.6831,2.29889,33.1469,2.63104,2.62826,0.129748,-5.87203,12.8983,-0.509853,0.1934,0.346212,45.2781,35.4075,9992.77,932.637,1189.3,34.3593,0.0267798,6.38103e+06,0.0652312,1.17396,0.822718,125401,70970.2,4974.48,0,0,0,0.0395369,2.01026,3,-2.98974,-2,2.7004,0,0,0,0,0,0,0,0,0,0,-0.00108444,0.0002155,-0.000705917,16.5331,-10.135,6.32328,0,0,0,0,0,0,0,0,0,0,0,0,0,-1.69926,-5.15777,3.59843,0,1.16414,32.3748,-1.6996,-5.15719,3.59918,-6.85679,-3.45758,0,0,0,0,425002,6.38103e+06,0,0,0,0,0,0,0,0,0,0,0,0,0,0,
55.8,3.11335,179999,0.624181,35.763,2.29521,33.0487,2.62809,2.62529,0.129536,-5.84144,12.8948,-0.504395,0.193887,0.345718,45.2793,35.4089,9992.86,932.643,1189.66,34.4445,0.0234233,6.38103e+06,0.0651668,1.17044,0.822681,125362,70930.6,4973.8,0,0,0,0.0395422,2.01363,3,-2.98637,-2,2.7009,0,0,0,0,0,0,0,0,0,0,-0.00108414,0.000215945,-0.000705901,16.5745,-10.1913,6.35243,0,0,0,0,0,0,0,0,0,0,0,0,0,-1.6967,-5.16246,3.59269,0,1.16335,32.2788,-1.69708,-5.16176,3.59354,-6.85884,-3.46468,0,0,0,0,425002,6.38103e+06,0,0,0,0,0,0,0,0,0,0,0,0,0,0,
56,3.11337,179999,0.625575,35.8428,2.29183,32.9514,2.62577,2.62295,0.129299,-5.81055,12.8911,-0.500271,0.194669,0.345157,45.2805,35.4103,9992.93,932.649,1190.03,34.5292,0.0198974,6.38103e+06,0.0650881,1.1677,0.822638,125322,70891.1,4973.14,0,0,0,0.0395464,2.01625,3,-2.98375,-2,2.70138,0,0,0,0,0,0,0,0,0,0,-0.00108384,0.000216388,-0.000705886,16.6161,-10.2479,6.38196,0,0,0,0,0,0,0,0,0,0,0,0,0,-1.69387,-5.16781,3.58628,0,1.16308,32.1835,-1.69429,-5.16703,3.58722,-6.86132,-3.47275,0,0,0,0,425002,6.38103e+06,0,0,0,0,0,0,0,0,0,0,0,0,0,0,
56.2,3.11339,180000,0.626968,35.9226,2.2888,32.8548,2.62403,2.62118,0.129035,-5.77935,12.8872,-0.497406,0.19568,0.344527,45.2816,35.4117,9992.99,932.654,1190.39,34.6136,0.0162775,6.38103e+06,0.0649947,1.16569,0.822591,125282,70851.5,4972.52,0,0,0,0.0395495,2.01819,3,-2.98181,-2,2.70184,0,0,0,0,0,0,0,0,0,0,-0.00108354,0.00021683,-0.000705872,16.6578,-10.3047,6.41187,0,0,0,0,0,0,0,0,0,0,0,0,0,-1.69076,-5.17357,3.5792,0,1.16327,32.0888,-1.69121,-5.17275,3.58023,-6.86396,-3.48154,0,0,0,0,425002,6.38103e+06,0,0,0,0,0,0,0,0,0,0,0,0,0,0,
56.4,3.11341,180001,0.628362,36.0025,2.28616,32.7587,2.62282,2.61994,0.128746,-5.7478,12.8833,-0.495711,0.196857,0.343831,45.2828,35.4131,9993.04,932.658,1190.75,34.6977,0.0126345,6.38103e+06,0.0648869,1.16437,0.822539,125243,70811.9,4971.93,0,0,0,0.0395518,2.01949,3,-2.98051,-2,2.70229,0,0,0,0,0,0,0,0,0,0,-0.00108324,0.00021727,-0.000705859,16.6995,-10.3617,6.44215,0,0,0,0,0,0,0,0,0,0,0,0,0,-1.68736,-5.17947,3.57144,0,1.16385,31.9944,-1.68785,-5.17864,3.57256,-6.86649,-3.49079,0,0,0,0,425002,6.38103e+06,0,0,0,0,0,0,0,0,0,0,0,0,0,0,
56.6,3.11342,180001,0.629756,36.0824,2.28393,32.6628,2.62209,2.61918,0.128432,-5.71588,12.8793,-0.495085,0.198138,0.343069,45.2839,35.4144,9993.07,932.662,1191.1,34.7815,0.00903429,6.38103e+06,0.0647648,1.16366,0.822485,125203,70772.4,4971.39,0,0,0,0.0395531,2.0202,3,-2.9798,-2,2.70272,0,0,0,0,0,0,0,0,0,0,-0.00108294,0.00021771,-0.000705846,16.7413,-10.4188,6.47281,0,0,0,0,0,0,0,0,0,0,0,0,0,-1.68367,-5.18527,3.56302,0,1.16475,31.9001,-1.6842,-5.18448,3.56424,-6.86868,-3.50027,0,0,0,0,425002,6.38103e+06,0,0,0,0,0,0,0,0,0,0,0,0,0,0,
56.8,3.11343,180002,0.631151,36.1623,2.28214,32.567,2.62178,2.61885,0.128095,-5.6836,12.8752,-0.495417,0.199467,0.342244,45.2851,35.4158,9993.1,932.666,1191.46,34.8651,0.00553643,6.38103e+06,0.0646289,1.1635,0.822429,125164,70732.8,4970.89,0,0,0,0.0395538,2.02038,3,-2.97962,-2,2.70314,0,0,0,0,0,0,0,0,0,0,-0.00108264,0.000218149,-0.000705832,16.7832,-10.4762,6.50384,0,0,0,0,0,0,0,0,0,0,0,0,0,-1.67971,-5.19077,3.55397,0,1.1659,31.8058,-1.68028,-5.19003,3.55527,-6.87031,-3.50975,0,0,0,0,425002,6.38103e+06,0,0,0,0,0,0,0,0,0,0,0,0,0,0,
57,3.11344,180003,0.632546,36.2422,2.2808,32.471,2.62184,2.61889,0.127736,-5.65095,12.8711,-0.496588,0.20079,0.34136,45.2863,35.4172,9993.11,932.668,1191.81,34.9485,0.00219406,6.38103e+06,0.06448,1.16383,0.822374,125124,70693.3,4970.43,0,0,0,0.0395538,2.02012,3,-2.97988,-2,2.70355,0,0,0,0,0,0,0,0,0,0,-0.00108234,0.000218587,-0.000705819,16.8252,-10.5337,6.53525,0,0,0,0,0,0,0,0,0,0,0,0,0,-1.67547,-5.19577,3.54431,0,1.16723,31.7113,-1.67608,-5.1951,3.5457,-6.87118,-3.51902,0,0,0,0,425002,6.38103e+06,0,0,0,0,0,0,0,0,0,0,0,0,0,0,
57.2,3.11345,180003,0.63394,36.3221,2.27992,32.3747,2.62221,2.61923,0.127358,-5.61795,12.867,-0.498474,0.202057,0.340421,45.2875,35.4186,9993.11,932.67,1192.16,35.0317,-0.00094668,6.38102e+06,0.0643188,1.16457,0.822319,125085,70653.7,4970.03,0,0,0,0.0395532,2.01947,3,-2.98053,-2,2.70395,0,0,0,0,0,0,0,0,0,0,-0.00108204,0.000219025,-0.000705804,16.8673,-10.5914,6.56704,0,0,0,0,0,0,0,0,0,0,0,0,0,-1.67098,-5.20009,3.53409,0,1.16867,31.6165,-1.67162,-5.19953,3.53556,-6.87115,-3.52791,0,0,0,0,425002,6.38102e+06,0,0,0,0,0,0,0,0,0,0,0,0,0,0,
57.4,3.11345,180004,0.635334,36.402,2.27947,32.278,2.62282,2.61982,0.126961,-5.58463,12.8629,-0.500949,0.203225,0.339431,45.2886,35.4199,9993.11,932.671,1192.51,35.1148,-0.00384692,6.38102e+06,0.0641462,1.16563,0.822266,125045,70614.2,4969.67,0,0,0,0.0395522,2.0185,3,-2.9815,-2,2.70435,0,0,0,0,0,0,0,0,0,0,-0.00108173,0.000219463,-0.000705787,16.9095,-10.6493,6.5992,0,0,0,0,0,0,0,0,0,0,0,0,0,-1.66624,-5.2036,3.52336,0,1.17017,31.5212,-1.66692,-5.20316,3.52489,-6.87008,-3.53625,0,0,0,0,425002,6.38102e+06,0,0,0,0,0,0,0,0,0,0,0,0,0,0,
57.6,3.11346,180005,0.636727,36.4818,2.27945,32.1808,2.62362,2.6206,0.126548,-5.55101,12.8589,-0.503889,0.204255,0.338395,45.2898,35.4213,9993.09,932.672,1192.86,35.1977,-0.00647512,6.38102e+06,0.0639635,1.16696,0.822216,125006,70574.6,4969.35,0,0,0,0.0395509,2.01729,3,-2.98271,-2,2.70474,0,0,0,0,0,0,0,0,0,0,-0.00108143,0.000219901,-0.000705769,16.9518,-10.7074,6.63174,0,0,0,0,0,0,0,0,0,0,0,0,0,-1.66129,-5.20619,3.51216,0,1.17167,31.4253,-1.66199,-5.20589,3.51376,-6.86788,-3.54389,0,0,0,0,425002,6.38102e+06,0,0,0,0,0,0,0,0,0,0,0,0,0,0,
57.8,3.11346,180005,0.638119,36.5615,2.27984,32.0829,2.62454,2.62151,0.126121,-5.51712,12.8549,-0.507168,0.205114,0.33732,45.291,35.4227,9993.07,932.672,1193.2,35.2805,-0.00880707,6.38102e+06,0.0637717,1.16847,0.822169,124966,70535.1,4969.08,0,0,0,0.0395494,2.0159,3,-2.9841,-2,2.70512,0,0,0,0,0,0,0,0,0,0,-0.00108112,0.000220339,-0.000705749,16.9941,-10.7657,6.66466,0,0,0,0,0,0,0,0,0,0,0,0,0,-1.65613,-5.20776,3.50056,0,1.1731,31.3289,-1.65687,-5.20761,3.5022,-6.86447,-3.55074,0,0,0,0,425002,6.38102e+06,0,0,0,0,0,0,0,0,0,0,0,0,0,0,
58,3.11345,180006,0.639509,36.6412,2.28062,31.9843,2.62554,2.62249,0.125683,-5.483,12.851,-0.510668,0.205777,0.33621,45.2922,35.4241,9993.04,932.672,1193.55,35.3632,-0.0108257,6.38102e+06,0.063572,1.17011,0.822126,124927,70495.5,4968.86,0,0,0,0.0395476,2.0144,3,-2.9856,-2,2.70551,0,0,0,0,0,0,0,0,0,0,-0.00108081,0.000220777,-0.000705728,17.0365,-10.8242,6.69796,0,0,0,0,0,0,0,0,0,0,0,0,0,-1.6508,-5.20826,3.4886,0,1.17444,31.2317,-1.65156,-5.20825,3.49029,-6.85981,-3.5567,0,0,0,0,425002,6.38102e+06,0,0,0,0,0,0,0,0,0,0,0,0,0,0,
58.2,3.11345,180006,0.640897,36.7207,2.28174,31.885,2.62656,2.6235,0.125236,-5.44869,12.8472,-0.514274,0.206222,0.335073,45.2934,35.4254,9993,932.671,1193.89,35.4458,-0.012521,6.38102e+06,0.0633658,1.17179,0.822087,124887,70456,4968.67,0,0,0,0.0395459,2.01285,3,-2.98715,-2,2.70589,0,0,0,0,0,0,0,0,0,0,-0.0010805,0.000221215,-0.000705703,17.079,-10.8829,6.73163,0,0,0,0,0,0,0,0,0,0,0,0,0,-1.64532,-5.20764,3.47635,0,1.17563,31.1339,-1.64609,-5.20779,3.47808,-6.85389,-3.5617,0,0,0,0,425002,6.38102e+06,0,0,0,0,0,0,0,0,0,0,0,0,0,0,
58.4,3.11344,180007,0.642283,36.8001,2.28319,31.785,2.62755,2.62448,0.124781,-5.41424,12.8434,-0.517881,0.206434,0.333914,45.2946,35.4268,9992.96,932.67,1194.23,35.5282,-0.0138891,6.38102e+06,0.0631544,1.17346,0.822054,124847,70416.5,4968.52,0,0,0,0.0395441,2.01131,3,-2.98869,-2,2.70628,0,0,0,0,0,0,0,0,0,0,-0.00108019,0.000221654,-0.000705677,17.1216,-10.9418,6.76569,0,0,0,0,0,0,0,0,0,0,0,0,0,-1.63971,-5.20589,3.46387,0,1.17663,31.0355,-1.6405,-5.20621,3.46563,-6.84671,-3.56571,0,0,0,0,425002,6.38102e+06,0,0,0,0,0,0,0,0,0,0,0,0,0,0,
58.6,3.11343,180007,0.643664,36.8793,2.28491,31.6843,2.62847,2.6254,0.124323,-5.37969,12.8397,-0.521391,0.206404,0.332739,45.2958,35.4282,9992.91,932.668,1194.57,35.6106,-0.0149327,6.38102e+06,0.0629389,1.17507,0.822026,124808,70376.9,4968.4,0,0,0,0.0395425,2.00983,3,-2.99017,-2,2.70666,0,0,0,0,0,0,0,0,0,0,-0.00107987,0.000222092,-0.000705648,17.1643,-11.0008,6.80012,0,0,0,0,0,0,0,0,0,0,0,0,0,-1.634,-5.20303,3.45123,0,1.17743,30.9363,-1.6348,-5.2035,3.453,-6.8383,-3.56869,0,0,0,0,425002,6.38102e+06,0,0,0,0,0,0,0,0,0,0,0,0,0,0,
58.8,3.11343,180007,0.645043,36.9582,2.28686,31.5829,2.62928,2.62622,0.123861,-5.3451,12.8361,-0.524718,0.206126,0.331554,45.297,35.4295,9992.86,932.666,1194.91,35.6928,-0.0156598,6.38102e+06,0.0627208,1.17656,0.822002,124768,70337.4,4968.31,0,0,0,0.0395411,2.00845,3,-2.99155,-2,2.70705,0,0,0,0,0,0,0,0,0,0,-0.00107955,0.00022253,-0.000705616,17.2071,-11.0601,6.83494,0,0,0,0,0,0,0,0,0,0,0,0,0,-1.62821,-5.19908,3.43847,0,1.178,30.8366,-1.62903,-5.19969,3.44026,-6.82872,-3.57067,0,0,0,0,425002,6.38102e+06,0,0,0,0,0,0,0,0,0,0,0,0,0,0,
59,3.11342,180008,0.646417,37.0369,2.28902,31.4808,2.62995,2.62689,0.1234,-5.31049,12.8325,-0.527784,0.205602,0.330365,45.2982,35.4309,9992.81,932.664,1195.25,35.7749,-0.0160832,6.38102e+06,0.0625011,1.1779,0.821985,124729,70297.8,4968.25,0,0,0,0.0395398,2.00723,3,-2.99277,-2,2.70745,0,0,0,0,0,0,0,0,0,0,-0.00107924,0.000222969,-0.000705582,17.2499,-11.1196,6.87014,0,0,0,0,0,0,0,0,0,0,0,0,0,-1.62238,-5.19408,3.42566,0,1.17831,30.7362,-1.6232,-5.19484,3.42745,-6.81804,-3.57164,0,0,0,0,425002,6.38102e+06,0,0,0,0,0,0,0,0,0,0,0,0,0,0,
59.2,3.11341,180008,0.647786,37.1154,2.29133,31.3781,2.63045,2.6274,0.12294,-5.27593,12.829,-0.530525,0.204837,0.329176,45.2994,35.4322,9992.76,932.661,1195.59,35.8568,-0.0162205,6.38102e+06,0.062281,1.17904,0.821972,124689,70258.3,4968.21,0,0,0,0.0395389,2.00618,3,-2.99382,-2,2.70784,0,0,0,0,0,0,0,0,0,0,-0.00107892,0.000223407,-0.000705546,17.2928,-11.1792,6.90572,0,0,0,0,0,0,0,0,0,0,0,0,0,-1.61653,-5.1881,3.41285,0,1.17837,30.6354,-1.61735,-5.189,3.41464,-6.80634,-3.57165,0,0,0,0,425002,6.38102e+06,0,0,0,0,0,0,0,0,0,0,0,0,0,0,
59.4,3.11339,180008,0.64915,37.1936,2.29375,31.275,2.63076,2.62773,0.122483,-5.24144,12.8255,-0.532888,0.20384,0.327993,45.3006,35.4336,9992.71,932.658,1195.92,35.9385,-0.0160925,6.38102e+06,0.0620617,1.17995,0.821965,124650,70218.8,4968.19,0,0,0,0.0395383,2.00535,3,-2.99465,-2,2.70825,0,0,0,0,0,0,0,0,0,0,-0.0010786,0.000223845,-0.000705507,17.3358,-11.2391,6.94168,0,0,0,0,0,0,0,0,0,0,0,0,0,-1.61067,-5.18122,3.40009,0,1.17816,30.5341,-1.61149,-5.18224,3.40187,-6.79372,-3.57075,0,0,0,0,425002,6.38102e+06,0,0,0,0,0,0,0,0,0,0,0,0,0,0,
59.6,3.11338,180008,0.650509,37.2714,2.29625,31.1713,2.63087,2.62785,0.122031,-5.20708,12.8221,-0.53483,0.202623,0.32682,45.3018,35.435,9992.66,932.656,1196.25,36.0201,-0.0157235,6.38102e+06,0.061844,1.18061,0.821962,124610,70179.2,4968.18,0,0,0,0.039538,2.00476,3,-2.99524,-2,2.70866,0,0,0,0,0,0,0,0,0,0,-0.00107828,0.000224283,-0.000705467,17.3789,-11.2991,6.97803,0,0,0,0,0,0,0,0,0,0,0,0,0,-1.60483,-5.17352,3.38743,0,1.17769,30.4324,-1.60565,-5.17465,3.38919,-6.78029,-3.569,0,0,0,0,425002,6.38102e+06,0,0,0,0,0,0,0,0,0,0,0,0,0,0,
59.8,3.11337,180008,0.651862,37.3489,2.29878,31.0673,2.63075,2.62775,0.121585,-5.17288,12.8187,-0.536321,0.201202,0.325661,45.303,35.4363,9992.61,932.653,1196.59,36.1015,-0.0151397,6.38102e+06,0.0616288,1.18101,0.821964,124571,70139.7,4968.17,0,0,0,0.0395381,2.00441,3,-2.99559,-2,2.70908,0,0,0,0,0,0,0,0,0,0,-0.00107796,0.00022472,-0.000705424,17.422,-11.3594,7.01476,0,0,0,0,0,0,0,0,0,0,0,0,0,-1.59903,-5.1651,3.3749,0,1.17696,30.3305,-1.59984,-5.16632,3.37664,-6.76616,-3.56647,0,0,0,0,425002,6.38102e+06,0,0,0,0,0,0,0,0,0,0,0,0,0,0,
60,3.11336,180008,0.653208,37.4261,2.30132,30.9631,2.63041,2.62743,0.121147,-5.13887,12.8153,-0.537341,0.199596,0.324519,45.3042,35.4377,9992.56,932.65,1196.92,36.1826,-0.0143694,6.38102e+06,0.061417,1.18113,0.82197,124531,70100.1,4968.18,0,0,0,0.0395386,2.00433,3,-2.99567,-2,2.7095,0,0,0,0,0,0,0,0,0,0,-0.00107764,0.000225157,-0.000705379,17.4653,-11.4198,7.05187,0,0,0,0,0,0,0,0,0,0,0,0,0,-1.59329,-5.15604,3.36254,0,1.17598,30.2284,-1.59409,-5.15735,3.36426,-6.75144,-3.56326,0,0,0,0,425002,6.38102e+06,0,0,0,0,0,0,0,0,0,0,0,0,0,0,
60.2,3.11335,180008,0.654549,37.5029,2.30382,30.8587,2.62984,2.62689,0.120716,-5.10509,12.8119,-0.537882,0.197824,0.323397,45.3054,35.439,9992.52,932.647,1197.25,36.2635,-0.0134418,6.38102e+06,0.061209,1.18097,0.82198,124492,70060.6,4968.18,0,0,0,0.0395394,2.00451,3,-2.99549,-2,2.70993,0,0,0,0,0,0,0,0,0,0,-0.00107731,0.000225594,-0.000705332,17.5086,-11.4805,7.08937,0,0,0,0,0,0,0,0,0,0,0,0,0,-1.58762,-5.14647,3.35038,0,1.17477,30.1261,-1.58841,-5.14784,3.35207,-6.73625,-3.55943,0,0,0,0,425002,6.38102e+06,0,0,0,0,0,0,0,0,0,0,0,0,0,0,
60.4,3.11334,180008,0.655882,37.5793,2.30625,30.7542,2.62905,2.62612,0.120295,-5.07155,12.8085,-0.537945,0.195909,0.322297,45.3066,35.4404,9992.48,932.644,1197.57,36.3442,-0.0123865,6.38102e+06,0.0610054,1.18052,0.821993,124452,70021.1,4968.19,0,0,0,0.0395407,2.00496,3,-2.99504,-2,2.71037,0,0,0,0,0,0,0,0,0,0,-0.00107699,0.000226029,-0.000705284,17.552,-11.5413,7.12725,0,0,0,0,0,0,0,0,0,0,0,0,0,-1.58203,-5.13648,3.33844,0,1.17333,30.0239,-1.58281,-5.1379,3.3401,-6.72071,-3.55509,0,0,0,0,425002,6.38102e+06,0,0,0,0,0,0,0,0,0,0,0,0,0,0,
60.6,3.11333,180007,0.657209,37.6553,2.3086,30.6497,2.62804,2.62514,0.119882,-5.03828,12.8051,-0.53754,0.193872,0.321221,45.3078,35.4417,9992.44,932.642,1197.9,36.4246,-0.0112331,6.38102e+06,0.0608067,1.17981,0.822009,124413,69981.5,4968.19,0,0,0,0.0395423,2.00566,3,-2.99434,-2,2.71081,0,0,0,0,0,0,0,0,0,0,-0.00107667,0.000226464,-0.000705235,17.5955,-11.6024,7.16551,0,0,0,0,0,0,0,0,0,0,0,0,0,-1.57654,-5.12617,3.32674,0,1.1717,29.9217,-1.5773,-5.12763,3.32836,-6.70494,-3.55033,0,0,0,0,425002,6.38102e+06,0,0,0,0,0,0,0,0,0,0,0,0,0,0,
60.8,3.11332,180007,0.658529,37.7309,2.31084,30.5453,2.62682,2.62395,0.11948,-5.0053,12.8017,-0.536684,0.191736,0.320169,45.309,35.4431,9992.4,932.639,1198.23,36.5047,-0.0100106,6.38102e+06,0.0606131,1.17882,0.822027,124373,69942,4968.18,0,0,0,0.0395443,2.00661,3,-2.99339,-2,2.71126,0,0,0,0,0,0,0,0,0,0,-0.00107635,0.000226898,-0.000705184,17.639,-11.6636,7.20416,0,0,0,0,0,0,0,0,0,0,0,0,0,-1.57115,-5.11566,3.31529,0,1.16989,29.8197,-1.5719,-5.11714,3.31688,-6.68904,-3.54524,0,0,0,0,425002,6.38102e+06,0,0,0,0,0,0,0,0,0,0,0,0,0,0,
61,3.11331,180007,0.659842,37.8062,2.31294,30.4411,2.62541,2.62256,0.119087,-4.97262,12.7982,-0.535402,0.189525,0.319142,45.3103,35.4444,9992.38,932.637,1198.55,36.5845,-0.0087469,6.38101e+06,0.0604247,1.17759,0.822048,124333,69902.4,4968.16,0,0,0,0.0395466,2.0078,3,-2.9922,-2,2.71172,0,0,0,0,0,0,0,0,0,0,-0.00107603,0.000227331,-0.000705132,17.6826,-11.7251,7.24319,0,0,0,0,0,0,0,0,0,0,0,0,0,-1.56586,-5.10502,3.30409,0,1.16792,29.7179,-1.5666,-5.10652,3.30564,-6.67311,-3.53992,0,0,0,0,425002,6.38101e+06,0,0,0,0,0,0,0,0,0,0,0,0,0,0,
61.2,3.1133,180007,0.661148,37.881,2.31489,30.3372,2.62382,2.621,0.118704,-4.94025,12.7946,-0.533725,0.187262,0.318141,45.3115,35.4458,9992.35,932.635,1198.87,36.6639,-0.00746833,6.38101e+06,0.0602416,1.17613,0.82207,124294,69862.9,4968.14,0,0,0,0.0395493,2.00921,3,-2.99079,-2,2.71218,0,0,0,0,0,0,0,0,0,0,-0.00107571,0.000227763,-0.00070508,17.7264,-11.7868,7.2826,0,0,0,0,0,0,0,0,0,0,0,0,0,-1.56069,-5.09437,3.29315,0,1.16583,29.6164,-1.56141,-5.09586,3.29467,-6.65726,-3.53445,0,0,0,0,425002,6.38101e+06,0,0,0,0,0,0,0,0,0,0,0,0,0,0,
61.4,3.11329,180007,0.662447,37.9554,2.31669,30.2337,2.62207,2.61928,0.11833,-4.9082,12.791,-0.531689,0.184967,0.317165,45.3127,35.4471,9992.33,932.633,1199.19,36.7431,-0.00619947,6.38101e+06,0.0600638,1.17446,0.822093,124254,69823.4,4968.1,0,0,0,0.0395522,2.01082,3,-2.98918,-2,2.71265,0,0,0,0,0,0,0,0,0,0,-0.00107539,0.000228194,-0.000705026,17.7701,-11.8486,7.32239,0,0,0,0,0,0,0,0,0,0,0,0,0,-1.55562,-5.08377,3.28247,0,1.16363,29.5154,-1.55633,-5.08525,3.28395,-6.64158,-3.52892,0,0,0,0,425002,6.38101e+06,0,0,0,0,0,0,0,0,0,0,0,0,0,0,
61.6,3.11329,180006,0.663739,38.0294,2.31831,30.1305,2.62017,2.61741,0.117965,-4.87646,12.7874,-0.529333,0.182661,0.316212,45.3139,35.4485,9992.31,932.631,1199.51,36.8219,-0.00496277,6.38101e+06,0.059891,1.17259,0.822117,124215,69783.8,4968.04,0,0,0,0.0395554,2.0126,3,-2.9874,-2,2.71312,0,0,0,0,0,0,0,0,0,0,-0.00107507,0.000228623,-0.000704973,17.814,-11.9107,7.36256,0,0,0,0,0,0,0,0,0,0,0,0,0,-1.55067,-5.07332,3.27203,0,1.16134,29.4147,-1.55135,-5.07477,3.27348,-6.62612,-3.52341,0,0,0,0,425002,6.38101e+06,0,0,0,0,0,0,0,0,0,0,0,0,0,0,
61.8,3.11328,180006,0.665024,38.1031,2.31977,30.0279,2.61816,2.61543,0.117608,-4.84504,12.7837,-0.526701,0.180364,0.315282,45.3152,35.4498,9992.3,932.63,1199.83,36.9004,-0.00377828,6.38101e+06,0.0597232,1.17057,0.822141,124175,69744.3,4967.98,0,0,0,0.0395588,2.01454,3,-2.98546,-2,2.71359,0,0,0,0,0,0,0,0,0,0,-0.00107475,0.000229051,-0.000704918,17.858,-11.973,7.40312,0,0,0,0,0,0,0,0,0,0,0,0,0,-1.54582,-5.06307,3.26183,0,1.159,29.3146,-1.54649,-5.06449,3.26325,-6.61098,-3.518,0,0,0,0,425002,6.38101e+06,0,0,0,0,0,0,0,0,0,0,0,0,0,0,
62,3.11328,180006,0.666302,38.1763,2.32105,29.9258,2.61604,2.61334,0.117259,-4.81392,12.7798,-0.523834,0.178094,0.314374,45.3164,35.4511,9992.29,932.629,1200.14,36.9785,-0.00266356,6.38101e+06,0.0595599,1.16841,0.822164,124136,69704.8,4967.9,0,0,0,0.0395623,2.0166,3,-2.9834,-2,2.71407,0,0,0,0,0,0,0,0,0,0,-0.00107444,0.000229478,-0.000704864,17.902,-12.0354,7.44405,0,0,0,0,0,0,0,0,0,0,0,0,0,-1.54107,-5.05309,3.25185,0,1.15663,29.215,-1.54173,-5.05447,3.25324,-6.5962,-3.51275,0,0,0,0,425002,6.38101e+06,0,0,0,0,0,0,0,0,0,0,0,0,0,0,
62.2,3.11327,180006,0.667574,38.2492,2.32216,29.8242,2.61385,2.61117,0.116917,-4.7831,12.7759,-0.52078,0.175867,0.313485,45.3176,35.4525,9992.28,932.628,1200.46,37.0562,-0.00163353,6.38101e+06,0.0594009,1.16614,0.822187,124096,69665.2,4967.8,0,0,0,0.039566,2.01878,3,-2.98122,-2,2.71455,0,0,0,0,0,0,0,0,0,0,-0.00107412,0.000229904,-0.000704809,17.9461,-12.0981,7.48537,0,0,0,0,0,0,0,0,0,0,0,0,0,-1.53641,-5.04344,3.24208,0,1.15424,29.116,-1.53706,-5.04477,3.24343,-6.58183,-3.50771,0,0,0,0,425002,6.38101e+06,0,0,0,0,0,0,0,0,0,0,0,0,0,0,
62.4,3.11327,180005,0.66884,38.3217,2.3231,29.7233,2.61159,2.60895,0.116582,-4.75258,12.7719,-0.517583,0.173695,0.312614,45.3189,35.4538,9992.28,932.627,1200.77,37.1336,-0.000700433,6.38101e+06,0.0592457,1.16378,0.82221,124057,69625.7,4967.69,0,0,0,0.0395699,2.02103,3,-2.97897,-2,2.71503,0,0,0,0,0,0,0,0,0,0,-0.00107381,0.000230328,-0.000704754,17.9903,-12.161,7.52706,0,0,0,0,0,0,0,0,0,0,0,0,0,-1.53185,-5.03415,3.23248,0,1.15186,29.0176,-1.53248,-5.03542,3.23382,-6.5679,-3.50294,0,0,0,0,425002,6.38101e+06,0,0,0,0,0,0,0,0,0,0,0,0,0,0,
62.6,3.11327,180005,0.670099,38.3938,2.32388,29.623,2.6093,2.60668,0.116252,-4.72233,12.7678,-0.514286,0.171592,0.311759,45.3201,35.4552,9992.28,932.627,1201.08,37.2106,0.000126189,6.38101e+06,0.059094,1.16136,0.822231,124017,69586.2,4967.57,0,0,0,0.0395738,2.02334,3,-2.97666,-2,2.71551,0,0,0,0,0,0,0,0,0,0,-0.0010735,0.000230751,-0.0007047,18.0346,-12.2241,7.56912,0,0,0,0,0,0,0,0,0,0,0,0,0,-1.52736,-5.02525,3.22306,0,1.14952,28.9198,-1.52798,-5.02647,3.22437,-6.55445,-3.49849,0,0,0,0,425002,6.38101e+06,0,0,0,0,0,0,0,0,0,0,0,0,0,0,
62.8,3.11327,180005,0.671352,38.4656,2.3245,29.5234,2.60699,2.60439,0.115926,-4.69234,12.7637,-0.510934,0.169568,0.310917,45.3214,35.4565,9992.28,932.626,1201.39,37.2873,0.000839423,6.38101e+06,0.0589452,1.15891,0.822251,123978,69546.6,4967.43,0,0,0,0.0395777,2.02568,3,-2.97432,-2,2.716,0,0,0,0,0,0,0,0,0,0,-0.00107319,0.000231172,-0.000704645,18.0789,-12.2874,7.61157,0,0,0,0,0,0,0,0,0,0,0,0,0,-1.52294,-5.01678,3.21377,0,1.14721,28.8226,-1.52356,-5.01794,3.21506,-6.5415,-3.49438,0,0,0,0,425002,6.38101e+06,0,0,0,0,0,0,0,0,0,0,0,0,0,0,
63,3.11327,180005,0.672599,38.5371,2.32499,29.4244,2.60468,2.60211,0.115605,-4.6626,12.7594,-0.507566,0.167629,0.310086,45.3226,35.4578,9992.29,932.626,1201.7,37.3636,0.00143491,6.38101e+06,0.058799,1.15645,0.822269,123938,69507.1,4967.28,0,0,0,0.0395816,2.02803,3,-2.97197,-2,2.71648,0,0,0,0,0,0,0,0,0,0,-0.00107288,0.000231592,-0.000704591,18.1234,-12.3509,7.65439,0,0,0,0,0,0,0,0,0,0,0,0,0,-1.51859,-5.00874,3.20461,0,1.14497,28.7261,-1.5192,-5.00984,3.20588,-6.52904,-3.49064,0,0,0,0,425002,6.38101e+06,0,0,0,0,0,0,0,0,0,0,0,0,0,0,
63.2,3.11327,180005,0.67384,38.6082,2.32535,29.3261,2.60239,2.59983,0.115286,-4.63308,12.755,-0.504221,0.165783,0.309264,45.3239,35.4592,9992.29,932.626,1202,37.4395,0.0019107,6.38101e+06,0.0586547,1.154,0.822286,123899,69467.6,4967.12,0,0,0,0.0395855,2.03037,3,-2.96963,-2,2.71696,0,0,0,0,0,0,0,0,0,0,-0.00107257,0.000232011,-0.000704537,18.1679,-12.4146,7.69758,0,0,0,0,0,0,0,0,0,0,0,0,0,-1.51429,-5.00115,3.19554,0,1.1428,28.6302,-1.51489,-5.00218,3.19681,-6.51708,-3.48729,0,0,0,0,425002,6.38101e+06,0,0,0,0,0,0,0,0,0,0,0,0,0,0,
63.4,3.11327,180004,0.675076,38.679,2.3256,29.2284,2.60012,2.59759,0.11497,-4.60378,12.7505,-0.500933,0.164033,0.308449,45.3251,35.4605,9992.3,932.626,1202.31,37.5151,0.00226713,6.38101e+06,0.058512,1.15158,0.822301,123859,69428.1,4966.95,0,0,0,0.0395894,2.03269,3,-2.96731,-2,2.71745,0,0,0,0,0,0,0,0,0,0,-0.00107226,0.000232428,-0.000704483,18.2125,-12.4786,7.74115,0,0,0,0,0,0,0,0,0,0,0,0,0,-1.51004,-4.994,3.18655,0,1.14072,28.535,-1.51063,-4.99497,3.18781,-6.5056,-3.48434,0,0,0,0,425002,6.38101e+06,0,0,0,0,0,0,0,0,0,0,0,0,0,0,
63.6,3.11327,180004,0.676306,38.7495,2.32574,29.1314,2.59791,2.5954,0.114655,-4.57467,12.746,-0.497734,0.16238,0.307639,45.3264,35.4618,9992.31,932.626,1202.61,37.5903,0.00250658,6.38101e+06,0.0583705,1.14921,0.822314,123820,69388.5,4966.77,0,0,0,0.0395932,2.03495,3,-2.96505,-2,2.71793,0,0,0,0,0,0,0,0,0,0,-0.00107195,0.000232844,-0.000704429,18.2572,-12.5427,7.78509,0,0,0,0,0,0,0,0,0,0,0,0,0,-1.50582,-4.98728,3.17762,0,1.13872,28.4403,-1.50641,-4.9882,3.17887,-6.49461,-3.48179,0,0,0,0,425002,6.38101e+06,0,0,0,0,0,0,0,0,0,0,0,0,0,0,
63.8,3.11327,180004,0.677532,38.8197,2.3258,29.035,2.59575,2.59326,0.11434,-4.54573,12.7413,-0.494652,0.160826,0.306832,45.3276,35.4632,9992.32,932.627,1202.91,37.6651,0.00263334,6.38101e+06,0.0582295,1.14691,0.822325,123780,69349,4966.58,0,0,0,0.0395969,2.03716,3,-2.96284,-2,2.71841,0,0,0,0,0,0,0,0,0,0,-0.00107165,0.000233258,-0.000704376,18.302,-12.607,7.8294,0,0,0,0,0,0,0,0,0,0,0,0,0,-1.50162,-4.98099,3.16872,0,1.13683,28.3463,-1.50221,-4.98185,3.16996,-6.48406,-3.47964,0,0,0,0,425002,6.38101e+06,0,0,0,0,0,0,0,0,0,0,0,0,0,0,
64,3.11327,180004,0.678752,38.8896,2.32579,28.9392,2.59366,2.59119,0.114026,-4.51696,12.7366,-0.491711,0.159369,0.306025,45.3289,35.4645,9992.33,932.627,1203.21,37.7397,0.00265329,6.38101e+06,0.0580888,1.14468,0.822334,123740,69309.5,4966.38,0,0,0,0.0396005,2.03929,3,-2.96071,-2,2.71889,0,0,0,0,0,0,0,0,0,0,-0.00107134,0.000233672,-0.000704323,18.3469,-12.6716,7.87408,0,0,0,0,0,0,0,0,0,0,0,0,0,-1.49745,-4.9751,3.15983,0,1.13504,28.2527,-1.49803,-4.9759,3.16108,-6.47394,-3.47787,0,0,0,0,425002,6.38101e+06,0,0,0,0,0,0,0,0,0,0,0,0,0,0,
64.2,3.11327,180004,0.679968,38.9593,2.32573,28.8439,2.59165,2.58919,0.113711,-4.48832,12.7318,-0.48893,0.158005,0.305218,45.3301,35.4658,9992.34,932.627,1203.5,37.8138,0.00257376,6.38101e+06,0.057948,1.14254,0.822342,123701,69270,4966.18,0,0,0,0.0396039,2.04134,3,-2.95866,-2,2.71936,0,0,0,0,0,0,0,0,0,0,-0.00107104,0.000234084,-0.000704269,18.3918,-12.7363,7.91913,0,0,0,0,0,0,0,0,0,0,0,0,0,-1.49328,-4.96959,3.15095,0,1.13336,28.1597,-1.49386,-4.97034,3.15219,-6.46421,-3.47648,0,0,0,0,425002,6.38101e+06,0,0,0,0,0,0,0,0,0,0,0,0,0,0,
64.4,3.11328,180004,0.681179,39.0287,2.32563,28.7492,2.58972,2.58727,0.113394,-4.45981,12.7269,-0.486327,0.156732,0.304408,45.3314,35.4671,9992.35,932.628,1203.8,37.8877,0.00240323,6.38101e+06,0.0578066,1.14051,0.822348,123661,69230.5,4965.97,0,0,0,0.0396072,2.0433,3,-2.9567,-2,2.71984,0,0,0,0,0,0,0,0,0,0,-0.00107074,0.000234495,-0.000704216,18.4369,-12.8013,7.96455,0,0,0,0,0,0,0,0,0,0,0,0,0,-1.48911,-4.96443,3.14204,0,1.13178,28.0672,-1.4897,-4.96514,3.14329,-6.45483,-3.47544,0,0,0,0,425002,6.38101e+06,0,0,0,0,0,0,0,0,0,0,0,0,0,0,
64.6,3.11328,180004,0.682385,39.0978,2.3255,28.655,2.58788,2.58544,0.113076,-4.4314,12.7219,-0.483912,0.155544,0.303594,45.3326,35.4685,9992.36,932.628,1204.09,37.9612,0.00215109,6.38101e+06,0.0576644,1.13857,0.822352,123622,69190.9,4965.77,0,0,0,0.0396104,2.04515,3,-2.95485,-2,2.72031,0,0,0,0,0,0,0,0,0,0,-0.00107044,0.000234904,-0.000704163,18.482,-12.8664,8.01034,0,0,0,0,0,0,0,0,0,0,0,0,0,-1.48494,-4.95959,3.1331,0,1.13031,27.9752,-1.48552,-4.96025,3.13436,-6.44577,-3.47473,0,0,0,0,425002,6.38101e+06,0,0,0,0,0,0,0,0,0,0,0,0,0,0,
64.8,3.11328,180004,0.683587,39.1667,2.32536,28.5612,2.58613,2.5837,0.112756,-4.4031,12.7169,-0.481694,0.154434,0.302775,45.3339,35.4698,9992.37,932.629,1204.38,38.0345,0.00182744,6.38101e+06,0.0575212,1.13675,0.822354,123582,69151.4,4965.56,0,0,0,0.0396134,2.04691,3,-2.95309,-2,2.72078,0,0,0,0,0,0,0,0,0,0,-0.00107013,0.000235313,-0.00070411,18.5273,-12.9318,8.0565,0,0,0,0,0,0,0,0,0,0,0,0,0,-1.48075,-4.95503,3.12412,0,1.12893,27.8836,-1.48134,-4.95566,3.12538,-6.437,-3.47432,0,0,0,0,425002,6.38101e+06,0,0,0,0,0,0,0,0,0,0,0,0,0,0,
65,3.11328,180004,0.684785,39.2353,2.32522,28.4678,2.58447,2.58205,0.112434,-4.37487,12.7118,-0.479679,0.153396,0.30195,45.3352,35.4711,9992.37,932.629,1204.67,38.1074,0.00144281,6.38101e+06,0.0573766,1.13504,0.822355,123543,69111.9,4965.35,0,0,0,0.0396163,2.04855,3,-2.95145,-2,2.72125,0,0,0,0,0,0,0,0,0,0,-0.00106983,0.000235721,-0.000704057,18.5726,-12.9974,8.10303,0,0,0,0,0,0,0,0,0,0,0,0,0,-1.47655,-4.95073,3.11508,0,1.12766,27.7923,-1.47714,-4.95131,3.11635,-6.42846,-3.47417,0,0,0,0,425002,6.38101e+06,0,0,0,0,0,0,0,0,0,0,0,0,0,0,
65.2,3.11328,180004,0.685979,39.3037,2.32509,28.3748,2.5829,2.58049,0.112108,-4.34671,12.7066,-0.477866,0.152422,0.301118,45.3364,35.4724,9992.38,932.63,1204.96,38.18,0.00100797,6.38101e+06,0.0572304,1.13344,0.822354,123503,69072.4,4965.14,0,0,0,0.039619,2.05009,3,-2.94991,-2,2.72171,0,0,0,0,0,0,0,0,0,0,-0.00106953,0.000236127,-0.000704004,18.618,-13.0632,8.14992,0,0,0,0,0,0,0,0,0,0,0,0,0,-1.47233,-4.94663,3.10597,0,1.12648,27.7014,-1.47292,-4.94719,3.10725,-6.42011,-3.47427,0,0,0,0,425002,6.38101e+06,0,0,0,0,0,0,0,0,0,0,0,0,0,0,
65.4,3.11328,180004,0.687169,39.3719,2.32498,28.2822,2.58142,2.57902,0.11178,-4.31862,12.7014,-0.476254,0.151505,0.300278,45.3377,35.4737,9992.38,932.63,1205.25,38.2523,0.000533734,6.381e+06,0.0570826,1.13196,0.822353,123464,69032.9,4964.93,0,0,0,0.0396215,2.05153,3,-2.94847,-2,2.72217,0,0,0,0,0,0,0,0,0,0,-0.00106923,0.000236533,-0.000703951,18.6635,-13.1292,8.19717,0,0,0,0,0,0,0,0,0,0,0,0,0,-1.46807,-4.94271,3.09679,0,1.12538,27.6109,-1.46867,-4.94325,3.09808,-6.41192,-3.47458,0,0,0,0,425002,6.381e+06,0,0,0,0,0,0,0,0,0,0,0,0,0,0,
65.6,3.11329,180004,0.688355,39.4398,2.32491,28.1898,2.58002,2.57763,0.111449,-4.29058,12.6962,-0.474837,0.150635,0.299431,45.339,35.4751,9992.38,932.63,1205.53,38.3243,3.0718e-05,6.381e+06,0.056933,1.13058,0.82235,123424,68993.4,4964.73,0,0,0,0.0396239,2.05287,3,-2.94713,-2,2.72263,0,0,0,0,0,0,0,0,0,0,-0.00106894,0.000236938,-0.000703897,18.7091,-13.1954,8.2448,0,0,0,0,0,0,0,0,0,0,0,0,0,-1.46379,-4.93892,3.08753,0,1.12436,27.5205,-1.4644,-4.93945,3.08883,-6.40384,-3.47505,0,0,0,0,425002,6.381e+06,0,0,0,0,0,0,0,0,0,0,0,0,0,0,
65.8,3.11329,180004,0.689536,39.5075,2.32487,28.0977,2.57871,2.57633,0.111114,-4.26258,12.6909,-0.473609,0.149806,0.298574,45.3402,35.4764,9992.38,932.631,1205.82,38.3961,-0.000490781,6.381e+06,0.0567814,1.1293,0.822347,123385,68953.9,4964.53,0,0,0,0.0396262,2.05411,3,-2.94589,-2,2.72309,0,0,0,0,0,0,0,0,0,0,-0.00106864,0.000237342,-0.000703843,18.7547,-13.2619,8.29278,0,0,0,0,0,0,0,0,0,0,0,0,0,-1.45948,-4.93524,3.07819,0,1.12341,27.4304,-1.46009,-4.93575,3.07951,-6.39584,-3.47567,0,0,0,0,425002,6.381e+06,0,0,0,0,0,0,0,0,0,0,0,0,0,0,
66,3.11329,180004,0.690714,39.575,2.32488,28.0058,2.57747,2.5751,0.110776,-4.23462,12.6855,-0.472559,0.149009,0.29771,45.3415,35.4777,9992.38,932.631,1206.1,38.4675,-0.00102096,6.381e+06,0.056628,1.12812,0.822343,123345,68914.4,4964.33,0,0,0,0.0396283,2.05526,3,-2.94474,-2,2.72355,0,0,0,0,0,0,0,0,0,0,-0.00106834,0.000237745,-0.000703789,18.8005,-13.3285,8.34113,0,0,0,0,0,0,0,0,0,0,0,0,0,-1.45514,-4.93163,3.06877,0,1.12252,27.3405,-1.45575,-4.93214,3.0701,-6.38788,-3.47639,0,0,0,0,425002,6.381e+06,0,0,0,0,0,0,0,0,0,0,0,0,0,0,
66.2,3.11329,180005,0.691888,39.6423,2.32494,27.9142,2.5763,2.57393,0.110436,-4.2067,12.6802,-0.471675,0.148237,0.296836,45.3428,35.479,9992.38,932.631,1206.38,38.5388,-0.00155065,6.381e+06,0.0564726,1.12703,0.822339,123306,68874.9,4964.14,0,0,0,0.0396303,2.05632,3,-2.94368,-2,2.724,0,0,0,0,0,0,0,0,0,0,-0.00106804,0.000238147,-0.000703734,18.8464,-13.3953,8.38985,0,0,0,0,0,0,0,0,0,0,0,0,0,-1.45076,-4.92806,3.05927,0,1.12168,27.2508,-1.45137,-4.92856,3.0606,-6.37993,-3.47718,0,0,0,0,425002,6.381e+06,0,0,0,0,0,0,0,0,0,0,0,0,0,0,
66.4,3.11329,180005,0.693058,39.7093,2.32505,27.8226,2.57519,2.57283,0.110092,-4.17882,12.6748,-0.470944,0.14748,0.295955,45.3441,35.4803,9992.37,932.631,1206.66,38.6097,-0.00207141,6.381e+06,0.0563153,1.12602,0.822334,123266,68835.4,4963.96,0,0,0,0.0396322,2.05731,3,-2.94269,-2,2.72445,0,0,0,0,0,0,0,0,0,0,-0.00106774,0.000238549,-0.000703678,18.8923,-13.4624,8.43893,0,0,0,0,0,0,0,0,0,0,0,0,0,-1.44634,-4.92449,3.04968,0,1.12089,27.1612,-1.44696,-4.92499,3.05103,-6.37196,-3.47803,0,0,0,0,425002,6.381e+06,0,0,0,0,0,0,0,0,0,0,0,0,0,0,
66.6,3.11329,180005,0.694224,39.7761,2.32521,27.7312,2.57414,2.57179,0.109745,-4.15096,12.6693,-0.470351,0.146734,0.295065,45.3454,35.4816,9992.37,932.631,1206.94,38.6804,-0.00257561,6.381e+06,0.0561562,1.12508,0.822329,123227,68795.9,4963.78,0,0,0,0.039634,2.05823,3,-2.94177,-2,2.7249,0,0,0,0,0,0,0,0,0,0,-0.00106744,0.000238949,-0.000703622,18.9384,-13.5297,8.48837,0,0,0,0,0,0,0,0,0,0,0,0,0,-1.4419,-4.92091,3.04001,0,1.12013,27.0717,-1.44252,-4.92141,3.04137,-6.36393,-3.47889,0,0,0,0,425002,6.381e+06,0,0,0,0,0,0,0,0,0,0,0,0,0,0,
66.8,3.11328,180005,0.695386,39.8427,2.32543,27.6399,2.57314,2.5708,0.109395,-4.12313,12.6639,-0.46988,0.14599,0.294167,45.3466,35.4829,9992.36,932.631,1207.21,38.7508,-0.00305654,6.381e+06,0.0559953,1.1242,0.822325,123187,68756.4,4963.61,0,0,0,0.0396357,2.05909,3,-2.94091,-2,2.72535,0,0,0,0,0,0,0,0,0,0,-0.00106715,0.00023935,-0.000703565,18.9845,-13.5972,8.53817,0,0,0,0,0,0,0,0,0,0,0,0,0,-1.43742,-4.91728,3.03027,0,1.1194,26.9823,-1.43805,-4.91779,3.03164,-6.35584,-3.47975,0,0,0,0,425002,6.381e+06,0,0,0,0,0,0,0,0,0,0,0,0,0,0,
67,3.11328,180005,0.696545,39.9091,2.32571,27.5486,2.57218,2.56984,0.109043,-4.09534,12.6584,-0.469516,0.145243,0.293263,45.3479,35.4843,9992.35,932.63,1207.49,38.821,-0.00350841,6.381e+06,0.0558327,1.12338,0.82232,123148,68716.9,4963.45,0,0,0,0.0396373,2.0599,3,-2.9401,-2,2.7258,0,0,0,0,0,0,0,0,0,0,-0.00106685,0.000239749,-0.000703507,19.0308,-13.6649,8.58834,0,0,0,0,0,0,0,0,0,0,0,0,0,-1.4329,-4.91359,3.02046,0,1.11868,26.893,-1.43354,-4.91411,3.02184,-6.34765,-3.48057,0,0,0,0,425002,6.381e+06,0,0,0,0,0,0,0,0,0,0,0,0,0,0,
67.2,3.11328,180005,0.697699,39.9752,2.32605,27.4574,2.57125,2.56892,0.108689,-4.06758,12.653,-0.469242,0.144488,0.292351,45.3492,35.4856,9992.34,932.63,1207.76,38.891,-0.00392638,6.381e+06,0.0556685,1.12261,0.822315,123108,68677.4,4963.29,0,0,0,0.0396389,2.06066,3,-2.93934,-2,2.72625,0,0,0,0,0,0,0,0,0,0,-0.00106655,0.000240148,-0.000703449,19.0771,-13.7328,8.63887,0,0,0,0,0,0,0,0,0,0,0,0,0,-1.42836,-4.90982,3.01058,0,1.11798,26.8037,-1.429,-4.91035,3.01197,-6.33935,-3.48135,0,0,0,0,425002,6.381e+06,0,0,0,0,0,0,0,0,0,0,0,0,0,0,
67.4,3.11328,180005,0.698849,40.0411,2.32643,27.3663,2.57035,2.56803,0.108333,-4.03986,12.6475,-0.469042,0.143719,0.291434,45.3505,35.4869,9992.32,932.629,1208.04,38.9607,-0.00430661,6.381e+06,0.0555029,1.12187,0.822311,123069,68637.9,4963.14,0,0,0,0.0396404,2.0614,3,-2.9386,-2,2.7267,0,0,0,0,0,0,0,0,0,0,-0.00106625,0.000240546,-0.00070339,19.1235,-13.8009,8.68976,0,0,0,0,0,0,0,0,0,0,0,0,0,-1.42379,-4.90595,3.00064,0,1.11728,26.7145,-1.42444,-4.9065,3.00204,-6.33093,-3.48206,0,0,0,0,425002,6.381e+06,0,0,0,0,0,0,0,0,0,0,0,0,0,0,
67.6,3.11328,180005,0.699996,40.1068,2.32687,27.2752,2.56946,2.56715,0.107974,-4.01217,12.642,-0.4689,0.142933,0.290511,45.3518,35.4882,9992.31,932.629,1208.31,39.0301,-0.00464621,6.381e+06,0.0553361,1.12116,0.822308,123029,68598.4,4962.99,0,0,0,0.0396419,2.0621,3,-2.9379,-2,2.72714,0,0,0,0,0,0,0,0,0,0,-0.00106596,0.000240943,-0.000703329,19.17,-13.8693,8.74102,0,0,0,0,0,0,0,0,0,0,0,0,0,-1.4192,-4.90198,2.99066,0,1.11657,26.6252,-1.41985,-4.90254,2.99206,-6.32239,-3.4827,0,0,0,0,425002,6.381e+06,0,0,0,0,0,0,0,0,0,0,0,0,0,0,
67.8,3.11327,180005,0.701138,40.1722,2.32735,27.1841,2.56859,2.56629,0.107615,-3.98453,12.6365,-0.4688,0.142127,0.289584,45.3531,35.4895,9992.3,932.628,1208.58,39.0993,-0.00494323,6.381e+06,0.0551681,1.12046,0.822305,122990,68558.9,4962.85,0,0,0,0.0396434,2.06279,3,-2.93721,-2,2.72759,0,0,0,0,0,0,0,0,0,0,-0.00106566,0.00024134,-0.000703268,19.2166,-13.9378,8.79263,0,0,0,0,0,0,0,0,0,0,0,0,0,-1.41458,-4.89789,2.98062,0,1.11586,26.536,-1.41523,-4.89847,2.98203,-6.3137,-3.48324,0,0,0,0,425002,6.381e+06,0,0,0,0,0,0,0,0,0,0,0,0,0,0,
68,3.11327,180005,0.702276,40.2374,2.32787,27.093,2.56773,2.56544,0.107254,-3.95694,12.6309,-0.468729,0.141298,0.288653,45.3544,35.4908,9992.28,932.627,1208.84,39.1683,-0.00519661,6.381e+06,0.0549991,1.11978,0.822303,122950,68519.4,4962.72,0,0,0,0.0396448,2.06348,3,-2.93652,-2,2.72804,0,0,0,0,0,0,0,0,0,0,-0.00106536,0.000241737,-0.000703206,19.2633,-14.0066,8.8446,0,0,0,0,0,0,0,0,0,0,0,0,0,-1.40995,-4.89368,2.97055,0,1.11513,26.4468,-1.4106,-4.89428,2.97196,-6.30488,-3.48368,0,0,0,0,425002,6.381e+06,0,0,0,0,0,0,0,0,0,0,0,0,0,0,
68.2,3.11327,180005,0.70341,40.3024,2.32844,27.0019,2.56686,2.56458,0.106892,-3.9294,12.6254,-0.468671,0.140445,0.287719,45.3557,35.4921,9992.27,932.627,1209.11,39.237,-0.00540612,6.381e+06,0.0548293,1.11909,0.822301,122911,68480,4962.59,0,0,0,0.0396463,2.06415,3,-2.93585,-2,2.72848,0,0,0,0,0,0,0,0,0,0,-0.00106506,0.000242132,-0.000703143,19.3101,-14.0756,8.89694,0,0,0,0,0,0,0,0,0,0,0,0,0,-1.4053,-4.88936,2.96045,0,1.11438,26.3576,-1.40595,-4.88997,2.96187,-6.29592,-3.48402,0,0,0,0,425002,6.381e+06,0,0,0,0,0,0,0,0,0,0,0,0,0,0,
68.4,3.11326,180005,0.704539,40.3671,2.32903,26.9108,2.56599,2.56372,0.10653,-3.90192,12.6199,-0.468616,0.139565,0.286782,45.357,35.4934,9992.25,932.626,1209.37,39.3055,-0.00557234,6.381e+06,0.0546589,1.11841,0.8223,122871,68440.5,4962.46,0,0,0,0.0396478,2.06484,3,-2.93516,-2,2.72893,0,0,0,0,0,0,0,0,0,0,-0.00106477,0.000242527,-0.000703079,19.357,-14.1448,8.94964,0,0,0,0,0,0,0,0,0,0,0,0,0,-1.40064,-4.88491,2.95033,0,1.11361,26.2685,-1.40129,-4.88554,2.95175,-6.28683,-3.48425,0,0,0,0,425002,6.381e+06,0,0,0,0,0,0,0,0,0,0,0,0,0,0,
68.6,3.11326,180006,0.705665,40.4316,2.32965,26.8197,2.56511,2.56285,0.106167,-3.87449,12.6144,-0.468551,0.138659,0.285844,45.3583,35.4947,9992.23,932.625,1209.64,39.3738,-0.00569654,6.381e+06,0.054488,1.11771,0.8223,122832,68401,4962.35,0,0,0,0.0396492,2.06553,3,-2.93447,-2,2.72938,0,0,0,0,0,0,0,0,0,0,-0.00106447,0.000242922,-0.000703014,19.404,-14.2142,9.00269,0,0,0,0,0,0,0,0,0,0,0,0,0,-1.39596,-4.88034,2.94019,0,1.11282,26.1793,-1.39662,-4.88099,2.94161,-6.27761,-3.48437,0,0,0,0,425002,6.381e+06,0,0,0,0,0,0,0,0,0,0,0,0,0,0,
68.8,3.11326,180006,0.706786,40.4958,2.3303,26.7286,2.56421,2.56197,0.105804,-3.84714,12.6088,-0.468468,0.137726,0.284905,45.3596,35.496,9992.21,932.624,1209.9,39.4418,-0.00578061,6.381e+06,0.0543167,1.11699,0.8223,122792,68361.5,4962.23,0,0,0,0.0396507,2.06624,3,-2.93376,-2,2.72983,0,0,0,0,0,0,0,0,0,0,-0.00106417,0.000243316,-0.000702948,19.451,-14.2839,9.05611,0,0,0,0,0,0,0,0,0,0,0,0,0,-1.39128,-4.87567,2.93004,0,1.112,26.0901,-1.39194,-4.87633,2.93146,-6.26827,-3.48439,0,0,0,0,425002,6.381e+06,0,0,0,0,0,0,0,0,0,0,0,0,0,0,
69,3.11325,180006,0.707902,40.5598,2.33096,26.6375,2.5633,2.56106,0.105441,-3.81986,12.6033,-0.468357,0.136768,0.283965,45.3609,35.4973,9992.2,932.623,1210.16,39.5095,-0.00582701,6.381e+06,0.0541453,1.11626,0.822301,122753,68322,4962.12,0,0,0,0.0396523,2.06697,3,-2.93303,-2,2.73027,0,0,0,0,0,0,0,0,0,0,-0.00106387,0.000243709,-0.000702881,19.4982,-14.3537,9.10989,0,0,0,0,0,0,0,0,0,0,0,0,0,-1.3866,-4.87089,2.91989,0,1.11115,26.001,-1.38725,-4.87156,2.92131,-6.25881,-3.48431,0,0,0,0,425002,6.381e+06,0,0,0,0,0,0,0,0,0,0,0,0,0,0,
69.2,3.11325,180006,0.709014,40.6235,2.33163,26.5464,2.56237,2.56014,0.105078,-3.79265,12.5977,-0.468212,0.135785,0.283026,45.3622,35.4986,9992.18,932.622,1210.42,39.577,-0.00583864,6.381e+06,0.0539737,1.1155,0.822303,122714,68282.5,4962.01,0,0,0,0.0396538,2.06772,3,-2.93228,-2,2.73072,0,0,0,0,0,0,0,0,0,0,-0.00106358,0.000244102,-0.000702813,19.5455,-14.4238,9.16402,0,0,0,0,0,0,0,0,0,0,0,0,0,-1.38191,-4.86601,2.90975,0,1.11027,25.9119,-1.38257,-4.8667,2.91117,-6.24926,-3.48413,0,0,0,0,425002,6.381e+06,0,0,0,0,0,0,0,0,0,0,0,0,0,0,
69.4,3.11324,180006,0.710122,40.687,2.33231,26.4554,2.56141,2.5592,0.104715,-3.76552,12.5921,-0.468027,0.134779,0.282087,45.3635,35.4999,9992.16,932.621,1210.68,39.6443,-0.00581878,6.381e+06,0.0538022,1.11471,0.822305,122674,68243,4961.91,0,0,0,0.0396554,2.06849,3,-2.93151,-2,2.73117,0,0,0,0,0,0,0,0,0,0,-0.00106328,0.000244494,-0.000702744,19.5928,-14.4941,9.21851,0,0,0,0,0,0,0,0,0,0,0,0,0,-1.37723,-4.86105,2.89961,0,1.10936,25.8228,-1.37788,-4.86175,2.90103,-6.23963,-3.48387,0,0,0,0,425002,6.381e+06,0,0,0,0,0,0,0,0,0,0,0,0,0,0,
69.6,3.11324,180006,0.711226,40.7502,2.33299,26.3644,2.56043,2.55824,0.104354,-3.73848,12.5866,-0.467799,0.133752,0.281149,45.3648,35.5011,9992.14,932.62,1210.94,39.7113,-0.005771,6.38099e+06,0.0536308,1.11389,0.822308,122635,68203.6,4961.8,0,0,0,0.0396571,2.0693,3,-2.9307,-2,2.73163,0,0,0,0,0,0,0,0,0,0,-0.00106298,0.000244885,-0.000702675,19.6402,-14.5647,9.27337,0,0,0,0,0,0,0,0,0,0,0,0,0,-1.37254,-4.85601,2.88948,0,1.10842,25.7337,-1.3732,-4.85672,2.8909,-6.22992,-3.48352,0,0,0,0,425002,6.38099e+06,0,0,0,0,0,0,0,0,0,0,0,0,0,0,
69.8,3.11324,180006,0.712324,40.8132,2.33366,26.2734,2.55943,2.55725,0.103993,-3.71153,12.581,-0.467524,0.132705,0.280213,45.3661,35.5024,9992.12,932.619,1211.19,39.7781,-0.00569906,6.38099e+06,0.0534596,1.11305,0.822312,122595,68164.1,4961.7,0,0,0,0.0396587,2.07013,3,-2.92987,-2,2.73208,0,0,0,0,0,0,0,0,0,0,-0.00106268,0.000245276,-0.000702604,19.6878,-14.6354,9.32858,0,0,0,0,0,0,0,0,0,0,0,0,0,-1.36787,-4.85091,2.87937,0,1.10746,25.6447,-1.36852,-4.85163,2.88079,-6.22015,-3.48311,0,0,0,0,425002,6.38099e+06,0,0,0,0,0,0,0,0,0,0,0,0,0,0,
70,3.11323,180006,0.713419,40.8759,2.33433,26.1825,2.55841,2.55624,0.103632,-3.68466,12.5754,-0.467202,0.131643,0.279279,45.3674,35.5037,9992.11,932.618,1211.45,39.8446,-0.00560684,6.38099e+06,0.0532888,1.11217,0.822316,122556,68124.6,4961.6,0,0,0,0.0396604,2.07099,3,-2.92901,-2,2.73253,0,0,0,0,0,0,0,0,0,0,-0.00106239,0.000245666,-0.000702532,19.7354,-14.7064,9.38415,0,0,0,0,0,0,0,0,0,0,0,0,0,-1.3632,-4.84577,2.86929,0,1.10647,25.5558,-1.36385,-4.84649,2.8707,-6.21034,-3.48264,0,0,0,0,425002,6.38099e+06,0,0,0,0,0,0,0,0,0,0,0,0,0,0,
70.2,3.11323,180006,0.714509,40.9383,2.33499,26.0916,2.55736,2.5552,0.103273,-3.65789,12.5698,-0.466833,0.130566,0.278346,45.3688,35.505,9992.09,932.617,1211.7,39.9109,-0.00549829,6.38099e+06,0.0531183,1.11126,0.822321,122516,68085.1,4961.5,0,0,0,0.0396622,2.07188,3,-2.92812,-2,2.73298,0,0,0,0,0,0,0,0,0,0,-0.00106209,0.000246056,-0.00070246,19.7831,-14.7775,9.44007,0,0,0,0,0,0,0,0,0,0,0,0,0,-1.35854,-4.84058,2.85922,0,1.10546,25.4669,-1.35919,-4.84131,2.86063,-6.2005,-3.48212,0,0,0,0,425002,6.38099e+06,0,0,0,0,0,0,0,0,0,0,0,0,0,0,
70.4,3.11322,180006,0.715594,41.0005,2.33563,26.0008,2.55628,2.55414,0.102915,-3.63122,12.5642,-0.466417,0.129478,0.277416,45.3701,35.5063,9992.07,932.616,1211.96,39.9769,-0.00537729,6.38099e+06,0.0529482,1.11032,0.822326,122477,68045.6,4961.4,0,0,0,0.039664,2.0728,3,-2.9272,-2,2.73344,0,0,0,0,0,0,0,0,0,0,-0.00106179,0.000246445,-0.000702387,19.831,-14.8489,9.49636,0,0,0,0,0,0,0,0,0,0,0,0,0,-1.35389,-4.83537,2.84919,0,1.10443,25.3781,-1.35454,-4.8361,2.85059,-6.19064,-3.48156,0,0,0,0,425002,6.38099e+06,0,0,0,0,0,0,0,0,0,0,0,0,0,0,
70.6,3.11322,180006,0.716675,41.0624,2.33625,25.9101,2.55519,2.55306,0.102557,-3.60464,12.5586,-0.465957,0.128381,0.276489,45.3714,35.5076,9992.06,932.615,1212.21,40.0427,-0.00524765,6.38099e+06,0.0527786,1.10936,0.822331,122437,68006.2,4961.3,0,0,0,0.0396658,2.07375,3,-2.92625,-2,2.7339,0,0,0,0,0,0,0,0,0,0,-0.0010615,0.000246833,-0.000702312,19.8789,-14.9206,9.553,0,0,0,0,0,0,0,0,0,0,0,0,0,-1.34925,-4.83015,2.83917,0,1.10338,25.2893,-1.3499,-4.83088,2.84057,-6.18078,-3.48098,0,0,0,0,425002,6.38099e+06,0,0,0,0,0,0,0,0,0,0,0,0,0,0,
70.8,3.11321,180005,0.717751,41.1241,2.33685,25.8195,2.55407,2.55196,0.102201,-3.57816,12.5529,-0.465455,0.127279,0.275564,45.3727,35.5089,9992.04,932.614,1212.46,40.1082,-0.00511301,6.38099e+06,0.0526094,1.10836,0.822337,122398,67966.7,4961.2,0,0,0,0.0396677,2.07472,3,-2.92528,-2,2.73435,0,0,0,0,0,0,0,0,0,0,-0.0010612,0.000247221,-0.000702237,19.9269,-14.9924,9.60999,0,0,0,0,0,0,0,0,0,0,0,0,0,-1.34462,-4.82493,2.82919,0,1.10232,25.2007,-1.34527,-4.82566,2.83058,-6.17092,-3.48039,0,0,0,0,425002,6.38099e+06,0,0,0,0,0,0,0,0,0,0,0,0,0,0,
71,3.11321,180005,0.718822,41.1855,2.33743,25.729,2.55294,2.55084,0.101846,-3.55177,12.5473,-0.464917,0.126174,0.274641,45.374,35.5102,9992.03,932.613,1212.7,40.1735,-0.00497683,6.38099e+06,0.0524406,1.10734,0.822343,122358,67927.2,4961.1,0,0,0,0.0396696,2.07572,3,-2.92428,-2,2.73481,0,0,0,0,0,0,0,0,0,0,-0.00106091,0.000247607,-0.000702161,19.975,-15.0645,9.66735,0,0,0,0,0,0,0,0,0,0,0,0,0,-1.34,-4.81972,2.81923,0,1.10124,25.1122,-1.34065,-4.82045,2.82062,-6.16109,-3.4798,0,0,0,0,425002,6.38099e+06,0,0,0,0,0,0,0,0,0,0,0,0,0,0,
71.2,3.11321,180005,0.71989,41.2466,2.33799,25.6385,2.55179,2.54971,0.101491,-3.52549,12.5416,-0.464346,0.125069,0.273721,45.3754,35.5114,9992.01,932.612,1212.95,40.2385,-0.00484229,6.38099e+06,0.0522724,1.1063,0.822349,122319,67887.7,4961,0,0,0,0.0396716,2.07673,3,-2.92327,-2,2.73527,0,0,0,0,0,0,0,0,0,0,-0.00106061,0.000247994,-0.000702085,20.0232,-15.1368,9.72505,0,0,0,0,0,0,0,0,0,0,0,0,0,-1.33539,-4.81453,2.8093,0,1.10015,25.0237,-1.33604,-4.81525,2.81069,-6.15129,-3.47921,0,0,0,0,425002,6.38099e+06,0,0,0,0,0,0,0,0,0,0,0,0,0,0,
71.4,3.1132,180005,0.720952,41.3075,2.33852,25.5482,2.55063,2.54856,0.101137,-3.4993,12.536,-0.463748,0.123966,0.272803,45.3767,35.5127,9992,932.611,1213.2,40.3032,-0.00471231,6.38099e+06,0.0521045,1.10524,0.822355,122279,67848.3,4960.9,0,0,0,0.0396735,2.07777,3,-2.92223,-2,2.73572,0,0,0,0,0,0,0,0,0,0,-0.00106032,0.000248379,-0.000702007,20.0715,-15.2093,9.78312,0,0,0,0,0,0,0,0,0,0,0,0,0,-1.3308,-4.80937,2.79939,0,1.09906,24.9354,-1.33144,-4.81009,2.80078,-6.14153,-3.47865,0,0,0,0,425002,6.38099e+06,0,0,0,0,0,0,0,0,0,0,0,0,0,0,
71.6,3.1132,180005,0.72201,41.3681,2.33903,25.458,2.54945,2.5474,0.100785,-3.47321,12.5303,-0.463128,0.122867,0.271887,45.378,35.514,9991.98,932.61,1213.44,40.3677,-0.00458948,6.38099e+06,0.0519371,1.10416,0.822361,122240,67808.8,4960.8,0,0,0,0.0396755,2.07882,3,-2.92118,-2,2.73618,0,0,0,0,0,0,0,0,0,0,-0.00106002,0.000248764,-0.000701929,20.1199,-15.282,9.84153,0,0,0,0,0,0,0,0,0,0,0,0,0,-1.32622,-4.80425,2.78951,0,1.09796,24.8472,-1.32686,-4.80497,2.79089,-6.13183,-3.47811,0,0,0,0,425002,6.38099e+06,0,0,0,0,0,0,0,0,0,0,0,0,0,0,
71.8,3.1132,180005,0.723064,41.4285,2.33951,25.3679,2.54827,2.54623,0.100433,-3.44721,12.5246,-0.462491,0.121776,0.270973,45.3794,35.5153,9991.97,932.609,1213.69,40.4319,-0.00447607,6.38099e+06,0.05177,1.10308,0.822368,122200,67769.3,4960.69,0,0,0,0.0396775,2.07988,3,-2.92012,-2,2.73664,0,0,0,0,0,0,0,0,0,0,-0.00105973,0.000249149,-0.00070185,20.1684,-15.355,9.90031,0,0,0,0,0,0,0,0,0,0,0,0,0,-1.32164,-4.79918,2.77965,0,1.09686,24.7591,-1.32228,-4.79989,2.78103,-6.12217,-3.47761,0,0,0,0,425002,6.38099e+06,0,0,0,0,0,0,0,0,0,0,0,0,0,0,
72,3.11319,180005,0.724113,41.4886,2.33997,25.2779,2.54708,2.54506,0.100081,-3.42131,12.5189,-0.461845,0.120693,0.27006,45.3807,35.5165,9991.95,932.608,1213.93,40.4959,-0.004374,6.38099e+06,0.0516032,1.10198,0.822374,122161,67729.8,4960.59,0,0,0,0.0396795,2.08095,3,-2.91905,-2,2.7371,0,0,0,0,0,0,0,0,0,0,-0.00105943,0.000249532,-0.000701771,20.217,-15.4282,9.95943,0,0,0,0,0,0,0,0,0,0,0,0,0,-1.31708,-4.79417,2.76981,0,1.09577,24.6711,-1.31772,-4.79487,2.77119,-6.11259,-3.47715,0,0,0,0,425002,6.38099e+06,0,0,0,0,0,0,0,0,0,0,0,0,0,0,
72.2,3.11319,180005,0.725158,41.5485,2.3404,25.188,2.54589,2.54388,0.0997303,-3.3955,12.5131,-0.461194,0.11962,0.269149,45.382,35.5178,9991.94,932.608,1214.17,40.5596,-0.00428482,6.38099e+06,0.0514366,1.10087,0.82238,122121,67690.4,4960.48,0,0,0,0.0396815,2.08203,3,-2.91797,-2,2.73756,0,0,0,0,0,0,0,0,0,0,-0.00105914,0.000249915,-0.00070169,20.2657,-15.5016,10.0189,0,0,0,0,0,0,0,0,0,0,0,0,0,-1.31253,-4.78921,2.75999,0,1.09468,24.5832,-1.31316,-4.7899,2.76136,-6.10307,-3.47674,0,0,0,0,425002,6.38099e+06,0,0,0,0,0,0,0,0,0,0,0,0,0,0,
72.4,3.11319,180005,0.726198,41.6081,2.34081,25.0983,2.5447,2.5427,0.0993798,-3.36978,12.5074,-0.460545,0.118559,0.268239,45.3834,35.5191,9991.93,932.607,1214.41,40.623,-0.00420977,6.38099e+06,0.0512703,1.09976,0.822386,122082,67650.9,4960.37,0,0,0,0.0396835,2.08311,3,-2.91689,-2,2.73802,0,0,0,0,0,0,0,0,0,0,-0.00105885,0.000250297,-0.000701609,20.3144,-15.5753,10.0787,0,0,0,0,0,0,0,0,0,0,0,0,0,-1.30798,-4.78432,2.75018,0,1.0936,24.4954,-1.30861,-4.785,2.75155,-6.09362,-3.47639,0,0,0,0,425002,6.38099e+06,0,0,0,0,0,0,0,0,0,0,0,0,0,0,
72.6,3.11318,180005,0.727234,41.6674,2.3412,25.0087,2.54351,2.54152,0.0990297,-3.34414,12.5017,-0.459904,0.117511,0.26733,45.3847,35.5204,9991.92,932.606,1214.65,40.6862,-0.0041497,6.38099e+06,0.0511041,1.09865,0.822391,122042,67611.4,4960.26,0,0,0,0.0396855,2.08419,3,-2.91581,-2,2.73848,0,0,0,0,0,0,0,0,0,0,-0.00105855,0.000250679,-0.000701527,20.3633,-15.6491,10.1389,0,0,0,0,0,0,0,0,0,0,0,0,0,-1.30344,-4.7795,2.74038,0,1.09253,24.4078,-1.30407,-4.78017,2.74175,-6.08424,-3.4761,0,0,0,0,425002,6.38099e+06,0,0,0,0,0,0,0,0,0,0,0,0,0,0,
72.8,3.11318,180005,0.728266,41.7265,2.34156,24.9191,2.54232,2.54035,0.0986797,-3.31859,12.4959,-0.459276,0.116478,0.266422,45.386,35.5216,9991.9,932.605,1214.88,40.7491,-0.00410517,6.38099e+06,0.050938,1.09755,0.822397,122003,67572,4960.15,0,0,0,0.0396875,2.08527,3,-2.91473,-2,2.73894,0,0,0,0,0,0,0,0,0,0,-0.00105826,0.00025106,-0.000701445,20.4123,-15.7232,10.1995,0,0,0,0,0,0,0,0,0,0,0,0,0,-1.2989,-4.77474,2.73059,0,1.09146,24.3203,-1.29954,-4.7754,2.73196,-6.07494,-3.47587,0,0,0,0,425002,6.38099e+06,0,0,0,0,0,0,0,0,0,0,0,0,0,0,
73,3.11318,180005,0.729293,41.7854,2.34191,24.8298,2.54113,2.53918,0.0983298,-3.29312,12.4901,-0.458666,0.115459,0.265513,45.3874,35.5229,9991.89,932.604,1215.12,40.8118,-0.00407638,6.38099e+06,0.0507718,1.09644,0.822402,121963,67532.5,4960.04,0,0,0,0.0396895,2.08634,3,-2.91366,-2,2.7394,0,0,0,0,0,0,0,0,0,0,-0.00105797,0.00025144,-0.000701361,20.4614,-15.7976,10.2603,0,0,0,0,0,0,0,0,0,0,0,0,0,-1.29437,-4.77006,2.7208,0,1.09042,24.2329,-1.29501,-4.77071,2.72217,-6.06572,-3.4757,0,0,0,0,425002,6.38099e+06,0,0,0,0,0,0,0,0,0,0,0,0,0,0,
73.2,3.11317,180005,0.730316,41.844,2.34224,24.7405,2.53996,2.53802,0.0979799,-3.26773,12.4843,-0.45808,0.114455,0.264605,45.3887,35.5242,9991.88,932.604,1215.35,40.8742,-0.00406328,6.38099e+06,0.0506056,1.09535,0.822407,121924,67493,4959.93,0,0,0,0.0396915,2.08741,3,-2.91259,-2,2.73986,0,0,0,0,0,0,0,0,0,0,-0.00105767,0.00025182,-0.000701277,20.5105,-15.8721,10.3216,0,0,0,0,0,0,0,0,0,0,0,0,0,-1.28984,-4.76544,2.71102,0,1.08938,24.1455,-1.29048,-4.76608,2.71239,-6.05656,-3.47561,0,0,0,0,425002,6.38099e+06,0,0,0,0,0,0,0,0,0,0,0,0,0,0,
73.4,3.11317,180005,0.731334,41.9024,2.34255,24.6513,2.53879,2.53687,0.0976299,-3.24241,12.4785,-0.457521,0.113466,0.263696,45.3901,35.5255,9991.87,932.603,1215.59,40.9364,-0.00406552,6.38099e+06,0.0504393,1.09427,0.822412,121885,67453.6,4959.82,0,0,0,0.0396935,2.08847,3,-2.91153,-2,2.74032,0,0,0,0,0,0,0,0,0,0,-0.00105738,0.000252199,-0.000701193,20.5598,-15.9469,10.3832,0,0,0,0,0,0,0,0,0,0,0,0,0,-1.28531,-4.7609,2.70124,0,1.08836,24.0583,-1.28595,-4.76153,2.70261,-6.04748,-3.47558,0,0,0,0,425002,6.38099e+06,0,0,0,0,0,0,0,0,0,0,0,0,0,0,
73.6,3.11317,180005,0.732349,41.9605,2.34286,24.5622,2.53764,2.53572,0.0972795,-3.21717,12.4727,-0.456995,0.112493,0.262786,45.3914,35.5267,9991.85,932.602,1215.82,40.9983,-0.00408253,6.38099e+06,0.0502728,1.09319,0.822417,121845,67414.1,4959.7,0,0,0,0.0396954,2.08951,3,-2.91049,-2,2.74078,0,0,0,0,0,0,0,0,0,0,-0.00105709,0.000252577,-0.000701107,20.6091,-16.0219,10.4451,0,0,0,0,0,0,0,0,0,0,0,0,0,-1.28079,-4.75642,2.69145,0,1.08736,23.9712,-1.28142,-4.75704,2.69282,-6.03846,-3.47562,0,0,0,0,425002,6.38099e+06,0,0,0,0,0,0,0,0,0,0,0,0,0,0,
73.8,3.11316,180005,0.733359,42.0184,2.34315,24.4732,2.5365,2.53459,0.0969288,-3.19199,12.4669,-0.456503,0.111536,0.261875,45.3928,35.528,9991.84,932.601,1216.05,41.06,-0.0041135,6.38099e+06,0.050106,1.09214,0.822421,121806,67374.6,4959.59,0,0,0,0.0396974,2.09054,3,-2.90946,-2,2.74124,0,0,0,0,0,0,0,0,0,0,-0.0010568,0.000252955,-0.000701021,20.6586,-16.0972,10.5074,0,0,0,0,0,0,0,0,0,0,0,0,0,-1.27626,-4.752,2.68165,0,1.08637,23.8842,-1.27689,-4.75262,2.68302,-6.02951,-3.47573,0,0,0,0,425002,6.38099e+06,0,0,0,0,0,0,0,0,0,0,0,0,0,0,
74,3.11316,180005,0.734365,42.076,2.34343,24.3843,2.53536,2.53348,0.0965777,-3.16688,12.4611,-0.45605,0.110593,0.260963,45.3941,35.5293,9991.83,932.601,1216.28,41.1214,-0.00415747,6.38098e+06,0.0499388,1.09109,0.822425,121766,67335.2,4959.47,0,0,0,0.0396993,2.09156,3,-2.90844,-2,2.7417,0,0,0,0,0,0,0,0,0,0,-0.00105651,0.000253332,-0.000700934,20.7082,-16.1726,10.57,0,0,0,0,0,0,0,0,0,0,0,0,0,-1.27173,-4.74765,2.67184,0,1.0854,23.7972,-1.27236,-4.74826,2.67322,-6.02062,-3.4759,0,0,0,0,425002,6.38098e+06,0,0,0,0,0,0,0,0,0,0,0,0,0,0,
74.2,3.11316,180005,0.735367,42.1334,2.3437,24.2955,2.53425,2.53237,0.096226,-3.14183,12.4553,-0.455637,0.109664,0.26005,45.3955,35.5305,9991.82,932.6,1216.51,41.1825,-0.0042133,6.38098e+06,0.0497713,1.09007,0.822429,121727,67295.7,4959.36,0,0,0,0.0397012,2.09257,3,-2.90743,-2,2.74216,0,0,0,0,0,0,0,0,0,0,-0.00105622,0.000253709,-0.000700846,20.7578,-16.2483,10.633,0,0,0,0,0,0,0,0,0,0,0,0,0,-1.26719,-4.74336,2.66202,0,1.08445,23.7103,-1.26783,-4.74396,2.6634,-6.01178,-3.47613,0,0,0,0,425002,6.38098e+06,0,0,0,0,0,0,0,0,0,0,0,0,0,0,
74.4,3.11316,180005,0.736364,42.1906,2.34397,24.2067,2.53315,2.53128,0.0958736,-3.11684,12.4494,-0.455267,0.10875,0.259135,45.3968,35.5318,9991.8,932.599,1216.73,41.2434,-0.00427976,6.38098e+06,0.0496034,1.08906,0.822432,121687,67256.3,4959.24,0,0,0,0.039703,2.09356,3,-2.90644,-2,2.74262,0,0,0,0,0,0,0,0,0,0,-0.00105593,0.000254085,-0.000700758,20.8076,-16.3243,10.6964,0,0,0,0,0,0,0,0,0,0,0,0,0,-1.26265,-4.73912,2.65219,0,1.08351,23.6235,-1.26329,-4.73971,2.65357,-6.003,-3.47642,0,0,0,0,425002,6.38098e+06,0,0,0,0,0,0,0,0,0,0,0,0,0,0,
74.6,3.11315,180005,0.737358,42.2475,2.34423,24.118,2.53206,2.5302,0.0955206,-3.09191,12.4436,-0.454941,0.107848,0.258217,45.3982,35.533,9991.79,932.599,1216.96,41.3041,-0.0043555,6.38098e+06,0.049435,1.08806,0.822436,121648,67216.8,4959.13,0,0,0,0.0397049,2.09453,3,-2.90547,-2,2.74308,0,0,0,0,0,0,0,0,0,0,-0.00105564,0.00025446,-0.000700668,20.8574,-16.4005,10.76,0,0,0,0,0,0,0,0,0,0,0,0,0,-1.25811,-4.73493,2.64234,0,1.08259,23.5367,-1.25874,-4.73551,2.64372,-5.99426,-3.47677,0,0,0,0,425002,6.38098e+06,0,0,0,0,0,0,0,0,0,0,0,0,0,0,
74.8,3.11315,180005,0.738347,42.3042,2.3445,24.0294,2.53098,2.52914,0.0951668,-3.06703,12.4377,-0.45466,0.106958,0.257298,45.3995,35.5343,9991.78,932.598,1217.18,41.3645,-0.00443915,6.38098e+06,0.049266,1.08709,0.822439,121608,67177.3,4959.01,0,0,0,0.0397067,2.09548,3,-2.90452,-2,2.74354,0,0,0,0,0,0,0,0,0,0,-0.00105535,0.000254835,-0.000700578,20.9074,-16.4769,10.8241,0,0,0,0,0,0,0,0,0,0,0,0,0,-1.25355,-4.73078,2.63247,0,1.08169,23.45,-1.25419,-4.73136,2.63385,-5.98555,-3.47717,0,0,0,0,425002,6.38098e+06,0,0,0,0,0,0,0,0,0,0,0,0,0,0,
75,3.11315,180005,0.739332,42.3606,2.34476,23.9408,2.52992,2.52809,0.0948121,-3.04221,12.4319,-0.454423,0.106079,0.256376,45.4009,35.5356,9991.76,932.597,1217.41,41.4247,-0.00452926,6.38098e+06,0.0490965,1.08613,0.822442,121569,67137.9,4958.9,0,0,0,0.0397085,2.09642,3,-2.90358,-2,2.744,0,0,0,0,0,0,0,0,0,0,-0.00105506,0.000255209,-0.000700487,20.9574,-16.5535,10.8884,0,0,0,0,0,0,0,0,0,0,0,0,0,-1.24899,-4.72668,2.62257,0,1.0808,23.3633,-1.24963,-4.72725,2.62396,-5.97688,-3.47762,0,0,0,0,425002,6.38098e+06,0,0,0,0,0,0,0,0,0,0,0,0,0,0,
75.2,3.11314,180005,0.740313,42.4168,2.34502,23.8522,2.52888,2.52706,0.0944566,-3.01744,12.426,-0.454233,0.10521,0.255451,45.4022,35.5368,9991.75,932.596,1217.63,41.4846,-0.00462443,6.38098e+06,0.0489264,1.08519,0.822445,121529,67098.4,4958.79,0,0,0,0.0397102,2.09735,3,-2.90265,-2,2.74446,0,0,0,0,0,0,0,0,0,0,-0.00105477,0.000255583,-0.000700395,21.0076,-16.6303,10.9532,0,0,0,0,0,0,0,0,0,0,0,0,0,-1.24442,-4.72261,2.61266,0,1.07992,23.2767,-1.24506,-4.72318,2.61405,-5.96824,-3.47811,0,0,0,0,425002,6.38098e+06,0,0,0,0,0,0,0,0,0,0,0,0,0,0,
75.4,3.11314,180005,0.74129,42.4728,2.34529,23.7637,2.52785,2.52604,0.0941001,-2.99271,12.4202,-0.454087,0.10435,0.254524,45.4036,35.5381,9991.74,932.595,1217.85,41.5442,-0.00472326,6.38098e+06,0.0487557,1.08426,0.822448,121490,67059,4958.67,0,0,0,0.039712,2.09825,3,-2.90175,-2,2.74492,0,0,0,0,0,0,0,0,0,0,-0.00105448,0.000255956,-0.000700302,21.0578,-16.7074,11.0182,0,0,0,0,0,0,0,0,0,0,0,0,0,-1.23985,-4.71857,2.60272,0,1.07906,23.19,-1.24049,-4.71914,2.60411,-5.95963,-3.47865,0,0,0,0,425002,6.38098e+06,0,0,0,0,0,0,0,0,0,0,0,0,0,0,
75.6,3.11314,180005,0.742262,42.5285,2.34556,23.6751,2.52683,2.52503,0.0937428,-2.96803,12.4143,-0.453985,0.103499,0.253595,45.405,35.5393,9991.72,932.595,1218.07,41.6037,-0.00482438,6.38098e+06,0.0485844,1.08336,0.82245,121451,67019.5,4958.56,0,0,0,0.0397137,2.09915,3,-2.90085,-2,2.74537,0,0,0,0,0,0,0,0,0,0,-0.00105419,0.000256328,-0.000700209,21.1082,-16.7848,11.0836,0,0,0,0,0,0,0,0,0,0,0,0,0,-1.23526,-4.71456,2.59276,0,1.07821,23.1034,-1.2359,-4.71512,2.59415,-5.95103,-3.47922,0,0,0,0,425002,6.38098e+06,0,0,0,0,0,0,0,0,0,0,0,0,0,0,
75.8,3.11313,180005,0.743231,42.584,2.34583,23.5866,2.52582,2.52404,0.0933844,-2.9434,12.4085,-0.453926,0.102654,0.252662,45.4063,35.5406,9991.71,932.594,1218.29,41.6629,-0.0049265,6.38098e+06,0.0484124,1.08247,0.822453,121411,66980.1,4958.45,0,0,0,0.0397154,2.10002,3,-2.89998,-2,2.74583,0,0,0,0,0,0,0,0,0,0,-0.0010539,0.0002567,-0.000700114,21.1586,-16.8623,11.1494,0,0,0,0,0,0,0,0,0,0,0,0,0,-1.23066,-4.71057,2.58277,0,1.07737,23.0168,-1.23131,-4.71113,2.58417,-5.94244,-3.47982,0,0,0,0,425002,6.38098e+06,0,0,0,0,0,0,0,0,0,0,0,0,0,0,
76,3.11313,180005,0.744195,42.6393,2.34611,23.4981,2.52483,2.52306,0.0930251,-2.9188,12.4026,-0.453908,0.101815,0.251727,45.4077,35.5418,9991.69,932.593,1218.51,41.7218,-0.00502842,6.38098e+06,0.0482397,1.08159,0.822456,121372,66940.6,4958.34,0,0,0,0.039717,2.10089,3,-2.89911,-2,2.74629,0,0,0,0,0,0,0,0,0,0,-0.00105361,0.000257072,-0.000700018,21.2092,-16.9401,11.2155,0,0,0,0,0,0,0,0,0,0,0,0,0,-1.22605,-4.7066,2.57275,0,1.07654,22.9301,-1.2267,-4.70716,2.57416,-5.93386,-3.48046,0,0,0,0,425002,6.38098e+06,0,0,0,0,0,0,0,0,0,0,0,0,0,0,
76.2,3.11313,180005,0.745156,42.6943,2.34639,23.4096,2.52384,2.52208,0.0926648,-2.89425,12.3968,-0.453931,0.10098,0.250789,45.4091,35.5431,9991.68,932.592,1218.72,41.7805,-0.00512903,6.38098e+06,0.0480664,1.08072,0.822458,121332,66901.2,4958.23,0,0,0,0.0397187,2.10174,3,-2.89826,-2,2.74675,0,0,0,0,0,0,0,0,0,0,-0.00105332,0.000257442,-0.000699922,21.2598,-17.0182,11.2819,0,0,0,0,0,0,0,0,0,0,0,0,0,-1.22144,-4.70264,2.56271,0,1.07572,22.8435,-1.22208,-4.7032,2.56412,-5.92528,-3.48112,0,0,0,0,425002,6.38098e+06,0,0,0,0,0,0,0,0,0,0,0,0,0,0,
76.4,3.11312,180005,0.746112,42.7491,2.34668,23.321,2.52287,2.52112,0.0923035,-2.86974,12.391,-0.453992,0.10015,0.249848,45.4104,35.5443,9991.66,932.591,1218.94,41.839,-0.00522732,6.38098e+06,0.0478924,1.07987,0.82246,121293,66861.7,4958.12,0,0,0,0.0397203,2.10258,3,-2.89742,-2,2.74721,0,0,0,0,0,0,0,0,0,0,-0.00105303,0.000257813,-0.000699824,21.3106,-17.0965,11.3487,0,0,0,0,0,0,0,0,0,0,0,0,0,-1.21681,-4.6987,2.55264,0,1.0749,22.7568,-1.21745,-4.69925,2.55406,-5.9167,-3.48179,0,0,0,0,425002,6.38098e+06,0,0,0,0,0,0,0,0,0,0,0,0,0,0,
76.6,3.11312,180005,0.747064,42.8036,2.34697,23.2324,2.52191,2.52017,0.0919412,-2.84527,12.3851,-0.454089,0.0993233,0.248904,45.4118,35.5456,9991.64,932.59,1219.15,41.8972,-0.00532239,6.38098e+06,0.0477177,1.07903,0.822463,121253,66822.3,4958.02,0,0,0,0.039722,2.10341,3,-2.89659,-2,2.74766,0,0,0,0,0,0,0,0,0,0,-0.00105275,0.000258183,-0.000699726,21.3615,-17.175,11.4159,0,0,0,0,0,0,0,0,0,0,0,0,0,-1.21216,-4.69476,2.54255,0,1.07409,22.6701,-1.21281,-4.69531,2.54396,-5.90812,-3.48249,0,0,0,0,425002,6.38098e+06,0,0,0,0,0,0,0,0,0,0,0,0,0,0,
76.8,3.11311,180005,0.748012,42.8579,2.34727,23.1438,2.52095,2.51922,0.0915779,-2.82084,12.3793,-0.45422,0.0984985,0.247957,45.4132,35.5468,9991.63,932.589,1219.36,41.9552,-0.0054135,6.38098e+06,0.0475423,1.0782,0.822465,121214,66782.8,4957.91,0,0,0,0.0397236,2.10422,3,-2.89578,-2,2.74812,0,0,0,0,0,0,0,0,0,0,-0.00105246,0.000258552,-0.000699626,21.4124,-17.2537,11.4833,0,0,0,0,0,0,0,0,0,0,0,0,0,-1.20751,-4.69082,2.53243,0,1.07329,22.5834,-1.20816,-4.69137,2.53385,-5.89953,-3.4832,0,0,0,0,425002,6.38098e+06,0,0,0,0,0,0,0,0,0,0,0,0,0,0,
77,3.11311,180005,0.748956,42.912,2.34757,23.0552,2.52,2.51828,0.0912137,-2.79645,12.3735,-0.454384,0.0976754,0.247007,45.4145,35.5481,9991.61,932.589,1219.58,42.0129,-0.00549999,6.38098e+06,0.0473663,1.07738,0.822468,121174,66743.4,4957.81,0,0,0,0.0397252,2.10504,3,-2.89496,-2,2.74858,0,0,0,0,0,0,0,0,0,0,-0.00105217,0.000258921,-0.000699526,21.4635,-17.3327,11.5512,0,0,0,0,0,0,0,0,0,0,0,0,0,-1.20285,-4.68688,2.52228,0,1.07249,22.4966,-1.2035,-4.68743,2.5237,-5.89094,-3.48393,0,0,0,0,425002,6.38098e+06,0,0,0,0,0,0,0,0,0,0,0,0,0,0,
77.2,3.11311,180005,0.749896,42.9659,2.34788,22.9665,2.51906,2.51735,0.0908485,-2.77209,12.3677,-0.454578,0.0968532,0.246055,45.4159,35.5493,9991.59,932.588,1219.79,42.0704,-0.00558136,6.38098e+06,0.0471896,1.07657,0.822471,121135,66703.9,4957.7,0,0,0,0.0397267,2.10584,3,-2.89416,-2,2.74904,0,0,0,0,0,0,0,0,0,0,-0.00105188,0.000259289,-0.000699424,21.5146,-17.4119,11.6193,0,0,0,0,0,0,0,0,0,0,0,0,0,-1.19818,-4.68295,2.51211,0,1.07169,22.4098,-1.19883,-4.6835,2.51353,-5.88233,-3.48467,0,0,0,0,425002,6.38098e+06,0,0,0,0,0,0,0,0,0,0,0,0,0,0,
77.4,3.1131,180005,0.750831,43.0195,2.3482,22.8778,2.51812,2.51642,0.0904824,-2.74777,12.3619,-0.4548,0.0960315,0.2451,45.4173,35.5506,9991.58,932.587,1220,42.1277,-0.00565722,6.38098e+06,0.0470122,1.07576,0.822473,121095,66664.5,4957.6,0,0,0,0.0397283,2.10664,3,-2.89336,-2,2.74949,0,0,0,0,0,0,0,0,0,0,-0.00105159,0.000259657,-0.000699322,21.5659,-17.4914,11.6878,0,0,0,0,0,0,0,0,0,0,0,0,0,-1.19349,-4.67901,2.50191,0,1.0709,22.323,-1.19415,-4.67956,2.50334,-5.87371,-3.48541,0,0,0,0,425002,6.38098e+06,0,0,0,0,0,0,0,0,0,0,0,0,0,0,
77.6,3.1131,180005,0.751763,43.0728,2.34851,22.789,2.51718,2.5155,0.0901153,-2.72348,12.3561,-0.455049,0.0952097,0.244142,45.4187,35.5518,9991.56,932.586,1220.2,42.1847,-0.0057273,6.38098e+06,0.0468342,1.07496,0.822476,121056,66625,4957.5,0,0,0,0.0397299,2.10743,3,-2.89257,-2,2.74995,0,0,0,0,0,0,0,0,0,0,-0.0010513,0.000260025,-0.000699218,21.6172,-17.5711,11.7567,0,0,0,0,0,0,0,0,0,0,0,0,0,-1.18879,-4.67507,2.49168,0,1.07011,22.236,-1.18945,-4.67562,2.49312,-5.86507,-3.48617,0,0,0,0,425002,6.38098e+06,0,0,0,0,0,0,0,0,0,0,0,0,0,0,
77.8,3.11309,180005,0.75269,43.126,2.34884,22.7001,2.51625,2.51458,0.0897474,-2.69924,12.3503,-0.455322,0.0943874,0.243181,45.4201,35.5531,9991.54,932.585,1220.41,42.2415,-0.00579146,6.38098e+06,0.0466556,1.07416,0.822479,121017,66585.6,4957.4,0,0,0,0.0397314,2.10822,3,-2.89178,-2,2.75041,0,0,0,0,0,0,0,0,0,0,-0.00105102,0.000260391,-0.000699113,21.6687,-17.651,11.8258,0,0,0,0,0,0,0,0,0,0,0,0,0,-1.18409,-4.67112,2.48144,0,1.06932,22.1491,-1.18475,-4.67167,2.48287,-5.85642,-3.48693,0,0,0,0,425002,6.38098e+06,0,0,0,0,0,0,0,0,0,0,0,0,0,0,
78,3.11309,180005,0.753613,43.1789,2.34916,22.6112,2.51532,2.51366,0.0893785,-2.67502,12.3445,-0.455619,0.0935645,0.242218,45.4214,35.5543,9991.52,932.584,1220.62,42.298,-0.00584967,6.38098e+06,0.0464763,1.07336,0.822482,120977,66546.1,4957.31,0,0,0,0.039733,2.10901,3,-2.89099,-2,2.75087,0,0,0,0,0,0,0,0,0,0,-0.00105073,0.000260758,-0.000699007,21.7203,-17.7312,11.8954,0,0,0,0,0,0,0,0,0,0,0,0,0,-1.17937,-4.66717,2.47116,0,1.06853,22.062,-1.18003,-4.66772,2.4726,-5.84776,-3.48769,0,0,0,0,425002,6.38098e+06,0,0,0,0,0,0,0,0,0,0,0,0,0,0,
78.2,3.11309,180005,0.754532,43.2315,2.34949,22.5222,2.5144,2.51275,0.0890088,-2.65084,12.3387,-0.455936,0.0927408,0.241252,45.4228,35.5555,9991.5,932.583,1220.82,42.3543,-0.005902,6.38098e+06,0.0462965,1.07257,0.822485,120938,66506.7,4957.21,0,0,0,0.0397346,2.10979,3,-2.89021,-2,2.75133,0,0,0,0,0,0,0,0,0,0,-0.00105044,0.000261124,-0.0006989,21.7719,-17.8116,11.9652,0,0,0,0,0,0,0,0,0,0,0,0,0,-1.17464,-4.66322,2.46086,0,1.06774,21.9749,-1.1753,-4.66377,2.46231,-5.83907,-3.48846,0,0,0,0,425002,6.38098e+06,0,0,0,0,0,0,0,0,0,0,0,0,0,0,
78.4,3.11308,180005,0.755447,43.2839,2.34982,22.4331,2.51347,2.51184,0.0886382,-2.6267,12.333,-0.456274,0.091916,0.240284,45.4242,35.5568,9991.49,932.582,1221.03,42.4104,-0.00594859,6.38097e+06,0.046116,1.07178,0.822488,120898,66467.3,4957.11,0,0,0,0.0397361,2.11057,3,-2.88943,-2,2.75178,0,0,0,0,0,0,0,0,0,0,-0.00105015,0.000261489,-0.000698792,21.8237,-17.8923,12.0354,0,0,0,0,0,0,0,0,0,0,0,0,0,-1.1699,-4.65925,2.45054,0,1.06695,21.8877,-1.17057,-4.65981,2.45199,-5.83038,-3.48924,0,0,0,0,425002,6.38097e+06,0,0,0,0,0,0,0,0,0,0,0,0,0,0,
78.6,3.11308,180005,0.756358,43.3361,2.35016,22.344,2.51255,2.51092,0.0882668,-2.60259,12.3272,-0.45663,0.0910902,0.239313,45.4256,35.558,9991.47,932.581,1221.23,42.4663,-0.0059897,6.38097e+06,0.0459349,1.07099,0.822491,120859,66427.8,4957.02,0,0,0,0.0397377,2.11136,3,-2.88864,-2,2.75224,0,0,0,0,0,0,0,0,0,0,-0.00104986,0.000261854,-0.000698683,21.8755,-17.9732,12.106,0,0,0,0,0,0,0,0,0,0,0,0,0,-1.16516,-4.65529,2.4402,0,1.06615,21.8004,-1.16582,-4.65585,2.44165,-5.82167,-3.49002,0,0,0,0,425002,6.38097e+06,0,0,0,0,0,0,0,0,0,0,0,0,0,0,
78.8,3.11307,180005,0.757264,43.3881,2.35049,22.2547,2.51162,2.51001,0.0878945,-2.57851,12.3215,-0.457005,0.0902633,0.238339,45.427,35.5593,9991.45,932.579,1221.43,42.5218,-0.00602564,6.38097e+06,0.0457532,1.07019,0.822494,120819,66388.4,4956.92,0,0,0,0.0397392,2.11214,3,-2.88786,-2,2.7527,0,0,0,0,0,0,0,0,0,0,-0.00104958,0.000262219,-0.000698572,21.9275,-18.0543,12.1769,0,0,0,0,0,0,0,0,0,0,0,0,0,-1.1604,-4.65132,2.42983,0,1.06536,21.7131,-1.16106,-4.65188,2.43128,-5.81294,-3.49081,0,0,0,0,425002,6.38097e+06,0,0,0,0,0,0,0,0,0,0,0,0,0,0,
79,3.11307,180005,0.758167,43.4398,2.35082,22.1654,2.5107,2.5091,0.0875215,-2.55446,12.3157,-0.457397,0.0894356,0.237364,45.4284,35.5605,9991.43,932.578,1221.63,42.5772,-0.00605678,6.38097e+06,0.045571,1.0694,0.822498,120780,66348.9,4956.83,0,0,0,0.0397407,2.11292,3,-2.88708,-2,2.75316,0,0,0,0,0,0,0,0,0,0,-0.00104929,0.000262583,-0.000698461,21.9796,-18.1357,12.2481,0,0,0,0,0,0,0,0,0,0,0,0,0,-1.15563,-4.64735,2.41944,0,1.06457,21.6256,-1.1563,-4.64791,2.4209,-5.8042,-3.49161,0,0,0,0,425002,6.38097e+06,0,0,0,0,0,0,0,0,0,0,0,0,0,0,
79.2,3.11306,180005,0.759065,43.4912,2.35116,22.076,2.50977,2.50818,0.0871475,-2.53045,12.31,-0.457806,0.0886071,0.236385,45.4298,35.5617,9991.41,932.577,1221.83,42.6323,-0.00608355,6.38097e+06,0.0453882,1.06861,0.822501,120741,66309.5,4956.74,0,0,0,0.0397423,2.1137,3,-2.8863,-2,2.75362,0,0,0,0,0,0,0,0,0,0,-0.001049,0.000262946,-0.000698348,22.0318,-18.2173,12.3197,0,0,0,0,0,0,0,0,0,0,0,0,0,-1.15085,-4.64338,2.40903,0,1.06377,21.5381,-1.15152,-4.64393,2.41049,-5.79545,-3.49241,0,0,0,0,425002,6.38097e+06,0,0,0,0,0,0,0,0,0,0,0,0,0,0,
79.4,3.11306,180005,0.759959,43.5424,2.35149,21.9865,2.50885,2.50727,0.0867728,-2.50647,12.3043,-0.458231,0.087778,0.235404,45.4312,35.563,9991.39,932.576,1222.03,42.6872,-0.00610641,6.38097e+06,0.0452048,1.06782,0.822505,120701,66270.1,4956.64,0,0,0,0.0397438,2.11449,3,-2.88551,-2,2.75408,0,0,0,0,0,0,0,0,0,0,-0.00104871,0.000263309,-0.000698234,22.084,-18.2992,12.3915,0,0,0,0,0,0,0,0,0,0,0,0,0,-1.14606,-4.6394,2.39859,0,1.06297,21.4505,-1.14674,-4.63996,2.40006,-5.78669,-3.49322,0,0,0,0,425002,6.38097e+06,0,0,0,0,0,0,0,0,0,0,0,0,0,0,
79.6,3.11306,180005,0.760848,43.5934,2.35182,21.8969,2.50792,2.50636,0.0863972,-2.48252,12.2987,-0.458673,0.0869485,0.234421,45.4325,35.5642,9991.37,932.575,1222.22,42.7418,-0.00612586,6.38097e+06,0.0450208,1.06702,0.822509,120662,66230.6,4956.55,0,0,0,0.0397454,2.11527,3,-2.88473,-2,2.75454,0,0,0,0,0,0,0,0,0,0,-0.00104843,0.000263672,-0.000698119,22.1364,-18.3813,12.4638,0,0,0,0,0,0,0,0,0,0,0,0,0,-1.14127,-4.63543,2.38814,0,1.06218,21.3627,-1.14194,-4.63599,2.3896,-5.77793,-3.49405,0,0,0,0,425002,6.38097e+06,0,0,0,0,0,0,0,0,0,0,0,0,0,0,
79.8,3.11305,180005,0.761734,43.6441,2.35215,21.8072,2.507,2.50544,0.0860208,-2.45861,12.293,-0.459131,0.086119,0.233435,45.4339,35.5654,9991.35,932.574,1222.42,42.7962,-0.0061424,6.38097e+06,0.0448362,1.06623,0.822513,120622,66191.2,4956.46,0,0,0,0.0397469,2.11606,3,-2.88394,-2,2.755,0,0,0,0,0,0,0,0,0,0,-0.00104814,0.000264034,-0.000698003,22.1889,-18.4637,12.5364,0,0,0,0,0,0,0,0,0,0,0,0,0,-1.13646,-4.63146,2.37766,0,1.06138,21.2749,-1.13713,-4.63201,2.37912,-5.76915,-3.49488,0,0,0,0,425002,6.38097e+06,0,0,0,0,0,0,0,0,0,0,0,0,0,0,
80,3.11305,180005,0.762615,43.6946,2.35247,21.7174,2.50607,2.50453,0.0856436,-2.43472,12.2873,-0.459606,0.0852897,0.232447,45.4353,35.5667,9991.34,932.573,1222.62,42.8504,-0.00615653,6.38097e+06,0.0446511,1.06543,0.822516,120583,66151.8,4956.37,0,0,0,0.0397485,2.11685,3,-2.88315,-2,2.75546,0,0,0,0,0,0,0,0,0,0,-0.00104785,0.000264396,-0.000697886,22.2415,-18.5463,12.6093,0,0,0,0,0,0,0,0,0,0,0,0,0,-1.13164,-4.62749,2.36715,0,1.06058,21.187,-1.13232,-4.62805,2.36862,-5.76037,-3.49573,0,0,0,0,425002,6.38097e+06,0,0,0,0,0,0,0,0,0,0,0,0,0,0,
80.2,3.11304,180005,0.763492,43.7449,2.35279,21.6275,2.50514,2.50361,0.0852654,-2.41086,12.2817,-0.460098,0.0844609,0.231456,45.4367,35.5679,9991.32,932.572,1222.81,42.9043,-0.00616879,6.38097e+06,0.0444653,1.06463,0.82252,120543,66112.3,4956.28,0,0,0,0.03975,2.11764,3,-2.88236,-2,2.75592,0,0,0,0,0,0,0,0,0,0,-0.00104756,0.000264757,-0.000697767,22.2942,-18.6292,12.6825,0,0,0,0,0,0,0,0,0,0,0,0,0,-1.12682,-4.62353,2.35663,0,1.05978,21.099,-1.12749,-4.62408,2.3581,-5.75158,-3.49659,0,0,0,0,425002,6.38097e+06,0,0,0,0,0,0,0,0,0,0,0,0,0,0,
80.4,3.11304,180005,0.764365,43.7949,2.35311,21.5375,2.50421,2.5027,0.0848864,-2.38703,12.2761,-0.460609,0.0836329,0.230463,45.4381,35.5691,9991.3,932.571,1223,42.958,-0.00617965,6.38097e+06,0.044279,1.06383,0.822524,120504,66072.9,4956.19,0,0,0,0.0397516,2.11843,3,-2.88157,-2,2.75638,0,0,0,0,0,0,0,0,0,0,-0.00104728,0.000265118,-0.000697647,22.347,-18.7123,12.7561,0,0,0,0,0,0,0,0,0,0,0,0,0,-1.12198,-4.61957,2.34607,0,1.05898,21.0109,-1.12266,-4.62013,2.34755,-5.74278,-3.49747,0,0,0,0,425002,6.38097e+06,0,0,0,0,0,0,0,0,0,0,0,0,0,0,
80.6,3.11303,180005,0.765233,43.8446,2.35343,21.4473,2.50328,2.50178,0.0845065,-2.36323,12.2704,-0.461138,0.082806,0.229467,45.4395,35.5704,9991.28,932.57,1223.19,43.0115,-0.0061896,6.38097e+06,0.0440921,1.06303,0.822528,120464,66033.5,4956.1,0,0,0,0.0397532,2.11922,3,-2.88078,-2,2.75684,0,0,0,0,0,0,0,0,0,0,-0.00104699,0.000265479,-0.000697526,22.3998,-18.7956,12.83,0,0,0,0,0,0,0,0,0,0,0,0,0,-1.11713,-4.61562,2.3355,0,1.05818,20.9226,-1.11781,-4.61618,2.33698,-5.73399,-3.49836,0,0,0,0,425002,6.38097e+06,0,0,0,0,0,0,0,0,0,0,0,0,0,0,
80.8,3.11303,180005,0.766098,43.8942,2.35374,21.3571,2.50235,2.50086,0.0841257,-2.33945,12.2649,-0.461687,0.0819805,0.228468,45.4409,35.5716,9991.26,932.569,1223.38,43.0647,-0.00619909,6.38097e+06,0.0439045,1.06223,0.822532,120425,65994,4956.01,0,0,0,0.0397547,2.12002,3,-2.87998,-2,2.7573,0,0,0,0,0,0,0,0,0,0,-0.0010467,0.000265838,-0.000697404,22.4528,-18.8792,12.9042,0,0,0,0,0,0,0,0,0,0,0,0,0,-1.11228,-4.61169,2.3249,0,1.05738,20.8342,-1.11296,-4.61224,2.32638,-5.72519,-3.49928,0,0,0,0,425002,6.38097e+06,0,0,0,0,0,0,0,0,0,0,0,0,0,0,
81,3.11302,180005,0.766958,43.9434,2.35404,21.2667,2.50142,2.49994,0.0837438,-2.3157,12.2593,-0.462257,0.0811568,0.227466,45.4423,35.5728,9991.24,932.567,1223.57,43.1176,-0.00620855,6.38097e+06,0.0437163,1.06142,0.822536,120386,65954.6,4955.92,0,0,0,0.0397563,2.12081,3,-2.87919,-2,2.75776,0,0,0,0,0,0,0,0,0,0,-0.00104642,0.000266198,-0.00069728,22.5059,-18.9631,12.9788,0,0,0,0,0,0,0,0,0,0,0,0,0,-1.10741,-4.60776,2.31427,0,1.05658,20.7458,-1.10809,-4.60831,2.31576,-5.7164,-3.50022,0,0,0,0,425002,6.38097e+06,0,0,0,0,0,0,0,0,0,0,0,0,0,0,
81.2,3.11302,180005,0.767813,43.9925,2.35434,21.1762,2.5005,2.49903,0.083361,-2.29198,12.2537,-0.462848,0.0803352,0.226462,45.4437,35.574,9991.22,932.566,1223.76,43.1703,-0.00621836,6.38097e+06,0.0435274,1.06062,0.822541,120346,65915.2,4955.84,0,0,0,0.0397578,2.12161,3,-2.87839,-2,2.75822,0,0,0,0,0,0,0,0,0,0,-0.00104613,0.000266557,-0.000697155,22.5591,-19.0472,13.0537,0,0,0,0,0,0,0,0,0,0,0,0,0,-1.10253,-4.60384,2.30362,0,1.05578,20.6572,-1.10321,-4.60439,2.30511,-5.7076,-3.50117,0,0,0,0,425002,6.38097e+06,0,0,0,0,0,0,0,0,0,0,0,0,0,0,
81.4,3.11301,180005,0.768665,44.0413,2.35464,21.0856,2.49957,2.49811,0.0829771,-2.26827,12.2482,-0.463463,0.0795158,0.225454,45.4452,35.5753,9991.2,932.565,1223.95,43.2228,-0.00622886,6.38097e+06,0.0433379,1.05982,0.822545,120307,65875.7,4955.75,0,0,0,0.0397594,2.1224,3,-2.8776,-2,2.75868,0,0,0,0,0,0,0,0,0,0,-0.00104584,0.000266916,-0.000697029,22.6124,-19.1315,13.129,0,0,0,0,0,0,0,0,0,0,0,0,0,-1.09764,-4.59993,2.29294,0,1.05498,20.5684,-1.09832,-4.60048,2.29444,-5.6988,-3.50216,0,0,0,0,425002,6.38097e+06,0,0,0,0,0,0,0,0,0,0,0,0,0,0,
81.6,3.11301,180005,0.769512,44.0898,2.35493,20.9948,2.49864,2.4972,0.0825922,-2.24459,12.2426,-0.464103,0.0786989,0.224444,45.4466,35.5765,9991.18,932.564,1224.13,43.2751,-0.00624035,6.38097e+06,0.0431476,1.05901,0.822549,120267,65836.3,4955.66,0,0,0,0.0397609,2.12319,3,-2.87681,-2,2.75914,0,0,0,0,0,0,0,0,0,0,-0.00104556,0.000267274,-0.000696902,22.6659,-19.2161,13.2046,0,0,0,0,0,0,0,0,0,0,0,0,0,-1.09273,-4.59604,2.28223,0,1.05419,20.4795,-1.09342,-4.59659,2.28373,-5.69001,-3.50316,0,0,0,0,425002,6.38097e+06,0,0,0,0,0,0,0,0,0,0,0,0,0,0,
81.8,3.11301,180005,0.770355,44.1381,2.35522,20.9039,2.49771,2.49628,0.0822061,-2.22093,12.2371,-0.464769,0.0778848,0.22343,45.448,35.5777,9991.16,932.563,1224.32,43.3271,-0.0062531,6.38097e+06,0.0429567,1.05821,0.822553,120228,65796.9,4955.57,0,0,0,0.0397625,2.12399,3,-2.87601,-2,2.7596,0,0,0,0,0,0,0,0,0,0,-0.00104527,0.000267631,-0.000696773,22.7194,-19.3009,13.2805,0,0,0,0,0,0,0,0,0,0,0,0,0,-1.08782,-4.59216,2.27149,0,1.0534,20.3905,-1.08851,-4.59271,2.27299,-5.68121,-3.5042,0,0,0,0,425002,6.38097e+06,0,0,0,0,0,0,0,0,0,0,0,0,0,0,
82,3.113,180005,0.771194,44.1861,2.35551,20.8129,2.49679,2.49537,0.0818189,-2.19729,12.2316,-0.465462,0.0770736,0.222413,45.4494,35.5789,9991.14,932.562,1224.5,43.3788,-0.0062673,6.38097e+06,0.042765,1.05741,0.822557,120188,65757.5,4955.48,0,0,0,0.039764,2.12478,3,-2.87522,-2,2.76007,0,0,0,0,0,0,0,0,0,0,-0.00104498,0.000267989,-0.000696643,22.773,-19.386,13.3567,0,0,0,0,0,0,0,0,0,0,0,0,0,-1.08289,-4.5883,2.26072,0,1.05261,20.3014,-1.08358,-4.58884,2.26223,-5.67242,-3.50526,0,0,0,0,425002,6.38097e+06,0,0,0,0,0,0,0,0,0,0,0,0,0,0,
82.2,3.113,180005,0.772028,44.234,2.35579,20.7217,2.49587,2.49446,0.0814304,-2.17366,12.2262,-0.466184,0.0762655,0.221392,45.4508,35.5801,9991.12,932.561,1224.69,43.4303,-0.00628313,6.38097e+06,0.0425725,1.05661,0.822561,120149,65718,4955.4,0,0,0,0.0397656,2.12557,3,-2.87443,-2,2.76053,0,0,0,0,0,0,0,0,0,0,-0.00104469,0.000268346,-0.000696512,22.8267,-19.4714,13.4333,0,0,0,0,0,0,0,0,0,0,0,0,0,-1.07795,-4.58445,2.24991,0,1.05182,20.2121,-1.07864,-4.58499,2.25143,-5.66363,-3.50635,0,0,0,0,425002,6.38097e+06,0,0,0,0,0,0,0,0,0,0,0,0,0,0,
82.4,3.11299,180005,0.772858,44.2815,2.35606,20.6303,2.49495,2.49355,0.0810407,-2.15005,12.2207,-0.466937,0.0754605,0.220368,45.4522,35.5814,9991.1,932.56,1224.87,43.4816,-0.0063007,6.38097e+06,0.0423792,1.05582,0.822565,120110,65678.6,4955.31,0,0,0,0.0397671,2.12636,3,-2.87364,-2,2.76099,0,0,0,0,0,0,0,0,0,0,-0.00104441,0.000268702,-0.000696379,22.8805,-19.557,13.5102,0,0,0,0,0,0,0,0,0,0,0,0,0,-1.073,-4.58062,2.23907,0,1.05103,20.1226,-1.07369,-4.58115,2.24059,-5.65484,-3.50746,0,0,0,0,425002,6.38097e+06,0,0,0,0,0,0,0,0,0,0,0,0,0,0,
82.6,3.11299,180005,0.773684,44.3288,2.35633,20.5388,2.49403,2.49264,0.0806497,-2.12646,12.2153,-0.467721,0.0746589,0.21934,45.4536,35.5826,9991.08,932.558,1225.05,43.5326,-0.00632009,6.38097e+06,0.0421851,1.05502,0.822569,120070,65639.2,4955.22,0,0,0,0.0397686,2.12715,3,-2.87285,-2,2.76145,0,0,0,0,0,0,0,0,0,0,-0.00104412,0.000269058,-0.000696245,22.9345,-19.6428,13.5874,0,0,0,0,0,0,0,0,0,0,0,0,0,-1.06803,-4.5768,2.2282,0,1.05025,20.033,-1.06872,-4.57733,2.22973,-5.64606,-3.50861,0,0,0,0,425002,6.38097e+06,0,0,0,0,0,0,0,0,0,0,0,0,0,0,
82.8,3.11298,180005,0.774506,44.3759,2.3566,20.4471,2.49311,2.49174,0.0802573,-2.10287,12.2099,-0.468538,0.0738607,0.218308,45.455,35.5838,9991.06,932.557,1225.23,43.5834,-0.00634134,6.38096e+06,0.0419901,1.05423,0.822573,120031,65599.8,4955.13,0,0,0,0.0397702,2.12793,3,-2.87207,-2,2.76191,0,0,0,0,0,0,0,0,0,0,-0.00104383,0.000269413,-0.00069611,22.9885,-19.7289,13.665,0,0,0,0,0,0,0,0,0,0,0,0,0,-1.06304,-4.573,2.21729,0,1.04948,19.9432,-1.06374,-4.57353,2.21882,-5.63727,-3.50979,0,0,0,0,425002,6.38096e+06,0,0,0,0,0,0,0,0,0,0,0,0,0,0,
83,3.11298,180005,0.775323,44.4227,2.35687,20.3553,2.4922,2.49084,0.0798635,-2.0793,12.2045,-0.469391,0.0730658,0.217272,45.4565,35.585,9991.05,932.556,1225.41,43.634,-0.00636443,6.38096e+06,0.0417942,1.05344,0.822577,119991,65560.3,4955.05,0,0,0,0.0397717,2.12871,3,-2.87129,-2,2.76238,0,0,0,0,0,0,0,0,0,0,-0.00104355,0.000269769,-0.000695973,23.0426,-19.8153,13.7429,0,0,0,0,0,0,0,0,0,0,0,0,0,-1.05804,-4.56921,2.20634,0,1.0487,19.8532,-1.05874,-4.56974,2.20788,-5.62848,-3.51099,0,0,0,0,425002,6.38096e+06,0,0,0,0,0,0,0,0,0,0,0,0,0,0,
83.2,3.11297,180005,0.776136,44.4693,2.35713,20.2632,2.49129,2.48994,0.0794683,-2.05573,12.1991,-0.470279,0.0722744,0.216232,45.4579,35.5862,9991.03,932.555,1225.58,43.6843,-0.00638934,6.38096e+06,0.0415975,1.05265,0.822581,119952,65520.9,4954.96,0,0,0,0.0397732,2.12949,3,-2.87051,-2,2.76284,0,0,0,0,0,0,0,0,0,0,-0.00104326,0.000270123,-0.000695835,23.0969,-19.9019,13.8211,0,0,0,0,0,0,0,0,0,0,0,0,0,-1.05303,-4.56543,2.19536,0,1.04793,19.763,-1.05373,-4.56596,2.1969,-5.61969,-3.51223,0,0,0,0,425002,6.38096e+06,0,0,0,0,0,0,0,0,0,0,0,0,0,0,
83.4,3.11297,180005,0.776945,44.5156,2.35739,20.171,2.49038,2.48904,0.0790715,-2.03217,12.1938,-0.471205,0.0714863,0.215188,45.4593,35.5874,9991.01,932.554,1225.76,43.7343,-0.00641599,6.38096e+06,0.0413997,1.05187,0.822585,119912,65481.5,4954.87,0,0,0,0.0397747,2.13027,3,-2.86973,-2,2.7633,0,0,0,0,0,0,0,0,0,0,-0.00104297,0.000270478,-0.000695695,23.1512,-19.9887,13.8997,0,0,0,0,0,0,0,0,0,0,0,0,0,-1.04799,-4.56168,2.18433,0,1.04716,19.6727,-1.0487,-4.5622,2.18588,-5.6109,-3.5135,0,0,0,0,425002,6.38096e+06,0,0,0,0,0,0,0,0,0,0,0,0,0,0,
83.6,3.11296,180005,0.777749,44.5617,2.35765,20.0785,2.48948,2.48815,0.0786732,-2.00862,12.1885,-0.472169,0.0707016,0.214139,45.4607,35.5886,9990.99,932.553,1225.93,43.7841,-0.00644427,6.38096e+06,0.041201,1.05109,0.822589,119873,65442.1,4954.79,0,0,0,0.0397762,2.13104,3,-2.86896,-2,2.76376,0,0,0,0,0,0,0,0,0,0,-0.00104269,0.000270832,-0.000695554,23.2057,-20.0759,13.9786,0,0,0,0,0,0,0,0,0,0,0,0,0,-1.04294,-4.55793,2.17326,0,1.0464,19.5821,-1.04365,-4.55846,2.17481,-5.60211,-3.5148,0,0,0,0,425002,6.38096e+06,0,0,0,0,0,0,0,0,0,0,0,0,0,0,
83.8,3.11296,180005,0.778549,44.6076,2.3579,19.9859,2.48857,2.48726,0.0782732,-1.98507,12.1832,-0.473174,0.0699201,0.213086,45.4621,35.5899,9990.97,932.552,1226.11,43.8337,-0.00647407,6.38096e+06,0.0410013,1.05031,0.822593,119834,65402.7,4954.7,0,0,0,0.0397777,2.13181,3,-2.86819,-2,2.76423,0,0,0,0,0,0,0,0,0,0,-0.0010424,0.000271185,-0.000695411,23.2603,-20.1632,14.0578,0,0,0,0,0,0,0,0,0,0,0,0,0,-1.03788,-4.5542,2.16214,0,1.04564,19.4914,-1.03859,-4.55472,2.1637,-5.59331,-3.51614,0,0,0,0,425002,6.38096e+06,0,0,0,0,0,0,0,0,0,0,0,0,0,0,
84,3.11295,180005,0.779344,44.6531,2.35816,19.893,2.48768,2.48638,0.0778715,-1.96152,12.1779,-0.47422,0.0691417,0.212028,45.4636,35.5911,9990.95,932.55,1226.28,43.883,-0.00650523,6.38096e+06,0.0408005,1.04954,0.822597,119794,65363.2,4954.61,0,0,0,0.0397792,2.13258,3,-2.86742,-2,2.76469,0,0,0,0,0,0,0,0,0,0,-0.00104211,0.000271538,-0.000695267,23.3149,-20.2509,14.1373,0,0,0,0,0,0,0,0,0,0,0,0,0,-1.03279,-4.55049,2.15098,0,1.04488,19.4004,-1.0335,-4.551,2.15255,-5.58451,-3.5175,0,0,0,0,425002,6.38096e+06,0,0,0,0,0,0,0,0,0,0,0,0,0,0,
84.2,3.11295,180005,0.780136,44.6985,2.35841,19.7999,2.48678,2.48549,0.0774681,-1.93796,12.1726,-0.475308,0.0683664,0.210965,45.465,35.5923,9990.93,932.549,1226.45,43.9321,-0.0065376,6.38096e+06,0.0405987,1.04877,0.822601,119755,65323.8,4954.53,0,0,0,0.0397807,2.13334,3,-2.86666,-2,2.76515,0,0,0,0,0,0,0,0,0,0,-0.00104183,0.000271891,-0.000695122,23.3697,-20.3387,14.2172,0,0,0,0,0,0,0,0,0,0,0,0,0,-1.02768,-4.54678,2.13978,0,1.04413,19.3092,-1.0284,-4.5473,2.14135,-5.5757,-3.5189,0,0,0,0,425002,6.38096e+06,0,0,0,0,0,0,0,0,0,0,0,0,0,0,
84.4,3.11294,180005,0.780923,44.7436,2.35866,19.7066,2.48589,2.48461,0.0770629,-1.91441,12.1674,-0.47644,0.067594,0.209897,45.4664,35.5935,9990.9,932.548,1226.63,43.981,-0.006571,6.38096e+06,0.0403957,1.048,0.822605,119715,65284.4,4954.44,0,0,0,0.0397822,2.1341,3,-2.8659,-2,2.76562,0,0,0,0,0,0,0,0,0,0,-0.00104154,0.000272243,-0.000694975,23.4246,-20.4269,14.2973,0,0,0,0,0,0,0,0,0,0,0,0,0,-1.02256,-4.54309,2.12852,0,1.04338,19.2178,-1.02328,-4.5436,2.1301,-5.56688,-3.52033,0,0,0,0,425002,6.38096e+06,0,0,0,0,0,0,0,0,0,0,0,0,0,0,
84.6,3.11294,180005,0.781705,44.7884,2.35891,19.6131,2.485,2.48374,0.0766559,-1.89085,12.1622,-0.477617,0.0668244,0.208823,45.4678,35.5947,9990.88,932.547,1226.8,44.0296,-0.00660525,6.38096e+06,0.0401916,1.04724,0.822609,119676,65245,4954.36,0,0,0,0.0397837,2.13485,3,-2.86515,-2,2.76608,0,0,0,0,0,0,0,0,0,0,-0.00104125,0.000272595,-0.000694826,23.4796,-20.5153,14.3779,0,0,0,0,0,0,0,0,0,0,0,0,0,-1.01741,-4.53941,2.11721,0,1.04264,19.1261,-1.01813,-4.53992,2.1188,-5.55805,-3.52179,0,0,0,0,425002,6.38096e+06,0,0,0,0,0,0,0,0,0,0,0,0,0,0,
84.8,3.11293,180005,0.782483,44.833,2.35916,19.5193,2.48412,2.48287,0.0762469,-1.86728,12.157,-0.47884,0.0660573,0.207745,45.4693,35.5959,9990.86,932.546,1226.96,44.0779,-0.00664016,6.38096e+06,0.0399863,1.04649,0.822613,119637,65205.6,4954.27,0,0,0,0.0397852,2.1356,3,-2.8644,-2,2.76654,0,0,0,0,0,0,0,0,0,0,-0.00104096,0.000272946,-0.000694676,23.5347,-20.604,14.4587,0,0,0,0,0,0,0,0,0,0,0,0,0,-1.01224,-4.53573,2.10586,0,1.0419,19.0342,-1.01297,-4.53625,2.10745,-5.54921,-3.52328,0,0,0,0,425002,6.38096e+06,0,0,0,0,0,0,0,0,0,0,0,0,0,0,
85,3.11293,180005,0.783257,44.8773,2.3594,19.4252,2.48324,2.482,0.075836,-1.84371,12.1519,-0.48011,0.0652928,0.206661,45.4707,35.5971,9990.84,932.545,1227.13,44.126,-0.00667554,6.38096e+06,0.0397798,1.04573,0.822617,119597,65166.2,4954.19,0,0,0,0.0397866,2.13635,3,-2.86365,-2,2.76701,0,0,0,0,0,0,0,0,0,0,-0.00104068,0.000273297,-0.000694524,23.5898,-20.6929,14.5399,0,0,0,0,0,0,0,0,0,0,0,0,0,-1.00705,-4.53207,2.09445,0,1.04116,18.942,-1.00778,-4.53258,2.09605,-5.54036,-3.5248,0,0,0,0,425002,6.38096e+06,0,0,0,0,0,0,0,0,0,0,0,0,0,0,
85.2,3.11292,180005,0.784026,44.9214,2.35965,19.3309,2.48236,2.48113,0.075423,-1.82012,12.1468,-0.481427,0.0645305,0.205571,45.4721,35.5983,9990.82,932.543,1227.3,44.1739,-0.00671122,6.38096e+06,0.0395721,1.04498,0.82262,119558,65126.7,4954.1,0,0,0,0.0397881,2.1371,3,-2.8629,-2,2.76747,0,0,0,0,0,0,0,0,0,0,-0.00104039,0.000273648,-0.00069437,23.6451,-20.7821,14.6213,0,0,0,0,0,0,0,0,0,0,0,0,0,-1.00184,-4.52842,2.08298,0,1.04042,18.8495,-1.00257,-4.52893,2.08459,-5.5315,-3.52636,0,0,0,0,425002,6.38096e+06,0,0,0,0,0,0,0,0,0,0,0,0,0,0,
85.4,3.11292,180005,0.784791,44.9652,2.3599,19.2363,2.48149,2.48027,0.075008,-1.79652,12.1417,-0.482794,0.0637703,0.204475,45.4736,35.5995,9990.8,932.542,1227.46,44.2215,-0.006747,6.38096e+06,0.0393631,1.04423,0.822624,119518,65087.3,4954.02,0,0,0,0.0397896,2.13784,3,-2.86216,-2,2.76793,0,0,0,0,0,0,0,0,0,0,-0.0010401,0.000273998,-0.000694215,23.7006,-20.8715,14.7031,0,0,0,0,0,0,0,0,0,0,0,0,0,-0.996605,-4.52477,2.07146,0,1.03969,18.7568,-0.997339,-4.52528,2.07307,-5.52262,-3.52794,0,0,0,0,425002,6.38096e+06,0,0,0,0,0,0,0,0,0,0,0,0,0,0,
85.6,3.11291,180005,0.785552,45.0088,2.36014,19.1414,2.48061,2.47941,0.0745909,-1.7729,12.1366,-0.484211,0.063012,0.203373,45.475,35.6007,9990.78,932.541,1227.63,44.2689,-0.00678271,6.38096e+06,0.0391528,1.04349,0.822628,119479,65047.9,4953.94,0,0,0,0.039791,2.13858,3,-2.86142,-2,2.7684,0,0,0,0,0,0,0,0,0,0,-0.00103981,0.000274348,-0.000694058,23.7561,-20.9612,14.7853,0,0,0,0,0,0,0,0,0,0,0,0,0,-0.991345,-4.52113,2.05988,0,1.03896,18.6638,-0.992083,-4.52164,2.0615,-5.51373,-3.52956,0,0,0,0,425002,6.38096e+06,0,0,0,0,0,0,0,0,0,0,0,0,0,0,
85.8,3.11291,180005,0.786308,45.0521,2.36039,19.0462,2.47975,2.47855,0.0741715,-1.74927,12.1316,-0.485679,0.0622556,0.202266,45.4764,35.6019,9990.76,932.54,1227.79,44.316,-0.0068182,6.38096e+06,0.0389412,1.04275,0.822632,119439,65008.5,4953.85,0,0,0,0.0397925,2.13931,3,-2.86069,-2,2.76886,0,0,0,0,0,0,0,0,0,0,-0.00103953,0.000274698,-0.0006939,23.8117,-21.0512,14.8677,0,0,0,0,0,0,0,0,0,0,0,0,0,-0.986061,-4.5175,2.04824,0,1.03823,18.5705,-0.986802,-4.51801,2.04987,-5.50481,-3.53121,0,0,0,0,425002,6.38096e+06,0,0,0,0,0,0,0,0,0,0,0,0,0,0,
86,3.1129,180005,0.787059,45.0952,2.36064,18.9506,2.47888,2.4777,0.0737499,-1.72562,12.1266,-0.4872,0.0615007,0.201152,45.4779,35.6031,9990.74,932.539,1227.96,44.3629,-0.0068533,6.38096e+06,0.0387282,1.04201,0.822636,119400,64969.1,4953.77,0,0,0,0.0397939,2.14005,3,-2.85995,-2,2.76933,0,0,0,0,0,0,0,0,0,0,-0.00103924,0.000275047,-0.000693739,23.8674,-21.1414,14.9505,0,0,0,0,0,0,0,0,0,0,0,0,0,-0.980751,-4.51388,2.03653,0,1.0375,18.4769,-0.981496,-4.51438,2.03818,-5.49588,-3.53289,0,0,0,0,425002,6.38096e+06,0,0,0,0,0,0,0,0,0,0,0,0,0,0,
86.2,3.1129,180005,0.787806,45.138,2.36088,18.8548,2.47802,2.47684,0.073326,-1.70194,12.1216,-0.488773,0.0607473,0.200031,45.4793,35.6043,9990.72,932.537,1228.12,44.4095,-0.00688789,6.38096e+06,0.0385137,1.04128,0.822639,119361,64929.7,4953.69,0,0,0,0.0397954,2.14078,3,-2.85922,-2,2.76979,0,0,0,0,0,0,0,0,0,0,-0.00103895,0.000275395,-0.000693577,23.9232,-21.2319,15.0336,0,0,0,0,0,0,0,0,0,0,0,0,0,-0.975416,-4.51025,2.02477,0,1.03678,18.3829,-0.976164,-4.51076,2.02642,-5.48693,-3.5346,0,0,0,0,425002,6.38096e+06,0,0,0,0,0,0,0,0,0,0,0,0,0,0,
86.4,3.11289,180005,0.788549,45.1805,2.36113,18.7587,2.47715,2.47599,0.0728998,-1.67824,12.1167,-0.490401,0.0599952,0.198904,45.4807,35.6055,9990.69,932.536,1228.28,44.4558,-0.00692184,6.38096e+06,0.0382979,1.04055,0.822643,119321,64890.3,4953.61,0,0,0,0.0397968,2.1415,3,-2.8585,-2,2.77026,0,0,0,0,0,0,0,0,0,0,-0.00103866,0.000275744,-0.000693413,23.9792,-21.3226,15.117,0,0,0,0,0,0,0,0,0,0,0,0,0,-0.970054,-4.50664,2.01294,0,1.03606,18.2887,-0.970806,-4.50714,2.0146,-5.47795,-3.53634,0,0,0,0,425002,6.38096e+06,0,0,0,0,0,0,0,0,0,0,0,0,0,0,
86.6,3.11289,180005,0.789287,45.2228,2.36138,18.6622,2.4763,2.47515,0.0724711,-1.65451,12.1118,-0.492085,0.0592443,0.19777,45.4822,35.6067,9990.67,932.535,1228.44,44.502,-0.00695504,6.38096e+06,0.0380805,1.03982,0.822647,119282,64850.9,4953.52,0,0,0,0.0397982,2.14223,3,-2.85777,-2,2.77072,0,0,0,0,0,0,0,0,0,0,-0.00103837,0.000276092,-0.000693248,24.0352,-21.4137,15.2008,0,0,0,0,0,0,0,0,0,0,0,0,0,-0.964664,-4.50303,2.00104,0,1.03534,18.1941,-0.96542,-4.50353,2.00271,-5.46895,-3.53811,0,0,0,0,425002,6.38096e+06,0,0,0,0,0,0,0,0,0,0,0,0,0,0,
86.8,3.11288,180005,0.79002,45.2648,2.36162,18.5653,2.47544,2.4743,0.0720399,-1.63076,12.1069,-0.493826,0.0584944,0.196629,45.4836,35.6079,9990.65,932.534,1228.59,44.5478,-0.00698741,6.38096e+06,0.0378617,1.03909,0.822651,119242,64811.5,4953.44,0,0,0,0.0397997,2.14295,3,-2.85705,-2,2.77118,0,0,0,0,0,0,0,0,0,0,-0.00103809,0.000276439,-0.00069308,24.0914,-21.5049,15.2848,0,0,0,0,0,0,0,0,0,0,0,0,0,-0.959246,-4.49942,1.98908,0,1.03462,18.0991,-0.960006,-4.49992,1.99076,-5.45993,-3.53991,0,0,0,0,425002,6.38096e+06,0,0,0,0,0,0,0,0,0,0,0,0,0,0,
87,3.11288,180005,0.790749,45.3066,2.36187,18.4681,2.47458,2.47346,0.0716061,-1.60697,12.1021,-0.495625,0.0577453,0.19548,45.4851,35.6091,9990.63,932.532,1228.75,44.5935,-0.00701886,6.38096e+06,0.0376413,1.03837,0.822655,119203,64772,4953.36,0,0,0,0.0398011,2.14367,3,-2.85633,-2,2.77165,0,0,0,0,0,0,0,0,0,0,-0.0010378,0.000276787,-0.00069291,24.1476,-21.5965,15.3692,0,0,0,0,0,0,0,0,0,0,0,0,0,-0.953799,-4.49581,1.97705,0,1.0339,18.0038,-0.954564,-4.49631,1.97873,-5.45088,-3.54175,0,0,0,0,425002,6.38096e+06,0,0,0,0,0,0,0,0,0,0,0,0,0,0,
87.2,3.11287,180005,0.791473,45.3481,2.36212,18.3705,2.47373,2.47262,0.0711697,-1.58315,12.0973,-0.497483,0.0569971,0.194325,45.4865,35.6103,9990.61,932.531,1228.91,44.6388,-0.00704934,6.38096e+06,0.0374192,1.03765,0.822659,119164,64732.6,4953.28,0,0,0,0.0398025,2.14439,3,-2.85561,-2,2.77211,0,0,0,0,0,0,0,0,0,0,-0.00103751,0.000277134,-0.000692739,24.204,-21.6883,15.4539,0,0,0,0,0,0,0,0,0,0,0,0,0,-0.948323,-4.49221,1.96494,0,1.03318,17.9081,-0.949091,-4.49271,1.96664,-5.4418,-3.54362,0,0,0,0,425002,6.38096e+06,0,0,0,0,0,0,0,0,0,0,0,0,0,0,
87.4,3.11287,180005,0.792193,45.3893,2.36237,18.2725,2.47288,2.47178,0.0707306,-1.5593,12.0926,-0.499402,0.0562495,0.193161,45.488,35.6115,9990.59,932.53,1229.06,44.684,-0.00707881,6.38095e+06,0.0371956,1.03693,0.822663,119124,64693.2,4953.2,0,0,0,0.0398039,2.14511,3,-2.85489,-2,2.77258,0,0,0,0,0,0,0,0,0,0,-0.00103722,0.00027748,-0.000692566,24.2605,-21.7804,15.5389,0,0,0,0,0,0,0,0,0,0,0,0,0,-0.942816,-4.4886,1.95276,0,1.03247,17.812,-0.943589,-4.48911,1.95447,-5.4327,-3.54552,0,0,0,0,425002,6.38095e+06,0,0,0,0,0,0,0,0,0,0,0,0,0,0,
87.6,3.11286,180005,0.792908,45.4303,2.36261,18.1741,2.47203,2.47094,0.0702887,-1.5354,12.0878,-0.501384,0.0555025,0.19199,45.4894,35.6127,9990.56,932.529,1229.22,44.7288,-0.00710724,6.38095e+06,0.0369703,1.03621,0.822667,119085,64653.8,4953.12,0,0,0,0.0398053,2.14582,3,-2.85418,-2,2.77305,0,0,0,0,0,0,0,0,0,0,-0.00103693,0.000277826,-0.00069239,24.3171,-21.8727,15.6242,0,0,0,0,0,0,0,0,0,0,0,0,0,-0.937278,-4.485,1.9405,0,1.03176,17.7155,-0.938055,-4.48551,1.94222,-5.42356,-3.54745,0,0,0,0,425002,6.38095e+06,0,0,0,0,0,0,0,0,0,0,0,0,0,0,
87.8,3.11286,180005,0.793618,45.471,2.36286,18.0754,2.47118,2.4701,0.0698439,-1.51147,12.0832,-0.503431,0.054756,0.190811,45.4908,35.6139,9990.54,932.527,1229.37,44.7734,-0.00713462,6.38095e+06,0.0367433,1.03549,0.822671,119045,64614.4,4953.04,0,0,0,0.0398067,2.14654,3,-2.85346,-2,2.77351,0,0,0,0,0,0,0,0,0,0,-0.00103664,0.000278172,-0.000692213,24.3738,-21.9653,15.7099,0,0,0,0,0,0,0,0,0,0,0,0,0,-0.931707,-4.4814,1.92817,0,1.03104,17.6186,-0.932489,-4.48191,1.9299,-5.4144,-3.54942,0,0,0,0,425002,6.38095e+06,0,0,0,0,0,0,0,0,0,0,0,0,0,0,
88,3.11285,180005,0.794324,45.5114,2.36311,17.9761,2.47033,2.46927,0.0693962,-1.48749,12.0785,-0.505543,0.05401,0.189624,45.4923,35.6151,9990.52,932.526,1229.52,44.8178,-0.00716095,6.38095e+06,0.0365145,1.03478,0.822675,119006,64575,4952.96,0,0,0,0.0398081,2.14725,3,-2.85275,-2,2.77398,0,0,0,0,0,0,0,0,0,0,-0.00103635,0.000278517,-0.000692033,24.4306,-22.0582,15.7958,0,0,0,0,0,0,0,0,0,0,0,0,0,-0.926104,-4.47781,1.91575,0,1.03033,17.5213,-0.92689,-4.47831,1.9175,-5.4052,-3.55142,0,0,0,0,425002,6.38095e+06,0,0,0,0,0,0,0,0,0,0,0,0,0,0,
88.2,3.11285,180005,0.795025,45.5516,2.36336,17.8765,2.46949,2.46843,0.0689455,-1.46346,12.0739,-0.507724,0.0532642,0.188429,45.4937,35.6163,9990.5,932.525,1229.67,44.8619,-0.00718624,6.38095e+06,0.0362838,1.03406,0.822679,118967,64535.6,4952.88,0,0,0,0.0398096,2.14796,3,-2.85204,-2,2.77444,0,0,0,0,0,0,0,0,0,0,-0.00103606,0.000278863,-0.000691851,24.4875,-22.1514,15.8821,0,0,0,0,0,0,0,0,0,0,0,0,0,-0.920467,-4.47421,1.90326,0,1.02962,17.4235,-0.921258,-4.47471,1.90501,-5.39597,-3.55345,0,0,0,0,425002,6.38095e+06,0,0,0,0,0,0,0,0,0,0,0,0,0,0,
88.4,3.11284,180005,0.795721,45.5915,2.36361,17.7764,2.46864,2.4676,0.0684917,-1.43938,12.0693,-0.509974,0.0525188,0.187225,45.4952,35.6174,9990.47,932.523,1229.82,44.9057,-0.00721051,6.38095e+06,0.0360514,1.03335,0.822683,118927,64496.2,4952.81,0,0,0,0.039811,2.14867,3,-2.85133,-2,2.77491,0,0,0,0,0,0,0,0,0,0,-0.00103577,0.000279207,-0.000691667,24.5445,-22.2448,15.9687,0,0,0,0,0,0,0,0,0,0,0,0,0,-0.914795,-4.47061,1.89067,0,1.02891,17.3253,-0.915591,-4.47112,1.89244,-5.38671,-3.55553,0,0,0,0,425002,6.38095e+06,0,0,0,0,0,0,0,0,0,0,0,0,0,0,
88.6,3.11284,180005,0.796413,45.6311,2.36385,17.6758,2.4678,2.46677,0.0680347,-1.41525,12.0648,-0.512297,0.0517736,0.186011,45.4966,35.6186,9990.45,932.522,1229.97,44.9493,-0.0072338,6.38095e+06,0.035817,1.03263,0.822687,118888,64456.8,4952.73,0,0,0,0.0398124,2.14939,3,-2.85061,-2,2.77537,0,0,0,0,0,0,0,0,0,0,-0.00103548,0.000279552,-0.000691481,24.6016,-22.3385,16.0556,0,0,0,0,0,0,0,0,0,0,0,0,0,-0.909087,-4.46702,1.878,0,1.0282,17.2266,-0.909888,-4.46752,1.87978,-5.37741,-3.55763,0,0,0,0,425002,6.38095e+06,0,0,0,0,0,0,0,0,0,0,0,0,0,0,
88.8,3.11283,180005,0.7971,45.6704,2.3641,17.5747,2.46696,2.46594,0.0675744,-1.39107,12.0603,-0.514694,0.0510286,0.184789,45.4981,35.6198,9990.43,932.521,1230.12,44.9927,-0.00725616,6.38095e+06,0.0355807,1.03192,0.822691,118848,64417.4,4952.65,0,0,0,0.0398138,2.15009,3,-2.84991,-2,2.77584,0,0,0,0,0,0,0,0,0,0,-0.00103518,0.000279896,-0.000691293,24.6588,-22.4325,16.1429,0,0,0,0,0,0,0,0,0,0,0,0,0,-0.903342,-4.46342,1.86524,0,1.02749,17.1275,-0.904148,-4.46393,1.86704,-5.36807,-3.55978,0,0,0,0,425002,6.38095e+06,0,0,0,0,0,0,0,0,0,0,0,0,0,0,
89,3.11283,180005,0.797782,45.7095,2.36435,17.4732,2.46611,2.46511,0.0671107,-1.36683,12.0559,-0.517169,0.0502838,0.183557,45.4996,35.621,9990.41,932.519,1230.27,45.0357,-0.00727761,6.38095e+06,0.0353423,1.03121,0.822695,118809,64378,4952.57,0,0,0,0.0398152,2.1508,3,-2.8492,-2,2.77631,0,0,0,0,0,0,0,0,0,0,-0.00103489,0.000280239,-0.000691102,24.7162,-22.5267,16.2304,0,0,0,0,0,0,0,0,0,0,0,0,0,-0.897559,-4.45983,1.85239,0,1.02678,17.0278,-0.898371,-4.46033,1.8542,-5.3587,-3.56196,0,0,0,0,425002,6.38095e+06,0,0,0,0,0,0,0,0,0,0,0,0,0,0,
89.2,3.11282,180005,0.798459,45.7483,2.3646,17.3711,2.46527,2.46428,0.0666435,-1.34252,12.0515,-0.519723,0.0495392,0.182316,45.501,35.6222,9990.38,932.518,1230.41,45.0785,-0.00729823,6.38095e+06,0.0351018,1.0305,0.822699,118770,64338.6,4952.49,0,0,0,0.0398166,2.15151,3,-2.84849,-2,2.77677,0,0,0,0,0,0,0,0,0,0,-0.0010346,0.000280583,-0.000690909,24.7736,-22.6212,16.3183,0,0,0,0,0,0,0,0,0,0,0,0,0,-0.891737,-4.45623,1.83944,0,1.02607,16.9276,-0.892555,-4.45674,1.84126,-5.34929,-3.56418,0,0,0,0,425002,6.38095e+06,0,0,0,0,0,0,0,0,0,0,0,0,0,0,
89.4,3.11282,180005,0.799131,45.7868,2.36484,17.2685,2.46443,2.46345,0.0661727,-1.31815,12.0471,-0.52236,0.0487946,0.181064,45.5025,35.6234,9990.36,932.517,1230.56,45.1211,-0.00731807,6.38095e+06,0.0348593,1.02979,0.822703,118730,64299.2,4952.42,0,0,0,0.039818,2.15222,3,-2.84778,-2,2.77724,0,0,0,0,0,0,0,0,0,0,-0.00103431,0.000280925,-0.000690714,24.8312,-22.716,16.4064,0,0,0,0,0,0,0,0,0,0,0,0,0,-0.885875,-4.45264,1.8264,0,1.02536,16.8269,-0.886698,-4.45314,1.82823,-5.33984,-3.56644,0,0,0,0,425002,6.38095e+06,0,0,0,0,0,0,0,0,0,0,0,0,0,0,
89.6,3.11281,180005,0.799798,45.8251,2.36509,17.1653,2.46359,2.46262,0.0656981,-1.29371,12.0428,-0.525083,0.0480501,0.179803,45.5039,35.6246,9990.34,932.516,1230.7,45.1633,-0.00733718,6.38095e+06,0.0346145,1.02908,0.822707,118691,64259.8,4952.34,0,0,0,0.0398194,2.15293,3,-2.84707,-2,2.77771,0,0,0,0,0,0,0,0,0,0,-0.00103402,0.000281268,-0.000690516,24.8888,-22.811,16.4949,0,0,0,0,0,0,0,0,0,0,0,0,0,-0.879972,-4.44904,1.81325,0,1.02465,16.7257,-0.880801,-4.44954,1.8151,-5.33035,-3.56874,0,0,0,0,425002,6.38095e+06,0,0,0,0,0,0,0,0,0,0,0,0,0,0,
89.8,3.1128,180005,0.80046,45.863,2.36534,17.0616,2.46275,2.46179,0.0652198,-1.26919,12.0385,-0.527895,0.0473057,0.17853,45.5054,35.6257,9990.31,932.514,1230.84,45.2054,-0.00735563,6.38095e+06,0.0343674,1.02837,0.822711,118651,64220.4,4952.26,0,0,0,0.0398208,2.15364,3,-2.84636,-2,2.77818,0,0,0,0,0,0,0,0,0,0,-0.00103372,0.00028161,-0.000690316,24.9466,-22.9063,16.5837,0,0,0,0,0,0,0,0,0,0,0,0,0,-0.874026,-4.44545,1.8,0,1.02394,16.6239,-0.874861,-4.44595,1.80186,-5.32081,-3.57109,0,0,0,0,425002,6.38095e+06,0,0,0,0,0,0,0,0,0,0,0,0,0,0,
90,3.1128,180005,0.801118,45.9007,2.36558,16.9573,2.46191,2.46096,0.0647374,-1.2446,12.0343,-0.5308,0.0465613,0.177247,45.5068,35.6269,9990.29,932.513,1230.98,45.2471,-0.00737347,6.38095e+06,0.034118,1.02766,0.822716,118612,64181,4952.19,0,0,0,0.0398221,2.15435,3,-2.84565,-2,2.77864,0,0,0,0,0,0,0,0,0,0,-0.00103343,0.000281952,-0.000690113,25.0045,-23.002,16.6728,0,0,0,0,0,0,0,0,0,0,0,0,0,-0.868035,-4.44185,1.78663,0,1.02323,16.5215,-0.868877,-4.44235,1.78851,-5.31123,-3.57348,0,0,0,0,425002,6.38095e+06,0,0,0,0,0,0,0,0,0,0,0,0,0,0,
90.2,3.11279,180005,0.80177,45.938,2.36583,16.8524,2.46107,2.46014,0.064251,-1.21993,12.0301,-0.533801,0.0458169,0.175952,45.5083,35.6281,9990.27,932.512,1231.12,45.2886,-0.00739076,6.38095e+06,0.0338662,1.02695,0.82272,118573,64141.6,4952.11,0,0,0,0.0398235,2.15505,3,-2.84495,-2,2.77911,0,0,0,0,0,0,0,0,0,0,-0.00103313,0.000282294,-0.000689908,25.0625,-23.0978,16.7622,0,0,0,0,0,0,0,0,0,0,0,0,0,-0.862,-4.43825,1.77316,0,1.02252,16.4185,-0.862848,-4.43876,1.77505,-5.30161,-3.57591,0,0,0,0,425002,6.38095e+06,0,0,0,0,0,0,0,0,0,0,0,0,0,0,
90.4,3.11279,180005,0.802417,45.9751,2.36607,16.7469,2.46023,2.45931,0.0637603,-1.19518,12.026,-0.536902,0.0450725,0.174645,45.5098,35.6293,9990.24,932.51,1231.26,45.3298,-0.00740757,6.38095e+06,0.0336118,1.02624,0.822724,118533,64102.2,4952.04,0,0,0,0.0398249,2.15576,3,-2.84424,-2,2.77958,0,0,0,0,0,0,0,0,0,0,-0.00103284,0.000282635,-0.0006897,25.1206,-23.194,16.8519,0,0,0,0,0,0,0,0,0,0,0,0,0,-0.855917,-4.43466,1.75957,0,1.02181,16.3149,-0.856772,-4.43516,1.76148,-5.29193,-3.57839,0,0,0,0,425002,6.38095e+06,0,0,0,0,0,0,0,0,0,0,0,0,0,0,
90.6,3.11278,180005,0.80306,46.0119,2.36632,16.6408,2.45939,2.45849,0.0632652,-1.17033,12.0219,-0.540108,0.0443281,0.173327,45.5112,35.6305,9990.22,932.509,1231.4,45.3708,-0.00742393,6.38095e+06,0.0333549,1.02553,0.822728,118494,64062.8,4951.96,0,0,0,0.0398263,2.15647,3,-2.84353,-2,2.78005,0,0,0,0,0,0,0,0,0,0,-0.00103254,0.000282976,-0.000689489,25.1788,-23.2904,16.9419,0,0,0,0,0,0,0,0,0,0,0,0,0,-0.849786,-4.43106,1.74586,0,1.0211,16.2106,-0.850647,-4.43156,1.74779,-5.28221,-3.58092,0,0,0,0,425002,6.38095e+06,0,0,0,0,0,0,0,0,0,0,0,0,0,0,
90.8,3.11278,180005,0.803697,46.0484,2.36656,16.5339,2.45856,2.45766,0.0627656,-1.1454,12.0179,-0.543423,0.0435836,0.171995,45.5127,35.6316,9990.2,932.508,1231.54,45.4114,-0.0074399,6.38095e+06,0.0330953,1.02482,0.822733,118454,64023.4,4951.89,0,0,0,0.0398277,2.15717,3,-2.84283,-2,2.78052,0,0,0,0,0,0,0,0,0,0,-0.00103225,0.000283316,-0.000689276,25.2371,-23.3871,17.0323,0,0,0,0,0,0,0,0,0,0,0,0,0,-0.843605,-4.42746,1.73203,0,1.02039,16.1057,-0.844473,-4.42796,1.73397,-5.27244,-3.58349,0,0,0,0,425002,6.38095e+06,0,0,0,0,0,0,0,0,0,0,0,0,0,0,
91,3.11277,180005,0.804329,46.0846,2.36681,16.4264,2.45772,2.45683,0.0622613,-1.12036,12.0139,-0.546852,0.042839,0.170651,45.5142,35.6328,9990.18,932.506,1231.67,45.4518,-0.00745551,6.38095e+06,0.032833,1.02411,0.822737,118415,63984,4951.81,0,0,0,0.0398291,2.15788,3,-2.84212,-2,2.78098,0,0,0,0,0,0,0,0,0,0,-0.00103195,0.000283656,-0.00068906,25.2955,-23.4841,17.1229,0,0,0,0,0,0,0,0,0,0,0,0,0,-0.837372,-4.42386,1.71806,0,1.01968,16.0001,-0.838248,-4.42437,1.72003,-5.26261,-3.58612,0,0,0,0,425002,6.38095e+06,0,0,0,0,0,0,0,0,0,0,0,0,0,0,
91.2,3.11277,180005,0.804955,46.1206,2.36705,16.3182,2.45688,2.45601,0.0617521,-1.09522,12.01,-0.5504,0.0420942,0.169293,45.5156,35.634,9990.15,932.505,1231.81,45.4919,-0.00747082,6.38095e+06,0.0325677,1.0234,0.822741,118376,63944.7,4951.74,0,0,0,0.0398305,2.15859,3,-2.84141,-2,2.78145,0,0,0,0,0,0,0,0,0,0,-0.00103166,0.000283996,-0.00068884,25.3541,-23.5814,17.2139,0,0,0,0,0,0,0,0,0,0,0,0,0,-0.831085,-4.42026,1.70397,0,1.01897,15.8938,-0.831969,-4.42076,1.70595,-5.25273,-3.5888,0,0,0,0,425002,6.38095e+06,0,0,0,0,0,0,0,0,0,0,0,0,0,0,
91.4,3.11276,180005,0.805577,46.1562,2.3673,16.2092,2.45605,2.45519,0.0612378,-1.06997,12.0061,-0.554072,0.0413493,0.167921,45.5171,35.6352,9990.13,932.504,1231.94,45.5318,-0.00748584,6.38095e+06,0.0322996,1.02269,0.822745,118336,63905.3,4951.66,0,0,0,0.0398319,2.15929,3,-2.84071,-2,2.78192,0,0,0,0,0,0,0,0,0,0,-0.00103136,0.000284336,-0.000688618,25.4127,-23.6789,17.3051,0,0,0,0,0,0,0,0,0,0,0,0,0,-0.824743,-4.41666,1.68973,0,1.01827,15.7867,-0.825635,-4.41716,1.69173,-5.2428,-3.59153,0,0,0,0,425002,6.38095e+06,0,0,0,0,0,0,0,0,0,0,0,0,0,0,
91.6,3.11275,180005,0.806193,46.1915,2.36754,16.0995,2.45521,2.45436,0.0607182,-1.04461,12.0023,-0.557875,0.0406041,0.166535,45.5185,35.6363,9990.1,932.502,1232.08,45.5714,-0.0075006,6.38095e+06,0.0320283,1.02198,0.82275,118297,63865.9,4951.59,0,0,0,0.0398333,2.16,3,-2.84,-2,2.78239,0,0,0,0,0,0,0,0,0,0,-0.00103106,0.000284675,-0.000688393,25.4715,-23.7767,17.3967,0,0,0,0,0,0,0,0,0,0,0,0,0,-0.818344,-4.41305,1.67535,0,1.01756,15.6789,-0.819243,-4.41356,1.67738,-5.2328,-3.59431,0,0,0,0,425002,6.38095e+06,0,0,0,0,0,0,0,0,0,0,0,0,0,0,
91.8,3.11275,180005,0.806804,46.2265,2.36778,15.989,2.45437,2.45354,0.0601932,-1.01913,11.9985,-0.561813,0.0398587,0.165134,45.52,35.6375,9990.08,932.501,1232.21,45.6106,-0.00751513,6.38094e+06,0.0317539,1.02128,0.822754,118257,63826.5,4951.51,0,0,0,0.0398347,2.16071,3,-2.83929,-2,2.78286,0,0,0,0,0,0,0,0,0,0,-0.00103076,0.000285013,-0.000688165,25.5303,-23.8748,17.4885,0,0,0,0,0,0,0,0,0,0,0,0,0,-0.811885,-4.40945,1.66083,0,1.01685,15.5703,-0.812793,-4.40995,1.66287,-5.22274,-3.59716,0,0,0,0,425002,6.38094e+06,0,0,0,0,0,0,0,0,0,0,0,0,0,0,
92,3.11274,180005,0.80741,46.2612,2.36803,15.8777,2.45354,2.45272,0.0596626,-0.993524,11.9948,-0.565894,0.0391129,0.163717,45.5215,35.6387,9990.06,932.499,1232.34,45.6497,-0.00752942,6.38094e+06,0.0314761,1.02057,0.822758,118218,63787.1,4951.44,0,0,0,0.039836,2.16141,3,-2.83859,-2,2.78333,0,0,0,0,0,0,0,0,0,0,-0.00103046,0.000285352,-0.000687933,25.5893,-23.9732,17.5807,0,0,0,0,0,0,0,0,0,0,0,0,0,-0.805364,-4.40584,1.64615,0,1.01614,15.4609,-0.806281,-4.40634,1.64821,-5.21262,-3.60006,0,0,0,0,425002,6.38094e+06,0,0,0,0,0,0,0,0,0,0,0,0,0,0,
92.2,3.11274,180005,0.80801,46.2955,2.36827,15.7656,2.4527,2.45189,0.059126,-0.967786,11.9911,-0.570125,0.0383667,0.162284,45.523,35.6399,9990.03,932.498,1232.47,45.6884,-0.0075435,6.38094e+06,0.0311949,1.01986,0.822763,118179,63747.7,4951.36,0,0,0,0.0398374,2.16212,3,-2.83788,-2,2.7838,0,0,0,0,0,0,0,0,0,0,-0.00103016,0.00028569,-0.000687698,25.6484,-24.0719,17.6732,0,0,0,0,0,0,0,0,0,0,0,0,0,-0.798779,-4.40222,1.6313,0,1.01543,15.3506,-0.799705,-4.40273,1.63339,-5.20243,-3.60302,0,0,0,0,425002,6.38094e+06,0,0,0,0,0,0,0,0,0,0,0,0,0,0,
92.4,3.11273,180005,0.808604,46.3296,2.36852,15.6526,2.45187,2.45107,0.0585833,-0.941911,11.9875,-0.574513,0.03762,0.160834,45.5244,35.641,9990.01,932.497,1232.6,45.7268,-0.00755735,6.38094e+06,0.0309102,1.01915,0.822767,118139,63708.3,4951.29,0,0,0,0.0398388,2.16283,3,-2.83717,-2,2.78427,0,0,0,0,0,0,0,0,0,0,-0.00102986,0.000286027,-0.00068746,25.7076,-24.1708,17.7659,0,0,0,0,0,0,0,0,0,0,0,0,0,-0.792128,-4.39861,1.61629,0,1.01472,15.2395,-0.793063,-4.39911,1.6184,-5.19218,-3.60605,0,0,0,0,425002,6.38094e+06,0,0,0,0,0,0,0,0,0,0,0,0,0,0,
92.6,3.11273,180005,0.809193,46.3634,2.36876,15.5386,2.45103,2.45025,0.0580342,-0.915891,11.984,-0.579067,0.0368728,0.159366,45.5259,35.6422,9989.99,932.495,1232.72,45.765,-0.00757097,6.38094e+06,0.0306217,1.01844,0.822772,118100,63668.9,4951.22,0,0,0,0.0398402,2.16353,3,-2.83647,-2,2.78474,0,0,0,0,0,0,0,0,0,0,-0.00102956,0.000286365,-0.000687219,25.7669,-24.2701,17.859,0,0,0,0,0,0,0,0,0,0,0,0,0,-0.785408,-4.39499,1.60111,0,1.01401,15.1274,-0.786353,-4.39549,1.60324,-5.18185,-3.60914,0,0,0,0,425002,6.38094e+06,0,0,0,0,0,0,0,0,0,0,0,0,0,0,
92.8,3.11272,180005,0.809777,46.3968,2.369,15.4238,2.4502,2.44943,0.0574785,-0.889719,11.9805,-0.583794,0.0361249,0.15788,45.5274,35.6434,9989.96,932.494,1232.85,45.8028,-0.00758434,6.38094e+06,0.0303294,1.01773,0.822776,118061,63629.5,4951.14,0,0,0,0.0398416,2.16424,3,-2.83576,-2,2.78521,0,0,0,0,0,0,0,0,0,0,-0.00102926,0.000286702,-0.000686973,25.8263,-24.3696,17.9524,0,0,0,0,0,0,0,0,0,0,0,0,0,-0.778616,-4.39136,1.58574,0,1.0133,15.0145,-0.779571,-4.39187,1.5879,-5.17144,-3.6123,0,0,0,0,425002,6.38094e+06,0,0,0,0,0,0,0,0,0,0,0,0,0,0,
93,3.11272,180005,0.810354,46.4299,2.36925,15.3079,2.44936,2.44861,0.0569158,-0.863389,11.9771,-0.588703,0.0353762,0.156376,45.5289,35.6446,9989.94,932.493,1232.97,45.8404,-0.00759746,6.38094e+06,0.0300331,1.01703,0.82278,118021,63590.2,4951.07,0,0,0,0.039843,2.16495,3,-2.83505,-2,2.78568,0,0,0,0,0,0,0,0,0,0,-0.00102895,0.000287038,-0.000686725,25.8859,-24.4694,18.0461,0,0,0,0,0,0,0,0,0,0,0,0,0,-0.771749,-4.38773,1.57018,0,1.01259,14.9005,-0.772715,-4.38824,1.57237,-5.16096,-3.61553,0,0,0,0,425002,6.38094e+06,0,0,0,0,0,0,0,0,0,0,0,0,0,0,
93.2,3.11271,180005,0.810926,46.4627,2.36949,15.1911,2.44853,2.44778,0.056346,-0.836891,11.9737,-0.593805,0.0346266,0.154851,45.5303,35.6457,9989.92,932.491,1233.1,45.8777,-0.00761029,6.38094e+06,0.0297326,1.01632,0.822785,117982,63550.8,4950.99,0,0,0,0.0398444,2.16565,3,-2.83435,-2,2.78615,0,0,0,0,0,0,0,0,0,0,-0.00102865,0.000287375,-0.000686472,25.9455,-24.5695,18.1401,0,0,0,0,0,0,0,0,0,0,0,0,0,-0.764805,-4.3841,1.55443,0,1.01188,14.7855,-0.765782,-4.38461,1.55665,-5.15039,-3.61883,0,0,0,0,425002,6.38094e+06,0,0,0,0,0,0,0,0,0,0,0,0,0,0,
93.4,3.1127,180005,0.811492,46.4951,2.36974,15.0732,2.4477,2.44696,0.0557685,-0.810217,11.9704,-0.599111,0.0338761,0.153305,45.5318,35.6469,9989.89,932.49,1233.22,45.9146,-0.0076228,6.38094e+06,0.0294277,1.01561,0.822789,117942,63511.4,4950.92,0,0,0,0.0398457,2.16636,3,-2.83364,-2,2.78662,0,0,0,0,0,0,0,0,0,0,-0.00102834,0.000287711,-0.000686215,26.0052,-24.6699,18.2343,0,0,0,0,0,0,0,0,0,0,0,0,0,-0.75778,-4.38046,1.53847,0,1.01116,14.6695,-0.758769,-4.38097,1.54072,-5.13974,-3.6222,0,0,0,0,425002,6.38094e+06,0,0,0,0,0,0,0,0,0,0,0,0,0,0,
93.6,3.1127,180005,0.812053,46.5272,2.36999,14.9542,2.44686,2.44614,0.0551832,-0.78336,11.9672,-0.60463,0.0331245,0.151738,45.5333,35.6481,9989.87,932.488,1233.34,45.9513,-0.00763496,6.38094e+06,0.0291182,1.0149,0.822794,117903,63472,4950.85,0,0,0,0.0398471,2.16707,3,-2.83293,-2,2.78709,0,0,0,0,0,0,0,0,0,0,-0.00102804,0.000288046,-0.000685955,26.0651,-24.7705,18.3289,0,0,0,0,0,0,0,0,0,0,0,0,0,-0.750671,-4.37681,1.5223,0,1.01045,14.5523,-0.751672,-4.37732,1.52458,-5.12899,-3.62565,0,0,0,0,425002,6.38094e+06,0,0,0,0,0,0,0,0,0,0,0,0,0,0,
93.8,3.11269,180005,0.812607,46.559,2.37023,14.834,2.44603,2.44532,0.0545896,-0.756309,11.9641,-0.610376,0.0323716,0.150149,45.5348,35.6492,9989.84,932.487,1233.46,45.9877,-0.00764674,6.38094e+06,0.028804,1.01419,0.822798,117864,63432.6,4950.77,0,0,0,0.0398485,2.16777,3,-2.83223,-2,2.78756,0,0,0,0,0,0,0,0,0,0,-0.00102773,0.000288382,-0.00068569,26.1251,-24.8715,18.4238,0,0,0,0,0,0,0,0,0,0,0,0,0,-0.743474,-4.37315,1.5059,0,1.00974,14.434,-0.744487,-4.37367,1.50821,-5.11815,-3.62918,0,0,0,0,425002,6.38094e+06,0,0,0,0,0,0,0,0,0,0,0,0,0,0,
94,3.11269,180005,0.813156,46.5904,2.37048,14.7127,2.44519,2.4445,0.0539874,-0.729055,11.961,-0.616362,0.0316174,0.148536,45.5362,35.6504,9989.82,932.486,1233.58,46.0237,-0.0076581,6.38094e+06,0.0284848,1.01348,0.822803,117824,63393.2,4950.7,0,0,0,0.0398499,2.16848,3,-2.83152,-2,2.78804,0,0,0,0,0,0,0,0,0,0,-0.00102742,0.000288716,-0.000685421,26.1852,-24.9727,18.519,0,0,0,0,0,0,0,0,0,0,0,0,0,-0.736186,-4.36949,1.48927,0,1.00902,14.3145,-0.737212,-4.37,1.49161,-5.10722,-3.63279,0,0,0,0,425002,6.38094e+06,0,0,0,0,0,0,0,0,0,0,0,0,0,0,
94.2,3.11268,180005,0.813698,46.6215,2.37073,14.5901,2.44436,2.44368,0.0533762,-0.701588,11.958,-0.622601,0.0308616,0.146898,45.5377,35.6516,9989.8,932.484,1233.7,46.0595,-0.00766898,6.38094e+06,0.0281604,1.01277,0.822807,117785,63353.8,4950.63,0,0,0,0.0398513,2.16919,3,-2.83081,-2,2.78851,0,0,0,0,0,0,0,0,0,0,-0.00102711,0.000289051,-0.000685148,26.2453,-25.0743,18.6144,0,0,0,0,0,0,0,0,0,0,0,0,0,-0.728803,-4.36582,1.47239,0,1.0083,14.1938,-0.729842,-4.36633,1.47476,-5.09618,-3.63649,0,0,0,0,425002,6.38094e+06,0,0,0,0,0,0,0,0,0,0,0,0,0,0,
94.4,3.11268,180005,0.814234,46.6522,2.37098,14.4663,2.44352,2.44285,0.0527555,-0.673897,11.955,-0.62911,0.0301042,0.145234,45.5392,35.6527,9989.77,932.483,1233.82,46.0949,-0.00767935,6.38094e+06,0.0278306,1.01206,0.822812,117745,63314.5,4950.56,0,0,0,0.0398527,2.1699,3,-2.8301,-2,2.78898,0,0,0,0,0,0,0,0,0,0,-0.0010268,0.000289385,-0.00068487,26.3056,-25.1761,18.7102,0,0,0,0,0,0,0,0,0,0,0,0,0,-0.721319,-4.36214,1.45525,0,1.00759,14.0718,-0.722373,-4.36265,1.45766,-5.08503,-3.64028,0,0,0,0,425002,6.38094e+06,0,0,0,0,0,0,0,0,0,0,0,0,0,0,
94.6,3.11267,180005,0.814764,46.6825,2.37123,14.3411,2.44269,2.44203,0.0521248,-0.64597,11.9521,-0.635904,0.029345,0.143543,45.5407,35.6539,9989.75,932.482,1233.93,46.1301,-0.00768915,6.38094e+06,0.027495,1.01135,0.822816,117706,63275.1,4950.48,0,0,0,0.039854,2.17061,3,-2.82939,-2,2.78945,0,0,0,0,0,0,0,0,0,0,-0.00102649,0.000289719,-0.000684587,26.3661,-25.2782,18.8062,0,0,0,0,0,0,0,0,0,0,0,0,0,-0.713732,-4.35844,1.43784,0,1.00687,13.9484,-0.714801,-4.35896,1.44029,-5.07376,-3.64416,0,0,0,0,425002,6.38094e+06,0,0,0,0,0,0,0,0,0,0,0,0,0,0,
94.8,3.11266,180005,0.815287,46.7125,2.37149,14.2145,2.44185,2.44121,0.0514837,-0.617794,11.9494,-0.643003,0.0285837,0.141823,45.5422,35.655,9989.72,932.48,1234.05,46.1649,-0.00769833,6.38094e+06,0.0271534,1.01063,0.822821,117667,63235.7,4950.41,0,0,0,0.0398554,2.17132,3,-2.82868,-2,2.78992,0,0,0,0,0,0,0,0,0,0,-0.00102617,0.000290052,-0.0006843,26.4266,-25.3806,18.9026,0,0,0,0,0,0,0,0,0,0,0,0,0,-0.706035,-4.35474,1.42014,0,1.00615,13.8236,-0.707119,-4.35526,1.42264,-5.06238,-3.64814,0,0,0,0,425002,6.38094e+06,0,0,0,0,0,0,0,0,0,0,0,0,0,0,
95,3.11266,180005,0.815804,46.7421,2.37174,14.0864,2.44101,2.44038,0.0508316,-0.589358,11.9466,-0.650426,0.0278202,0.140074,45.5436,35.6562,9989.7,932.479,1234.16,46.1994,-0.00770685,6.38094e+06,0.0268056,1.00992,0.822826,117627,63196.3,4950.34,0,0,0,0.0398568,2.17203,3,-2.82797,-2,2.7904,0,0,0,0,0,0,0,0,0,0,-0.00102586,0.000290385,-0.000684007,26.4872,-25.4833,18.9992,0,0,0,0,0,0,0,0,0,0,0,0,0,-0.698224,-4.35102,1.40215,0,1.00542,13.6973,-0.699325,-4.35154,1.40468,-5.05087,-3.65222,0,0,0,0,425002,6.38094e+06,0,0,0,0,0,0,0,0,0,0,0,0,0,0,
95.2,3.11265,180005,0.816315,46.7714,2.372,13.9569,2.44018,2.43956,0.0501678,-0.560646,11.944,-0.658194,0.0270544,0.138293,45.5451,35.6574,9989.68,932.477,1234.27,46.2335,-0.00771464,6.38094e+06,0.0264511,1.0092,0.82283,117588,63156.9,4950.27,0,0,0,0.0398582,2.17275,3,-2.82725,-2,2.79087,0,0,0,0,0,0,0,0,0,0,-0.00102554,0.000290718,-0.000683709,26.548,-25.5863,19.0962,0,0,0,0,0,0,0,0,0,0,0,0,0,-0.690293,-4.34729,1.38384,0,1.0047,13.5695,-0.691411,-4.34781,1.38642,-5.03922,-3.6564,0,0,0,0,425002,6.38094e+06,0,0,0,0,0,0,0,0,0,0,0,0,0,0,
95.4,3.11265,180005,0.816819,46.8003,2.37226,13.8257,2.43934,2.43873,0.0494919,-0.531644,11.9414,-0.666331,0.026286,0.136478,45.5466,35.6585,9989.65,932.476,1234.38,46.2674,-0.00772165,6.38094e+06,0.0260896,1.00849,0.822835,117549,63117.6,4950.19,0,0,0,0.0398596,2.17346,3,-2.82654,-2,2.79134,0,0,0,0,0,0,0,0,0,0,-0.00102522,0.00029105,-0.000683406,26.6088,-25.6896,19.1934,0,0,0,0,0,0,0,0,0,0,0,0,0,-0.682236,-4.34354,1.3652,0,1.00397,13.4401,-0.683372,-4.34407,1.36783,-5.02744,-3.6607,0,0,0,0,425002,6.38094e+06,0,0,0,0,0,0,0,0,0,0,0,0,0,0,
95.6,3.11264,180005,0.817316,46.8287,2.37252,13.6928,2.4385,2.43791,0.0488031,-0.502336,11.939,-0.674864,0.0255148,0.134629,45.5481,35.6597,9989.63,932.475,1234.49,46.3009,-0.00772783,6.38094e+06,0.0257207,1.00777,0.82284,117509,63078.2,4950.12,0,0,0,0.039861,2.17418,3,-2.82582,-2,2.79182,0,0,0,0,0,0,0,0,0,0,-0.0010249,0.000291382,-0.000683097,26.6698,-25.7932,19.2909,0,0,0,0,0,0,0,0,0,0,0,0,0,-0.674047,-4.33978,1.3462,0,1.00324,13.3089,-0.675202,-4.34031,1.34888,-5.01551,-3.66511,0,0,0,0,425002,6.38094e+06,0,0,0,0,0,0,0,0,0,0,0,0,0,0,
95.8,3.11264,180005,0.817806,46.8568,2.37278,13.5582,2.43766,2.43708,0.0481006,-0.472705,11.9366,-0.683821,0.0247405,0.132742,45.5496,35.6608,9989.6,932.473,1234.6,46.3341,-0.0077331,6.38094e+06,0.025344,1.00705,0.822844,117470,63038.8,4950.05,0,0,0,0.0398624,2.17489,3,-2.82511,-2,2.79229,0,0,0,0,0,0,0,0,0,0,-0.00102458,0.000291714,-0.000682782,26.7309,-25.8971,19.3887,0,0,0,0,0,0,0,0,0,0,0,0,0,-0.665719,-4.336,1.32684,0,1.00251,13.176,-0.666893,-4.33653,1.32957,-5.00343,-3.66964,0,0,0,0,425002,6.38094e+06,0,0,0,0,0,0,0,0,0,0,0,0,0,0,
96,3.11263,180005,0.818289,46.8845,2.37304,13.4217,2.43681,2.43625,0.0473837,-0.442732,11.9343,-0.693234,0.023963,0.130816,45.5511,35.662,9989.58,932.472,1234.71,46.3669,-0.00773742,6.38094e+06,0.0249591,1.00633,0.822849,117430,62999.4,4949.98,0,0,0,0.0398638,2.17561,3,-2.82439,-2,2.79276,0,0,0,0,0,0,0,0,0,0,-0.00102426,0.000292045,-0.000682461,26.7921,-26.0012,19.4868,0,0,0,0,0,0,0,0,0,0,0,0,0,-0.657244,-4.3322,1.30708,0,1.00178,13.0412,-0.65844,-4.33274,1.30987,-4.99118,-3.6743,0,0,0,0,425002,6.38094e+06,0,0,0,0,0,0,0,0,0,0,0,0,0,0,
96.2,3.11262,180005,0.818765,46.9118,2.37331,13.2833,2.43597,2.43542,0.0466514,-0.412398,11.9321,-0.703138,0.023182,0.128849,45.5526,35.6632,9989.55,932.47,1234.81,46.3994,-0.00774072,6.38094e+06,0.0245655,1.0056,0.822854,117391,62960.1,4949.9,0,0,0,0.0398652,2.17633,3,-2.82367,-2,2.79324,0,0,0,0,0,0,0,0,0,0,-0.00102393,0.000292376,-0.000682134,26.8534,-26.1057,19.5852,0,0,0,0,0,0,0,0,0,0,0,0,0,-0.648615,-4.32839,1.28691,0,1.00104,12.9044,-0.649833,-4.32892,1.28976,-4.97875,-3.67909,0,0,0,0,425002,6.38094e+06,0,0,0,0,0,0,0,0,0,0,0,0,0,0,
96.4,3.11262,180005,0.819233,46.9386,2.37358,13.1428,2.43513,2.43459,0.0459028,-0.381682,11.93,-0.713572,0.0223972,0.126837,45.5541,35.6643,9989.53,932.469,1234.92,46.4315,-0.00774293,6.38094e+06,0.0241626,1.00488,0.822859,117352,62920.7,4949.83,0,0,0,0.0398666,2.17706,3,-2.82294,-2,2.79371,0,0,0,0,0,0,0,0,0,0,-0.0010236,0.000292706,-0.000681799,26.9148,-26.2105,19.6839,0,0,0,0,0,0,0,0,0,0,0,0,0,-0.639823,-4.32455,1.2663,0,1.0003,12.7655,-0.641064,-4.32509,1.26921,-4.96615,-3.68402,0,0,0,0,425002,6.38094e+06,0,0,0,0,0,0,0,0,0,0,0,0,0,0,
96.6,3.11261,180005,0.819694,46.965,2.37385,13.0002,2.43428,2.43376,0.0451369,-0.35056,11.9279,-0.724579,0.0216084,0.124778,45.5555,35.6655,9989.51,932.468,1235.02,46.4633,-0.00774399,6.38093e+06,0.0237499,1.00415,0.822863,117312,62881.3,4949.76,0,0,0,0.039868,2.17778,3,-2.82222,-2,2.79419,0,0,0,0,0,0,0,0,0,0,-0.00102327,0.000293036,-0.000681458,26.9764,-26.3156,19.7828,0,0,0,0,0,0,0,0,0,0,0,0,0,-0.630859,-4.32069,1.24521,0,0.999552,12.6245,-0.632124,-4.32123,1.24819,-4.95335,-3.6891,0,0,0,0,425002,6.38093e+06,0,0,0,0,0,0,0,0,0,0,0,0,0,0,
96.8,3.11261,180005,0.820148,46.991,2.37413,12.8553,2.43343,2.43292,0.0443525,-0.319008,11.926,-0.736208,0.0208152,0.122669,45.557,35.6666,9989.48,932.466,1235.12,46.4947,-0.00774382,6.38093e+06,0.0233267,1.00342,0.822868,117273,62841.9,4949.69,0,0,0,0.0398694,2.17851,3,-2.82149,-2,2.79466,0,0,0,0,0,0,0,0,0,0,-0.00102294,0.000293365,-0.000681109,27.038,-26.4209,19.8821,0,0,0,0,0,0,0,0,0,0,0,0,0,-0.621712,-4.3168,1.22362,0,0.998803,12.4811,-0.623004,-4.31735,1.22668,-4.94035,-3.69434,0,0,0,0,425002,6.38093e+06,0,0,0,0,0,0,0,0,0,0,0,0,0,0,
97,3.1126,180005,0.820593,47.0165,2.37441,12.708,2.43258,2.43209,0.0435482,-0.286999,11.9242,-0.748513,0.0200174,0.120507,45.5585,35.6678,9989.46,932.465,1235.22,46.5257,-0.00774236,6.38093e+06,0.0228923,1.00269,0.822873,117234,62802.6,4949.62,0,0,0,0.0398708,2.17924,3,-2.82076,-2,2.79514,0,0,0,0,0,0,0,0,0,0,-0.00102261,0.000293694,-0.000680753,27.0998,-26.5266,19.9816,0,0,0,0,0,0,0,0,0,0,0,0,0,-0.612371,-4.31289,1.2015,0,0.998049,12.3352,-0.613691,-4.31344,1.20463,-4.92713,-3.69974,0,0,0,0,425002,6.38093e+06,0,0,0,0,0,0,0,0,0,0,0,0,0,0,
97.2,3.11259,180005,0.821031,47.0416,2.37469,12.5582,2.43172,2.43125,0.0427227,-0.254503,11.9225,-0.761556,0.0192145,0.118287,45.56,35.6689,9989.43,932.463,1235.32,46.5564,-0.00773951,6.38093e+06,0.0224459,1.00195,0.822878,117194,62763.2,4949.55,0,0,0,0.0398722,2.17998,3,-2.82002,-2,2.79561,0,0,0,0,0,0,0,0,0,0,-0.00102227,0.000294023,-0.000680389,27.1617,-26.6326,20.0814,0,0,0,0,0,0,0,0,0,0,0,0,0,-0.602825,-4.30894,1.17881,0,0.997291,12.1868,-0.604174,-4.3095,1.18202,-4.91367,-3.70532,0,0,0,0,425002,6.38093e+06,0,0,0,0,0,0,0,0,0,0,0,0,0,0,
97.4,3.11259,180005,0.82146,47.0662,2.37498,12.4056,2.43087,2.4304,0.0418745,-0.221488,11.9209,-0.775406,0.0184063,0.116006,45.5615,35.6701,9989.41,932.462,1235.42,46.5866,-0.00773521,6.38093e+06,0.0219866,1.00121,0.822883,117155,62723.8,4949.47,0,0,0,0.0398736,2.18071,3,-2.81929,-2,2.79609,0,0,0,0,0,0,0,0,0,0,-0.00102193,0.000294351,-0.000680015,27.2237,-26.7389,20.1815,0,0,0,0,0,0,0,0,0,0,0,0,0,-0.59306,-4.30497,1.15549,0,0.996527,12.0356,-0.594441,-4.30553,1.1588,-4.89997,-3.71109,0,0,0,0,425002,6.38093e+06,0,0,0,0,0,0,0,0,0,0,0,0,0,0,
97.6,3.11258,180005,0.821881,47.0903,2.37527,12.2502,2.43001,2.42956,0.0410017,-0.187919,11.9194,-0.790142,0.0175923,0.113659,45.563,35.6712,9989.38,932.46,1235.52,46.6165,-0.00772935,6.38093e+06,0.0215136,1.00047,0.822888,117115,62684.5,4949.4,0,0,0,0.039875,2.18145,3,-2.81855,-2,2.79657,0,0,0,0,0,0,0,0,0,0,-0.00102158,0.000294678,-0.000679633,27.2858,-26.8455,20.2818,0,0,0,0,0,0,0,0,0,0,0,0,0,-0.583062,-4.30097,1.13152,0,0.995758,11.8814,-0.584477,-4.30153,1.13492,-4.88601,-3.71705,0,0,0,0,425002,6.38093e+06,0,0,0,0,0,0,0,0,0,0,0,0,0,0,
97.8,3.11258,180005,0.822294,47.114,2.37556,12.0918,2.42914,2.42871,0.0401023,-0.153756,11.918,-0.805855,0.0167721,0.11124,45.5645,35.6724,9989.36,932.459,1235.61,46.646,-0.00772184,6.38093e+06,0.0210256,0.999717,0.822893,117076,62645.1,4949.33,0,0,0,0.0398765,2.1822,3,-2.8178,-2,2.79704,0,0,0,0,0,0,0,0,0,0,-0.00102123,0.000295005,-0.000679242,27.348,-26.9524,20.3825,0,0,0,0,0,0,0,0,0,0,0,0,0,-0.572815,-4.29693,1.10683,0,0.994983,11.7241,-0.574266,-4.29749,1.11033,-4.87176,-3.72323,0,0,0,0,425002,6.38093e+06,0,0,0,0,0,0,0,0,0,0,0,0,0,0,
98,3.11257,180005,0.822697,47.1371,2.37586,11.93,2.42828,2.42786,0.0391742,-0.118958,11.9167,-0.822647,0.0159452,0.108745,45.566,35.6735,9989.34,932.458,1235.71,46.6751,-0.00771257,6.38093e+06,0.0205216,0.998965,0.822898,117037,62605.7,4949.26,0,0,0,0.0398779,2.18295,3,-2.81705,-2,2.79752,0,0,0,0,0,0,0,0,0,0,-0.00102088,0.000295332,-0.00067884,27.4103,-27.0596,20.4834,0,0,0,0,0,0,0,0,0,0,0,0,0,-0.562302,-4.29285,1.08137,0,0.994202,11.5635,-0.563791,-4.29342,1.08499,-4.85721,-3.72963,0,0,0,0,425002,6.38093e+06,0,0,0,0,0,0,0,0,0,0,0,0,0,0,
98.2,3.11257,180005,0.823092,47.1597,2.37616,11.7648,2.42741,2.42701,0.0382149,-0.0834767,11.9155,-0.840637,0.0151111,0.106165,45.5675,35.6747,9989.31,932.456,1235.8,46.7038,-0.00770141,6.38093e+06,0.0200001,0.998208,0.822903,116997,62566.4,4949.19,0,0,0,0.0398794,2.1837,3,-2.8163,-2,2.798,0,0,0,0,0,0,0,0,0,0,-0.00102053,0.000295658,-0.000678427,27.4728,-27.1671,20.5846,0,0,0,0,0,0,0,0,0,0,0,0,0,-0.551503,-4.28872,1.05507,0,0.993413,11.3992,-0.553033,-4.2893,1.05881,-4.84234,-3.73627,0,0,0,0,425002,6.38093e+06,0,0,0,0,0,0,0,0,0,0,0,0,0,0,
98.4,3.11256,180005,0.823476,47.1817,2.37647,11.5959,2.42653,2.42615,0.0372215,-0.0472589,11.9145,-0.859965,0.0142694,0.103495,45.569,35.6759,9989.29,932.455,1235.89,46.7321,-0.00768824,6.38093e+06,0.0194595,0.997446,0.822909,116958,62527,4949.11,0,0,0,0.0398808,2.18446,3,-2.81554,-2,2.79847,0,0,0,0,0,0,0,0,0,0,-0.00102017,0.000295983,-0.000678003,27.5353,-27.2749,20.6861,0,0,0,0,0,0,0,0,0,0,0,0,0,-0.540396,-4.28456,1.02786,0,0.992617,11.2311,-0.541971,-4.28514,1.03173,-4.82711,-3.74317,0,0,0,0,425002,6.38093e+06,0,0,0,0,0,0,0,0,0,0,0,0,0,0,
98.6,3.11255,180005,0.823851,47.2032,2.37679,11.4229,2.42565,2.42528,0.0361906,-0.0102459,11.9136,-0.880792,0.0134193,0.100724,45.5705,35.677,9989.26,932.453,1235.98,46.7599,-0.0076729,6.38093e+06,0.0188983,0.996678,0.822914,116919,62487.6,4949.04,0,0,0,0.0398823,2.18522,3,-2.81478,-2,2.79895,0,0,0,0,0,0,0,0,0,0,-0.00101981,0.000296308,-0.000677566,27.598,-27.383,20.7878,0,0,0,0,0,0,0,0,0,0,0,0,0,-0.528959,-4.28034,0.999646,0,0.991813,11.0588,-0.530581,-4.28093,1.00366,-4.81152,-3.75035,0,0,0,0,425002,6.38093e+06,0,0,0,0,0,0,0,0,0,0,0,0,0,0,
98.8,3.11255,180005,0.824216,47.2241,2.37711,11.2456,2.42477,2.42442,0.0351187,0.0276289,11.9129,-0.903309,0.0125602,0.0978444,45.572,35.6782,9989.24,932.452,1236.07,46.7873,-0.00765522,6.38093e+06,0.0183142,0.995904,0.822919,116879,62448.2,4948.97,0,0,0,0.0398837,2.18599,3,-2.81401,-2,2.79943,0,0,0,0,0,0,0,0,0,0,-0.00101944,0.000296632,-0.000677117,27.6608,-27.4914,20.8898,0,0,0,0,0,0,0,0,0,0,0,0,0,-0.517165,-4.27607,0.970335,0,0.991,10.882,-0.518839,-4.27667,0.974509,-4.79551,-3.75783,0,0,0,0,425002,6.38093e+06,0,0,0,0,0,0,0,0,0,0,0,0,0,0,
99,3.11254,180005,0.824571,47.2444,2.37744,11.0636,2.42388,2.42354,0.0340013,0.0664406,11.9122,-0.927742,0.0116914,0.0948438,45.5735,35.6793,9989.22,932.451,1236.15,46.8142,-0.007635,6.38093e+06,0.017705,0.995124,0.822925,116840,62408.9,4948.9,0,0,0,0.0398852,2.18676,3,-2.81324,-2,2.79991,0,0,0,0,0,0,0,0,0,0,-0.00101906,0.000296956,-0.000676653,27.7237,-27.6002,20.9921,0,0,0,0,0,0,0,0,0,0,0,0,0,-0.504985,-4.27174,0.939814,0,0.990177,10.7002,-0.506714,-4.27235,0.944164,-4.77907,-3.76564,0,0,0,0,425002,6.38093e+06,0,0,0,0,0,0,0,0,0,0,0,0,0,0,
99.2,3.11254,180005,0.824914,47.2641,2.37777,10.8765,2.42299,2.42266,0.0328334,0.106275,11.9118,-0.954363,0.0108121,0.0917093,45.575,35.6804,9989.19,932.449,1236.24,46.8406,-0.00761203,6.38093e+06,0.017068,0.994337,0.82293,116801,62369.5,4948.82,0,0,0,0.0398867,2.18754,3,-2.81246,-2,2.80039,0,0,0,0,0,0,0,0,0,0,-0.00101868,0.000297279,-0.000676174,27.7867,-27.7092,21.0947,0,0,0,0,0,0,0,0,0,0,0,0,0,-0.492385,-4.26735,0.90795,0,0.989344,10.5131,-0.494176,-4.26797,0.912498,-4.76214,-3.77379,0,0,0,0,425002,6.38093e+06,0,0,0,0,0,0,0,0,0,0,0,0,0,0,
99.4,3.11253,180005,0.825246,47.2831,2.37811,10.6838,2.42209,2.42178,0.0316089,0.147229,11.9114,-0.983499,0.00992136,0.0884256,45.5765,35.6816,9989.17,932.448,1236.32,46.8666,-0.00758603,6.38093e+06,0.0164001,0.993543,0.822936,116761,62330.2,4948.75,0,0,0,0.0398882,2.18833,3,-2.81167,-2,2.80087,0,0,0,0,0,0,0,0,0,0,-0.0010183,0.000297601,-0.000675678,27.8499,-27.8186,21.1975,0,0,0,0,0,0,0,0,0,0,0,0,0,-0.47933,-4.26288,0.874591,0,0.988498,10.3202,-0.481186,-4.26351,0.879358,-4.7447,-3.78233,0,0,0,0,425002,6.38093e+06,0,0,0,0,0,0,0,0,0,0,0,0,0,0,
99.6,3.11253,180005,0.825565,47.3014,2.37847,10.485,2.42118,2.42089,0.0303207,0.189417,11.9113,-1.01555,0.00901811,0.0849743,45.578,35.6827,9989.14,932.446,1236.4,46.8921,-0.00755672,6.38093e+06,0.0156975,0.99274,0.822941,116722,62290.8,4948.68,0,0,0,0.0398897,2.18912,3,-2.81088,-2,2.80135,0,0,0,0,0,0,0,0,0,0,-0.0010179,0.000297922,-0.000675164,27.9131,-27.9283,21.3006,0,0,0,0,0,0,0,0,0,0,0,0,0,-0.465778,-4.25834,0.839553,0,0.98764,10.1207,-0.467707,-4.25898,0.844567,-4.72669,-3.79127,0,0,0,0,425002,6.38093e+06,0,0,0,0,0,0,0,0,0,0,0,0,0,0,
99.8,3.11252,180005,0.825873,47.319,2.37883,10.2795,2.42026,2.41999,0.0289603,0.23297,11.9113,-1.05102,0.00810122,0.0813338,45.5795,35.6839,9989.12,932.445,1236.48,46.917,-0.00752373,6.38093e+06,0.0149557,0.991929,0.822947,116682,62251.4,4948.61,0,0,0,0.0398912,2.18993,3,-2.81007,-2,2.80183,0,0,0,0,0,0,0,0,0,0,-0.0010175,0.000298242,-0.000674631,27.9765,-28.0383,21.404,0,0,0,0,0,0,0,0,0,0,0,0,0,-0.451685,-4.2537,0.802618,0,0.986768,9.91407,-0.453692,-4.25436,0.807912,-4.70805,-3.80067,0,0,0,0,425002,6.38093e+06,0,0,0,0,0,0,0,0,0,0,0,0,0,0,
100,3.11251,180005,0.826166,47.3359,2.3792,10.0665,2.41934,2.41908,0.0275171,0.278044,11.9114,-1.09053,0.00716938,0.0774776,45.581,35.685,9989.1,932.444,1236.56,46.9414,-0.00748666,6.38093e+06,0.0141693,0.991107,0.822953,116643,62212.1,4948.53,0,0,0,0.0398927,2.19074,3,-2.80926,-2,2.80231,0,0,0,0,0,0,0,0,0,0,-0.00101709,0.000298562,-0.000674075,28.04,-28.1487,21.5076,0,0,0,0,0,0,0,0,0,0,0,0,0,-0.437001,-4.24897,0.763522,0,0.98588,9.69942,-0.439095,-4.24964,0.769137,-4.68874,-3.81055,0,0,0,0,425002,6.38093e+06,0,0,0,0,0,0,0,0,0,0,0,0,0,0,
100.2,3.11251,180005,0.826446,47.3519,2.37959,9.8451,2.41841,2.41817,0.0259783,0.324823,11.9118,-1.13489,0.00622106,0.0733736,45.5825,35.6862,9989.07,932.442,1236.63,46.9653,-0.00744498,6.38093e+06,0.0133318,0.990275,0.822959,116604,62172.7,4948.46,0,0,0,0.0398943,2.19156,3,-2.80844,-2,2.80279,0,0,0,0,0,0,0,0,0,0,-0.00101667,0.00029888,-0.000673495,28.1036,-28.2593,21.6115,0,0,0,0,0,0,0,0,0,0,0,0,0,-0.421674,-4.24413,0.721943,0,0.984974,9.47573,-0.423861,-4.24481,0.727928,-4.66867,-3.82095,0,0,0,0,425002,6.38093e+06,0,0,0,0,0,0,0,0,0,0,0,0,0,0,
100.4,3.1125,180005,0.826711,47.367,2.37999,9.61431,2.41747,2.41724,0.0243275,0.37353,11.9123,-1.18514,0.00525453,0.0689815,45.584,35.6873,9989.05,932.441,1236.7,46.9886,-0.00739812,6.38093e+06,0.0124349,0.989432,0.822965,116564,62133.3,4948.39,0,0,0,0.0398958,2.1924,3,-2.8076,-2,2.80327,0,0,0,0,0,0,0,0,0,0,-0.00101624,0.000299197,-0.000672888,28.1673,-28.3703,21.7157,0,0,0,0,0,0,0,0,0,0,0,0,0,-0.405649,-4.23915,0.677479,0,0.984049,9.24176,-0.407936,-4.23986,0.683896,-4.64779,-3.83192,0,0,0,0,425002,6.38093e+06,0,0,0,0,0,0,0,0,0,0,0,0,0,0,
100.6,3.1125,180005,0.826959,47.3813,2.38041,9.3728,2.41651,2.41631,0.0225439,0.424439,11.913,-1.24269,0.00426776,0.0642505,45.5855,35.6885,9989.03,932.44,1236.78,47.0112,-0.00734531,6.38093e+06,0.0114684,0.988575,0.822971,116525,62094,4948.31,0,0,0,0.0398974,2.19324,3,-2.80676,-2,2.80375,0,0,0,0,0,0,0,0,0,0,-0.0010158,0.000299513,-0.00067225,28.2311,-28.4816,21.8201,0,0,0,0,0,0,0,0,0,0,0,0,0,-0.388874,-4.23403,0.629621,0,0.9831,8.99596,-0.391269,-4.23476,0.636549,-4.62603,-3.84349,0,0,0,0,425002,6.38093e+06,0,0,0,0,0,0,0,0,0,0,0,0,0,0,
100.8,3.11249,180005,0.827191,47.3945,2.38084,9.11895,2.41555,2.41536,0.0206,0.477892,11.914,-1.30947,0.00325838,0.0591147,45.587,35.6896,9989,932.438,1236.84,47.0333,-0.00728566,6.38093e+06,0.0104187,0.987705,0.822977,116486,62054.6,4948.24,0,0,0,0.039899,2.1941,3,-2.8059,-2,2.80423,0,0,0,0,0,0,0,0,0,0,-0.00101534,0.000299827,-0.000671577,28.2951,-28.5932,21.9247,0,0,0,0,0,0,0,0,0,0,0,0,0,-0.371315,-4.22874,0.577714,0,0.982127,8.73635,-0.373821,-4.22949,0.585255,-4.60331,-3.85567,0,0,0,0,425002,6.38093e+06,0,0,0,0,0,0,0,0,0,0,0,0,0,0,
101,3.11249,180005,0.827403,47.4067,2.3813,8.85068,2.41457,2.4144,0.0184587,0.534328,11.9151,-1.38824,0.00222362,0.053487,45.5885,35.6908,9988.98,932.437,1236.91,47.0546,-0.00721799,6.38093e+06,0.00926826,0.986818,0.822984,116446,62015.3,4948.16,0,0,0,0.0399006,2.19498,3,-2.80502,-2,2.80472,0,0,0,0,0,0,0,0,0,0,-0.00101486,0.00030014,-0.000670862,28.3591,-28.7051,22.0297,0,0,0,0,0,0,0,0,0,0,0,0,0,-0.352977,-4.22324,0.520887,0,0.981123,8.4603,-0.355589,-4.22402,0.52918,-4.57961,-3.86843,0,0,0,0,425002,6.38093e+06,0,0,0,0,0,0,0,0,0,0,0,0,0,0,
101.2,3.11248,180005,0.827594,47.4177,2.38178,8.56524,2.41357,2.41342,0.0160678,0.594324,11.9164,-1.48309,0.00116015,0.0472485,45.59,35.6919,9988.96,932.436,1236.97,47.0752,-0.00714083,6.38092e+06,0.00799259,0.985914,0.82299,116407,61975.9,4948.09,0,0,0,0.0399023,2.19587,3,-2.80413,-2,2.8052,0,0,0,0,0,0,0,0,0,0,-0.00101437,0.00030045,-0.0006701,28.4233,-28.8174,22.1348,0,0,0,0,0,0,0,0,0,0,0,0,0,-0.333972,-4.21748,0.457957,0,0.980084,8.16423,-0.336664,-4.2183,0.467192,-4.55497,-3.88164,0,0,0,0,425002,6.38092e+06,0,0,0,0,0,0,0,0,0,0,0,0,0,0,
101.4,3.11248,180005,0.827763,47.4273,2.38229,8.25887,2.41256,2.41242,0.0133506,0.658672,11.918,-1.60052,6.40818e-05,0.0402305,45.5915,35.693,9988.94,932.434,1237.04,47.0951,-0.00705219,6.38092e+06,0.0065568,0.98499,0.822997,116368,61936.6,4948.01,0,0,0,0.039904,2.19678,3,-2.80322,-2,2.80569,0,0,0,0,0,0,0,0,0,0,-0.00101384,0.000300758,-0.000669278,28.4876,-28.93,22.2403,0,0,0,0,0,0,0,0,0,0,0,0,0,-0.314672,-4.21142,0.387246,0,0.979002,7.84298,-0.317364,-4.21229,0.397697,-4.52965,-3.89492,0,0,0,0,425002,6.38092e+06,0,0,0,0,0,0,0,0,0,0,0,0,0,0,
101.6,3.11247,180005,0.827905,47.4355,2.38285,7.92617,2.41152,2.41141,0.0101868,0.728514,11.9197,-1.75156,-0.00106915,0.0321835,45.593,35.6942,9988.91,932.433,1237.09,47.114,-0.00694933,6.38092e+06,0.00490779,0.984042,0.823004,116328,61897.2,4947.93,0,0,0,0.0399057,2.19771,3,-2.80229,-2,2.80617,0,0,0,0,0,0,0,0,0,0,-0.00101329,0.000301063,-0.000668383,28.552,-29.0429,22.3459,0,0,0,0,0,0,0,0,0,0,0,0,0,-0.29614,-4.20494,0.306278,0,0.977868,7.48858,-0.29861,-4.20588,0.318358,-4.50449,-3.90727,0,0,0,0,425002,6.38092e+06,0,0,0,0,0,0,0,0,0,0,0,0,0,0,
101.8,3.11246,180005,0.828017,47.4419,2.38345,7.55875,2.41047,2.41036,0.00637152,0.805619,11.9216,-1.95714,-0.00224445,0.0227169,45.5945,35.6953,9988.89,932.432,1237.15,47.1321,-0.00682833,6.38092e+06,0.00295698,0.983068,0.823012,116289,61857.8,4947.86,0,0,0,0.0399075,2.19866,3,-2.80134,-2,2.80666,0,0,0,0,0,0,0,0,0,0,-0.00101269,0.000301364,-0.000667392,28.6166,-29.1562,22.4518,0,0,0,0,0,0,0,0,0,0,0,0,0,-0.281486,-4.19791,0.211184,0,0.976665,7.08736,-0.28306,-4.19893,0.225553,-4.48199,-3.91587,0,0,0,0,425002,6.38092e+06,0,0,0,0,0,0,0,0,0,0,0,0,0,0,
102,3.11246,180005,0.828092,47.4462,2.38411,7.14219,2.40938,2.40929,0.00150826,0.893032,11.9236,-2.26356,-0.00346541,0.0111811,45.5961,35.6965,9988.87,932.43,1237.2,47.149,-0.00668297,6.38092e+06,0.000531792,0.982061,0.82302,116249,61818.5,4947.78,0,0,0,0.0399093,2.19965,3,-2.80035,-2,2.80715,0,0,0,0,0,0,0,0,0,0,-0.00101203,0.00030166,-0.000666265,28.6812,-29.2698,22.558,0,0,0,0,0,0,0,0,0,0,0,0,0,-0.281133,-4.19004,0.0955311,0,0.975369,6.6118,-0.279402,-4.19121,0.113315,-4.47061,-3.91181,0,0,0,0,425002,6.38092e+06,0,0,0,0,0,0,0,0,0,0,0,0,0,0,
102.2,3.11245,180005,0.828123,47.4479,2.38487,6.647,2.40826,2.40816,-0.0053373,0.996983,11.9251,-2.80186,-0.00472548,-0.00353233,45.5976,35.6976,9988.85,932.429,1237.25,47.1647,-0.00650212,6.38092e+06,-0.00282555,0.981011,0.823028,116210,61779.1,4947.7,0,0,0,0.0399112,2.20067,3,-2.79933,-2,2.80764,0,0,0,0,0,0,0,0,0,0,-0.00101127,0.000301947,-0.000664924,28.746,-29.3837,22.6644,0,0,0,0,0,0,0,0,0,0,0,0,0,-0.34134,-4.18079,-0.0517354,0,0.973928,5.98872,-0.324232,-4.18221,-0.0286375,-4.50644,-3.85798,0,0,0,0,425002,6.38092e+06,0,0,0,0,0,0,0,0,0,0,0,0,0,0,
102.4,3.11245,180005,0.828095,47.4464,2.38574,5.99048,2.4071,2.40695,-0.0173045,1.13494,11.9247,-4.15414,-0.0059469,-0.0222698,45.5991,35.6987,9988.83,932.428,1237.29,47.1787,-0.0062579,6.38092e+06,-0.00959811,0.979881,0.823037,116171,61739.8,4947.61,0,0,0,0.0399133,2.20177,3,-2.79823,-2,2.80813,0,0,0,0,0,0,0,0,0,0,-0.00101029,0.00030222,-0.000663146,28.8109,-29.498,22.771,0,0,0,0,0,0,0,0,0,0,0,0,0,-0.83931,-4.16871,-0.241204,0,0.972203,4.87308,-0.681055,-4.17068,-0.213148,-4.85174,-3.48963,0,0,0,0,425002,6.38092e+06,0,0,0,0,0,0,0,0,0,0,0,0,0,0,
102.6,3.11244,180005,0.82804,47.4432,2.38656,4.62834,2.40602,2.40514,-0.06224,1.42174,11.9041,-17.6881,-0.00589711,0.0691464,45.6006,35.6999,9988.81,932.427,1237.31,47.1866,-0.00562855,6.38092e+06,-0.201577,0.978005,0.823049,116131,61700.4,4947.47,0,0,0,0.0399164,2.20357,3,-2.79643,-2,2.80864,0,0,0,0,0,0,0,0,0,0,-0.00100838,0.000302421,-0.000659478,28.8759,-29.6126,22.8779,0,0,0,0,0,0,0,0,0,0,0,0,0,-20,-4.15705,0.309306,0,0.969281,-60,-17.6486,-4.15592,-0.129754,-21.8046,13.4927,0,0,0,0,425002,6.38092e+06,0,0,0,0,0,0,0,0,0,0,0,0,0,0,
102.8,3.11244,180004,0.827071,47.3877,2.37527,0.682378,2.38493,2.38025,-0.14848,2.23469,11.8504,15.5345,-0.121992,-1.16426,45.6021,35.701,9988.8,932.425,1237.39,47.2106,-0.00309588,6.38092e+06,-0.0975468,0.967226,0.823226,116092,61661.1,4945.66,0,0,0,0.0399593,2.21247,3,-2.78753,-2,2.80987,0,0,0,0,0,0,0,0,0,0,-0.00100325,0.000301963,-0.000648807,28.9411,-29.7276,22.985,0,0,0,0,0,0,0,0,0,0,0,0,0,20,-6.51807,-11.6134,0,0.963438,54.9838,17.4344,-3.3167,-10.2388,14.1177,-20.7511,0,0,0,0,425002,6.38092e+06,0,0,0,0,0,0,0,0,0,0,0,0,0,0,
103,3.11243,180004,0.824555,47.2435,2.35563,8.4532,2.36273,2.34392,0.296705,0.55158,12.1687,66.6807,-0.102578,0.000742009,45.6036,35.7022,9988.79,932.424,1237.32,47.1928,-0.00690724,6.38092e+06,-0.0927216,0.88668,0.823442,116053,61621.8,4942.68,0,0,0,0.0400221,2.2903,3,-2.7097,-2,2.81147,0,0,0,0,0,0,0,0,0,0,-0.00101389,0.000302936,-0.000669331,29.0063,-29.8429,23.0922,0,0,0,0,0,0,0,0,0,0,0,0,0,20,-8.19287,-0.606714,0,0.976406,55.8443,15.9071,-4.09294,-2.52009,11.8141,-20,0,0,0,0,425002,6.38092e+06,0,0,0,0,0,0,0,0,0,0,0,0,0,0,
103.2,3.11244,180006,0.826801,47.3722,2.32837,27.1047,2.36462,2.16819,0.944889,-3.38185,11.6009,129.403,0.459873,1.48277,45.6051,35.7033,9988.73,932.425,1237.44,47.2289,-0.0348932,6.38092e+06,0.235455,0.67628,0.824651,116014,61582.5,4929.65,0,0,0,0.0403261,2.48729,3,-2.51271,-2,2.81746,0,0,0,0,0,0,0,0,0,0,-0.00104059,0.00029271,-0.000716793,29.0717,-29.9586,23.1997,0,0,0,0,0,0,0,0,0,0,0,0,0,10.5315,-3.82775,14.2127,0,1.10964,56.3462,17.6342,-2.90496,11.9615,14.7292,-20.5391,0,0,0,0,425002,6.38092e+06,0,0,0,0,0,0,0,0,0,0,0,0,0,0,
103.4,3.11242,180010,0.836392,47.9217,2.10607,52.748,2.30456,1.86047,1.35894,-7.77177,8.54841,90.0118,1.74863,4.95358,45.6066,35.7044,9988.51,932.422,1237.55,47.2652,-0.105701,6.38092e+06,-0.15341,0.354076,0.827817,115974,61543.4,4915.53,0,0,0,0.04086,2.78623,3,-2.21377,-2,2.82761,0,0,0,0,0,0,0,0,0,0,-0.00107569,0.000252348,-0.000770771,29.1374,-30.0744,23.3074,0,0,0,0,0,0,0,0,0,0,0,0,0,-20,4.57172,20,0,1.73578,56.8221,-18.0079,2.52491,19.9559,-15.483,20.5328,0,0,0,0,425002,6.38092e+06,0,0,0,0,0,0,0,0,0,0,0,0,0,0,
103.6,3.11238,180018,0.853269,48.8887,1.20783,64.1583,2.11596,2.03598,0.575672,-8.79759,5.71813,19.7848,1.96638,7.26302,45.6081,35.7056,9988.02,932.417,1237.7,47.3113,-0.204423,6.38092e+06,0.355356,0.517819,0.824954,115935,61504.4,4914.88,0,0,0,0.040555,2.63582,3,-2.36418,-2,2.82266,0,0,0,0,0,0,0,0,0,0,-0.00108679,0.000226391,-0.000790127,29.2034,-30.1903,23.4152,0,0,0,0,0,0,0,0,0,0,0,0,0,-20,-6.52903,20,0,2.62059,57.2686,-18.301,-2.19772,19.9998,-20.4987,16.1033,0,0,0,0,425002,6.38092e+06,0,0,0,0,0,0,0,0,0,0,0,0,0,0,
103.8,3.11229,180032,0.868278,49.7487,0.22729,65.1987,2.40851,2.3657,-0.43923,-8.53361,4.47201,-0.599169,1.7255,3.94571,45.6096,35.7067,9987.1,932.401,1238.06,47.4242,-0.376448,6.38092e+06,1.17587,0.804444,0.821236,115896,61465.3,4927.31,0,0,0,0.0399836,2.37458,3,-2.62542,-2,2.81292,0,0,0,0,0,0,0,0,0,0,-0.00108538,0.000223964,-0.000793978,29.2698,-30.306,23.5232,0,0,0,0,0,0,0,0,0,0,0,0,0,-18.8122,-20,20,0,3,57.2074,-10.3327,-11.6673,20,-22,-1.33456,0,0,0,0,425002,6.38092e+06,0,0,0,0,0,0,0,0,0,0,0,0,0,0,
104,3.11209,180050,0.875565,50.1662,0.144015,64.9376,2.68283,2.6377,-0.479133,-8.21857,4.42791,-15.482,1.69285,-0.935378,45.6112,35.7079,9985.56,932.361,1238.53,47.5799,-0.541353,6.38092e+06,-0.156114,1.16565,0.819014,115857,61426,4944.58,0,0,0,0.0395132,2.03471,3,-2.96529,-2,2.80504,0,0,0,0,0,0,0,0,0,0,-0.00108423,0.000224707,-0.000794679,29.3365,-30.4216,23.6314,0,0,0,0,0,0,0,0,0,0,0,0,0,-13.7291,-20,-9.23041,0,3,56.7706,-8.932,-11.068,-7.1394,-20,-2.136,0,0,0,0,425002,6.38092e+06,0,0,0,0,0,0,0,0,0,0,0,0,0,0,
104.2,3.11187,180075,0.87979,50.4082,0.492751,58.5632,2.91582,2.86788,-0.508513,-7.35989,5.54628,-34.7526,2.18517,-1.24549,45.6127,35.709,9983.75,932.318,1238.9,47.703,-0.56992,6.38091e+06,-0.133749,1.4218,0.817431,115817,61386.5,4961.78,0,0,0,0.039116,1.79707,3,-3.20293,-2,2.79853,0,0,0,0,0,0,0,0,0,0,-0.00107699,0.000240187,-0.000786429,29.4035,-30.537,23.74,0,0,0,0,0,0,0,0,0,0,0,0,0,11.8449,-20,-12.3061,0,2.98087,56.601,5.83041,-15.4897,-11.2045,-9.65928,-21.3201,0,0,0,0,425002,6.38091e+06,0,0,0,0,0,0,0,0,0,0,0,0,0,0,
104.4,3.11157,180091,0.883616,50.6275,0.981202,53.0741,3.18336,3.14794,-0.44629,-6.42722,6.53578,-18.1201,2.31801,-1.40857,45.6142,35.7101,9981.91,932.254,1239.32,47.8508,-0.551421,6.38091e+06,-0.292669,1.84307,0.811731,115778,61346.8,4949.38,0,0,0,0.0386537,1.39638,3,-3.60362,-2,2.79116,0,0,0,0,0,0,0,0,0,0,-0.00107014,0.000252484,-0.000778161,29.4704,-30.6524,23.8492,0,0,0,0,0,0,0,0,0,0,0,0,0,16.2103,-20,-14.3882,0,2.64264,56.2365,8.07416,-11.9258,-14.5737,-3.85167,-20,0,0,0,0,425002,6.38091e+06,0,0,0,0,0,0,0,0,0,0,0,0,0,0,
104.6,3.11123,180099,0.887145,50.8296,1.4638,50.9184,3.434,3.41997,-0.258351,-5.84622,7.06097,-2.86218,2.22674,-1.0163,45.6157,35.7112,9980.21,932.175,1239.81,48.0216,-0.488747,6.38091e+06,-0.28389,2.18328,0.803478,115738,61307.3,4912.97,0,0,0,0.0382231,1.07438,3,-3.92562,-2,2.78461,0,0,0,0,0,0,0,0,0,0,-0.00106713,0.000257066,-0.000774889,29.5373,-30.7678,23.9592,0,0,0,0,0,0,0,0,0,0,0,0,0,12.6661,-20,-10.6149,0,2.50552,55.6957,7.50586,-14.0618,-11.3842,-6.55597,-21.5677,0,0,0,0,425002,6.38091e+06,0,0,0,0,0,0,0,0,0,0,0,0,0,0,
104.8,3.11088,180098,0.891562,51.0827,1.8589,51.2634,3.66398,3.65965,-0.0274176,-5.59981,7.21853,5.96816,2.24346,-0.368164,45.6173,35.7124,9978.75,932.088,1240.39,48.2225,-0.406818,6.38091e+06,-0.18788,2.45714,0.797939,115699,61267.9,4895.28,0,0,0,0.037845,0.816745,3,-4.18326,-2,2.77883,0,0,0,0,0,0,0,0,0,0,-0.00106714,0.000256432,-0.000776003,29.6039,-30.8834,24.0701,0,0,0,0,0,0,0,0,0,0,0,0,0,5.82086,-20,-4.07465,0,2.47468,54.9293,3.80329,-16.9406,-5.03761,-13.1373,-20.7439,0,0,0,0,425002,6.38091e+06,0,0,0,0,0,0,0,0,0,0,0,0,0,0,
105,3.11053,180091,0.897805,51.4404,2.15861,52.7931,3.89261,3.88523,0.167234,-5.50304,7.14332,8.89081,2.41328,0.250599,45.6188,35.7135,9977.57,932.001,1241.09,48.4612,-0.321423,6.38091e+06,-0.0485567,2.77321,0.79416,115659,61228.4,4890.63,0,0,0,0.0374904,0.516041,3,-4.48396,-2,2.77334,0,0,0,0,0,0,0,0,0,0,-0.00106845,0.000253308,-0.000779296,29.6701,-30.999,24.182,0,0,0,0,0,0,0,0,0,0,0,0,0,-1.60032,-12.7926,2.27644,0,2.49289,53.8914,-0.522722,-14.9321,1.5144,-15.4548,-14.4094,0,0,0,0,425002,6.38091e+06,0,0,0,0,0,0,0,0,0,0,0,0,0,0,
105.2,3.11023,180081,0.905181,51.863,2.34681,53.9536,4.05246,4.04202,0.241978,-5.40912,7.00187,1.47124,1.96505,0.711277,45.6203,35.7146,9976.68,931.923,1241.97,48.7541,-0.22499,6.3809e+06,0.106348,3.11313,0.792548,115620,61188.9,4895.94,0,0,0,0.0372443,0.18666,3,-4.81334,-2,2.76963,0,0,0,0,0,0,0,0,0,0,-0.0010691,0.000250906,-0.000782048,29.736,-31.1147,24.2951,0,0,0,0,0,0,0,0,0,0,0,0,0,-4.28091,-9.44219,7.1664,0,2.46366,52.4784,-4.0596,-8.96002,6.88842,-13.0196,-4.90042,0,0,0,0,425002,6.3809e+06,0,0,0,0,0,0,0,0,0,0,0,0,0,0,
105.4,3.10997,180068,0.911722,52.2378,2.44339,53.6712,4.09925,4.09214,0.190485,-5.24362,6.96643,-5.00873,1.61041,0.668428,45.6219,35.7157,9976.1,931.855,1242.93,49.0711,-0.132177,6.3809e+06,0.151649,3.16324,0.792846,115580,61149.3,4904.44,0,0,0,0.0371649,0.140156,3,-4.85984,-2,2.76871,0,0,0,0,0,0,0,0,0,0,-0.00106793,0.00025162,-0.000782408,29.8013,-31.2304,24.4095,0,0,0,0,0,0,0,0,0,0,0,0,0,-4.27583,-9.3037,6.88625,0,2.34103,50.9083,-4.4184,-9.68328,7.11256,-14.1017,-5.26488,0,0,0,0,425002,6.3809e+06,0,0,0,0,0,0,0,0,0,0,0,0,0,0,
105.6,3.10977,180052,0.916966,52.5383,2.53099,52.2902,4.07647,4.07324,0.0934375,-5.01412,7.0602,-8.89456,1.25304,0.400019,45.6235,35.7168,9975.83,931.8,1243.91,49.3899,-0.0316779,6.3809e+06,0.119224,3.17921,0.794227,115541,61109.6,4913.71,0,0,0,0.0371932,0.122861,3,-4.87714,-2,2.76958,0,0,0,0,0,0,0,0,0,0,-0.00106545,0.000254682,-0.000780841,29.8662,-31.3461,24.5253,0,0,0,0,0,0,0,0,0,0,0,0,0,-2.84878,-7.4029,4.2109,0,2.14198,49.3537,-3.09215,-7.56055,4.63436,-10.6527,-4.4684,0,0,0,0,425002,6.3809e+06,0,0,0,0,0,0,0,0,0,0,0,0,0,0,
105.8,3.10964,180035,0.920549,52.7436,2.62727,50.3741,3.98916,3.9876,0.00977552,-4.78211,7.24521,-10.0462,0.905499,0.114531,45.625,35.7179,9975.9,931.758,1244.84,49.6941,0.0797916,6.3809e+06,0.056036,3.08773,0.79674,115501,61069.9,4924.41,0,0,0,0.0373257,0.208459,3,-4.79154,-2,2.7722,0,0,0,0,0,0,0,0,0,0,-0.00106243,0.000258796,-0.000778121,29.9305,-31.4618,24.6424,0,0,0,0,0,0,0,0,0,0,0,0,0,-1.16491,-6.06311,1.28285,0,1.90583,47.918,-1.38199,-6.28185,1.65224,-7.66383,-4.89986,0,0,0,0,425002,6.3809e+06,0,0,0,0,0,0,0,0,0,0,0,0,0,0,
106,3.10957,180015,0.922622,52.8623,2.72418,48.4278,3.85135,3.85039,-0.0330952,-4.59414,7.46694,-9.1234,0.579514,-0.0702134,45.6266,35.719,9976.36,931.733,1245.7,49.9741,0.19747,6.3809e+06,-0.000901257,2.93053,0.800425,115461,61030.2,4938.72,0,0,0,0.0375393,0.356292,3,-4.64371,-2,2.77613,0,0,0,0,0,0,0,0,0,0,-0.00105952,0.000262864,-0.000775065,29.9943,-31.5776,24.7608,0,0,0,0,0,0,0,0,0,0,0,0,0,0.0345145,-4.68721,-0.658285,0,1.66654,46.6591,-0.0905869,-4.85172,-0.467569,-4.9423,-4.76113,0,0,0,0,425002,6.3809e+06,0,0,0,0,0,0,0,0,0,0,0,0,0,0,
106.2,3.10958,179994,0.923537,52.9147,2.80094,46.7722,3.67506,3.67494,-0.034564,-4.48187,7.67941,-7.17865,0.284055,-0.123534,45.6282,35.72,9977.19,931.726,1246.49,50.2261,0.312528,6.3809e+06,-0.0315204,2.7161,0.805362,115421,60990.5,4958.92,0,0,0,0.0378135,0.558885,3,-4.44111,-2,2.78104,0,0,0,0,0,0,0,0,0,0,-0.00105712,0.000266267,-0.000772302,30.0576,-31.6934,24.8805,0,0,0,0,0,0,0,0,0,0,0,0,0,0.519827,-3.64548,-1.26101,0,1.44296,45.5915,0.493276,-3.7811,-1.25126,-3.28782,-4.27437,0,0,0,0,425002,6.3809e+06,0,0,0,0,0,0,0,0,0,0,0,0,0,0,
106.4,3.10967,179972,0.923712,52.9248,2.84118,45.5267,3.47382,3.47486,-0.00853161,-4.45267,7.85549,-5.11092,0.0308598,-0.0746181,45.6298,35.7211,9978.38,931.738,1247.2,50.4505,0.415717,6.3809e+06,-0.0342897,2.46658,0.811526,115382,60950.6,4986.42,0,0,0,0.0381277,0.795029,3,-4.20497,-2,2.78656,0,0,0,0,0,0,0,0,0,0,-0.00105536,0.000268836,-0.000770146,30.1204,-31.8094,25.0014,0,0,0,0,0,0,0,0,0,0,0,0,0,0.40569,-2.79183,-0.802575,0,1.24335,44.7062,0.448255,-2.8989,-0.911935,-2.45064,-3.34715,0,0,0,0,425002,6.3809e+06,0,0,0,0,0,0,0,0,0,0,0,0,0,0,
106.6,3.10984,179951,0.923488,52.912,2.83804,44.6627,3.25982,3.26189,0.028448,-4.49477,7.98638,-3.44282,-0.174669,0.0256636,45.6313,35.7222,9979.87,931.77,1247.85,50.6493,0.500067,6.38091e+06,-0.0181421,2.19806,0.818769,115342,60910.7,5021.39,0,0,0,0.0384637,1.04942,3,-3.95058,-2,2.7924,0,0,0,0,0,0,0,0,0,0,-0.00105418,0.000270676,-0.000768627,30.1829,-31.9255,25.1232,0,0,0,0,0,0,0,0,0,0,0,0,0,-0.039353,-2.11815,0.20215,0,1.07041,43.9857,0.0325636,-2.20382,0.047274,-2.17126,-2.23639,0,0,0,0,425002,6.38091e+06,0,0,0,0,0,0,0,0,0,0,0,0,0,0,
106.8,3.11008,179932,0.923085,52.8889,2.79363,44.0837,3.04372,3.04645,0.0644367,-4.58637,8.07574,-2.30411,-0.330626,0.133785,45.6329,35.7232,9981.61,931.822,1248.44,50.8244,0.561609,6.38091e+06,0.00562499,1.92536,0.826818,115302,60870.6,5062.77,0,0,0,0.0388051,1.30785,3,-3.69215,-2,2.79828,0,0,0,0,0,0,0,0,0,0,-0.00105342,0.000271994,-0.000767612,30.2451,-32.0417,25.246,0,0,0,0,0,0,0,0,0,0,0,0,0,-0.56285,-1.58429,1.30283,0,0.924737,43.4141,-0.491698,-1.65076,1.15464,-2.14245,-1.15906,0,0,0,0,425002,6.38091e+06,0,0,0,0,0,0,0,0,0,0,0,0,0,0,
107,3.11039,179916,0.922615,52.862,2.71532,43.6921,2.8351,2.83812,0.0939636,-4.70515,8.13258,-1.57778,-0.441902,0.225743,45.6345,35.7243,9983.5,931.889,1248.97,50.9768,0.598361,6.38091e+06,0.0286774,1.63648,0.828951,115261,60830.4,5053.19,0,0,0,0.0391582,1.58059,3,-3.41941,-2,2.80484,0,0,0,0,0,0,0,0,0,0,-0.00105293,0.00027298,-0.00076694,30.3072,-32.158,25.3696,0,0,0,0,0,0,0,0,0,0,0,0,0,-1.00624,-1.81248,2.24118,0,0.806908,42.9826,-0.952933,-1.7249,2.12395,-2.67784,-0.77197,0,0,0,0,425002,6.38091e+06,0,0,0,0,0,0,0,0,0,0,0,0,0,0,
107.2,3.11075,179904,0.922164,52.8361,2.6137,43.4258,2.64533,2.64856,0.116536,-4.83127,8.16544,-1.03277,-0.4873,0.295378,45.6361,35.7253,9985.47,931.97,1249.45,51.1063,0.609075,6.38091e+06,0.0471226,1.36427,0.829795,115221,60790.4,5034.9,0,0,0,0.0394864,1.83773,3,-3.16227,-2,2.81105,0,0,0,0,0,0,0,0,0,0,-0.00105262,0.000273747,-0.000766506,30.3691,-32.2745,25.4939,0,0,0,0,0,0,0,0,0,0,0,0,0,-1.3238,-2.07827,2.94796,0,0.719013,42.693,-1.28495,-2.05955,2.86129,-3.3445,-0.774603,0,0,0,0,425002,6.38091e+06,0,0,0,0,0,0,0,0,0,0,0,0,0,0,
107.4,3.11115,179896,0.921809,52.8157,2.49951,43.262,2.48102,2.48426,0.13383,-4.95413,8.17944,-0.556377,-0.497005,0.348032,45.6377,35.7264,9987.44,932.063,1249.87,51.2159,0.596817,6.38091e+06,0.0610087,1.13064,0.830771,115182,60750.6,5021.21,0,0,0,0.0397719,2.05848,3,-2.94152,-2,2.81649,0,0,0,0,0,0,0,0,0,0,-0.00105244,0.000274335,-0.000766277,30.4311,-32.3911,25.6188,0,0,0,0,0,0,0,0,0,0,0,0,0,-1.55886,-2.36872,3.47801,0,0.659307,42.5274,-1.52992,-2.31649,3.41229,-3.84641,-0.786567,0,0,0,0,425002,6.38091e+06,0,0,0,0,0,0,0,0,0,0,0,0,0,0,
107.6,3.11157,179892,0.921591,52.8033,2.37968,43.1899,2.34435,2.34738,0.147314,-5.06894,8.17774,-0.122653,-0.472776,0.388718,45.6393,35.7274,9989.34,932.163,1250.25,51.3086,0.564752,6.38091e+06,0.0716985,0.933758,0.831676,115142,60710.9,5010.67,0,0,0,0.0400108,2.24477,3,-2.75523,-2,2.82109,0,0,0,0,0,0,0,0,0,0,-0.00105237,0.00027476,-0.000766239,30.4932,-32.5078,25.7442,0,0,0,0,0,0,0,0,0,0,0,0,0,-1.73838,-2.72804,3.88475,0,0.625984,42.4683,-1.71564,-2.67847,3.83367,-4.39411,-0.962829,0,0,0,0,425002,6.38091e+06,0,0,0,0,0,0,0,0,0,0,0,0,0,0,
107.8,3.11199,179892,0.921555,52.8012,2.26015,43.2009,2.23667,2.23923,0.15802,-5.17199,8.16257,0.262681,-0.422807,0.421021,45.6409,35.7285,9991.1,932.267,1250.6,51.3874,0.516385,6.38091e+06,0.0800993,0.776995,0.832344,115102,60671.2,5002.01,0,0,0,0.0402004,2.39323,3,-2.60677,-2,2.82482,0,0,0,0,0,0,0,0,0,0,-0.00105239,0.000275037,-0.000766382,30.5554,-32.6245,25.8699,0,0,0,0,0,0,0,0,0,0,0,0,0,-1.88378,-3.11222,4.2061,0,0.616824,42.4971,-1.86505,-3.05548,4.16531,-4.92053,-1.19044,0,0,0,0,425002,6.38091e+06,0,0,0,0,0,0,0,0,0,0,0,0,0,0,
108,3.11241,179896,0.921734,52.8115,2.14524,43.2839,2.15764,2.15947,0.166565,-5.26079,8.13602,0.583133,-0.353061,0.44698,45.6425,35.7295,9992.69,932.369,1250.9,51.4555,0.455246,6.38092e+06,0.0868243,0.659096,0.832661,115063,60631.7,4994.25,0,0,0,0.0403411,2.50506,3,-2.49494,-2,2.82769,0,0,0,0,0,0,0,0,0,0,-0.00105248,0.000275183,-0.000766687,30.6178,-32.7414,25.996,0,0,0,0,0,0,0,0,0,0,0,0,0,-2.00486,-3.52816,4.46392,0,0.629343,42.5951,-1.98916,-3.46903,4.43114,-5.45819,-1.47987,0,0,0,0,425002,6.38092e+06,0,0,0,0,0,0,0,0,0,0,0,0,0,0,
108.2,3.1128,179904,0.922152,52.8354,2.03821,43.4247,2.106,2.10687,0.173339,-5.33334,8.10023,0.827974,-0.26913,0.467765,45.6442,35.7306,9994.06,932.467,1251.18,51.5161,0.384773,6.38092e+06,0.09219,0.57855,0.832572,115023,60592.2,4986.74,0,0,0,0.0404346,2.58164,3,-2.41836,-2,2.82974,0,0,0,0,0,0,0,0,0,0,-0.00105261,0.000275219,-0.000767132,30.6804,-32.8584,26.1224,0,0,0,0,0,0,0,0,0,0,0,0,0,-2.10644,-3.95987,4.67063,0,0.660877,42.7438,-2.09329,-3.89858,4.64444,-5.99186,-1.80529,0,0,0,0,425002,6.38092e+06,0,0,0,0,0,0,0,0,0,0,0,0,0,0,
108.4,3.11316,179914,0.922825,52.874,1.94137,43.6078,2.07967,2.07942,0.178614,-5.38832,8.05741,0.993366,-0.17586,0.484171,45.6458,35.7316,9995.19,932.559,1251.44,51.572,0.308205,6.38092e+06,0.0964045,0.532555,0.832073,114984,60552.7,4979.17,0,0,0,0.0404843,2.6256,3,-2.3744,-2,2.83104,0,0,0,0,0,0,0,0,0,0,-0.00105277,0.000275173,-0.000767685,30.7433,-32.9755,26.2491,0,0,0,0,0,0,0,0,0,0,0,0,0,-2.1913,-4.40068,4.83451,0,0.708648,42.9256,-2.18034,-4.33886,4.81391,-6.51921,-2.15852,0,0,0,0,425002,6.38092e+06,0,0,0,0,0,0,0,0,0,0,0,0,0,0,
108.6,3.11347,179926,0.923761,52.9276,1.85625,43.8174,2.07609,2.07462,0.182594,-5.42499,8.00974,1.08047,-0.0773735,0.496807,45.6474,35.7327,9996.06,932.641,1251.68,51.6258,0.228502,6.38092e+06,0.0996281,0.517817,0.831202,114944,60513.3,4971.51,0,0,0,0.0404946,2.64003,3,-2.35997,-2,2.83167,0,0,0,0,0,0,0,0,0,0,-0.00105293,0.000275069,-0.000768317,30.8066,-33.0926,26.376,0,0,0,0,0,0,0,0,0,0,0,0,0,-2.26169,-4.84007,4.96178,0,0.769831,43.1238,-2.25263,-4.77897,4.94599,-7.03161,-2.52634,0,0,0,0,425002,6.38092e+06,0,0,0,0,0,0,0,0,0,0,0,0,0,0,
108.8,3.11374,179939,0.92496,52.9963,1.78371,44.038,2.09234,2.08963,0.185417,-5.44312,7.95932,1.09282,0.0228493,0.506134,45.649,35.7337,9996.67,932.711,1251.92,51.68,0.148294,6.38092e+06,0.101998,0.53062,0.830026,114905,60474,4963.94,0,0,0,0.0404702,2.62844,3,-2.37156,-2,2.8317,0,0,0,0,0,0,0,0,0,0,-0.00105306,0.000274936,-0.000768998,30.8701,-33.2098,26.5031,0,0,0,0,0,0,0,0,0,0,0,0,0,-2.31939,-5.26899,5.05707,0,0.841598,43.3231,-2.31203,-5.20993,5.04553,-7.52196,-2.89791,0,0,0,0,425002,6.38092e+06,0,0,0,0,0,0,0,0,0,0,0,0,0,0,
109,3.11395,179954,0.926417,53.0798,1.72416,44.255,2.12537,2.12147,0.187167,-5.44296,7.90812,1.03517,0.121923,0.512454,45.6506,35.7347,9997.03,932.77,1252.14,51.7365,0.0698572,6.38092e+06,0.10362,0.567071,0.828631,114866,60434.6,4956.75,0,0,0,0.0404163,2.5945,3,-2.4055,-2,2.83124,0,0,0,0,0,0,0,0,0,0,-0.00105315,0.000274798,-0.000769697,30.9339,-33.3271,26.6304,0,0,0,0,0,0,0,0,0,0,0,0,0,-2.36549,-5.67822,5.12333,0,0.92116,43.5094,-2.35971,-5.62244,5.11574,-7.98216,-3.26273,0,0,0,0,425002,6.38092e+06,0,0,0,0,0,0,0,0,0,0,0,0,0,0,
109.2,3.11411,179969,0.928121,53.1774,1.67756,44.455,2.1721,2.16712,0.187876,-5.42506,7.85794,0.913288,0.217469,0.515919,45.6522,35.7358,9997.13,932.814,1252.37,51.7972,-0.00488912,6.38092e+06,0.104569,0.623228,0.827108,114826,60395.3,4950.29,0,0,0,0.0403382,2.54192,3,-2.45808,-2,2.83036,0,0,0,0,0,0,0,0,0,0,-0.00105318,0.000274681,-0.000770388,30.998,-33.4444,26.758,0,0,0,0,0,0,0,0,0,0,0,0,0,-2.40031,-6.05931,5.16194,0,1.00579,43.6702,-2.39612,-6.00795,5.15819,-8.40407,-3.61183,0,0,0,0,425002,6.38092e+06,0,0,0,0,0,0,0,0,0,0,0,0,0,0,
109.4,3.11421,179984,0.930057,53.2883,1.64363,44.6256,2.22951,2.2236,0.187543,-5.39027,7.81046,0.73409,0.307539,0.516564,45.6539,35.7368,9997,932.845,1252.59,51.8635,-0.0743691,6.38092e+06,0.104889,0.695203,0.825543,114787,60356,4944.88,0,0,0,0.040241,2.47438,3,-2.52562,-2,2.82916,0,0,0,0,0,0,0,0,0,0,-0.00105314,0.000274608,-0.000771045,31.0623,-33.5619,26.8859,0,0,0,0,0,0,0,0,0,0,0,0,0,-2.4235,-6.40455,5.17308,0,1.09285,43.7948,-2.42098,-6.35864,5.17319,-8.77962,-3.93766,0,0,0,0,425002,6.38092e+06,0,0,0,0,0,0,0,0,0,0,0,0,0,0,
109.6,3.11425,179998,0.932202,53.4113,1.62187,44.7561,2.29472,2.28806,0.186158,-5.33966,7.76711,0.505813,0.390546,0.514359,45.6555,35.7379,9996.66,932.863,1252.83,51.9365,-0.13733,6.38092e+06,0.104597,0.779238,0.824016,114748,60316.8,4940.79,0,0,0,0.0401297,2.39541,3,-2.60459,-2,2.82772,0,0,0,0,0,0,0,0,0,0,-0.00105302,0.000274599,-0.000771645,31.1269,-33.6793,27.014,0,0,0,0,0,0,0,0,0,0,0,0,0,-2.43431,-6.70737,5.15621,0,1.17984,43.8745,-2.43357,-6.66776,5.16029,-9.10133,-4.23418,0,0,0,0,425002,6.38092e+06,0,0,0,0,0,0,0,0,0,0,0,0,0,0,
109.8,3.11425,180012,0.934534,53.5448,1.61163,44.8376,2.36504,2.3578,0.183716,-5.27453,7.72915,0.238001,0.465214,0.509272,45.6571,35.7389,9996.12,932.867,1253.07,52.0171,-0.192818,6.38092e+06,0.103701,0.871751,0.822591,114708,60277.5,4938.2,0,0,0,0.0400091,2.30839,3,-2.69161,-2,2.82613,0,0,0,0,0,0,0,0,0,0,-0.00105281,0.000274672,-0.000772169,31.1917,-33.7968,27.1425,0,0,0,0,0,0,0,0,0,0,0,0,0,-2.43188,-6.96246,5.11072,0,1.26442,43.9026,-2.43304,-6.92979,5.11883,-9.36284,-4.49675,0,0,0,0,425002,6.38092e+06,0,0,0,0,0,0,0,0,0,0,0,0,0,0,
110,3.11419,180024,0.937023,53.6875,1.61218,44.8629,2.43795,2.43032,0.180243,-5.19632,7.69755,-0.0586774,0.530539,0.501315,45.6587,35.7399,9995.41,932.859,1253.33,52.1058,-0.240149,6.38091e+06,0.102208,0.969369,0.821316,114669,60238.2,4937.18,0,0,0,0.0398835,2.21652,3,-2.78348,-2,2.82445,0,0,0,0,0,0,0,0,0,0,-0.00105249,0.000274841,-0.0007726,31.2567,-33.9144,27.2714,0,0,0,0,0,0,0,0,0,0,0,0,0,-2.41554,-7.16603,5.03648,0,1.34447,43.8746,-2.41868,-7.14074,5.04859,-9.55942,-4.72206,0,0,0,0,425002,6.38091e+06,0,0,0,0,0,0,0,0,0,0,0,0,0,0,
110.2,3.11409,180036,0.939639,53.8374,1.62266,44.8273,2.51119,2.50332,0.175803,-5.10668,7.67304,-0.372771,0.585773,0.490599,45.6603,35.741,9994.57,932.839,1253.59,52.2026,-0.278888,6.38091e+06,0.100133,1.06896,0.820224,114630,60198.9,4937.72,0,0,0,0.0397569,2.12275,3,-2.87725,-2,2.82276,0,0,0,0,0,0,0,0,0,0,-0.00105208,0.000275116,-0.000772926,31.3219,-34.032,27.4007,0,0,0,0,0,0,0,0,0,0,0,0,0,-2.3851,-7.316,4.93428,0,1.41811,43.7881,-2.3902,-7.29827,4.95022,-9.68848,-4.90807,0,0,0,0,425002,6.38091e+06,0,0,0,0,0,0,0,0,0,0,0,0,0,0,
110.4,3.11394,180046,0.94235,53.9927,1.64216,44.7284,2.58271,2.57476,0.17051,-5.00737,7.65604,-0.692508,0.630421,0.477356,45.662,35.742,9993.61,932.809,1253.88,52.3076,-0.308827,6.38091e+06,0.0975119,1.16764,0.819331,114591,60159.5,4939.68,0,0,0,0.0396329,2.0298,3,-2.9702,-2,2.82111,0,0,0,0,0,0,0,0,0,0,-0.00105156,0.000275502,-0.000773139,31.3871,-34.1496,27.5305,0,0,0,0,0,0,0,0,0,0,0,0,0,-2.34097,-7.41209,4.80621,0,1.48378,43.6429,-2.34794,-7.40186,4.82559,-9.7498,-5.05392,0,0,0,0,425002,6.38091e+06,0,0,0,0,0,0,0,0,0,0,0,0,0,0,
110.6,3.11377,180054,0.945122,54.1515,1.66967,44.5661,2.65072,2.6428,0.164526,-4.90028,7.64667,-1.00634,0.664247,0.461958,45.6636,35.743,9992.57,932.77,1254.17,52.4204,-0.329965,6.38091e+06,0.0944054,1.26282,0.818642,114551,60120.1,4942.86,0,0,0,0.0395146,1.94011,3,-3.05989,-2,2.81956,0,0,0,0,0,0,0,0,0,0,-0.00105095,0.000276,-0.000773234,31.4525,-34.2674,27.6608,0,0,0,0,0,0,0,0,0,0,0,0,0,-2.28434,-7.45586,4.65576,0,1.54029,43.4407,-2.29296,-7.45279,4.678,-9.74575,-5.15982,0,0,0,0,425002,6.38091e+06,0,0,0,0,0,0,0,0,0,0,0,0,0,0,
110.8,3.11357,180060,0.947924,54.312,1.70412,44.3425,2.71369,2.7059,0.158055,-4.78739,7.64478,-1.30352,0.687278,0.444903,45.6652,35.744,9991.47,932.724,1254.48,52.5403,-0.342499,6.38091e+06,0.0908999,1.35222,0.81815,114512,60080.7,4947.02,0,0,0,0.0394047,1.85584,3,-3.14416,-2,2.81817,0,0,0,0,0,0,0,0,0,0,-0.00105026,0.000276605,-0.000773211,31.5179,-34.3851,27.7916,0,0,0,0,0,0,0,0,0,0,0,0,0,-2.21712,-7.45056,4.48777,0,1.5868,43.1851,-2.22708,-7.4541,4.51213,-9.68118,-5.22702,0,0,0,0,425002,6.38091e+06,0,0,0,0,0,0,0,0,0,0,0,0,0,0,
111,3.11334,180065,0.950723,54.4724,1.74434,44.0617,2.77037,2.76278,0.151333,-4.6707,7.64993,-1.57466,0.699806,0.426795,45.6669,35.745,9990.35,932.672,1254.8,52.6667,-0.346799,6.38091e+06,0.0871069,1.43391,0.817839,114472,60041.2,4951.87,0,0,0,0.0393055,1.77881,3,-3.22119,-2,2.81696,0,0,0,0,0,0,0,0,0,0,-0.00104948,0.00027731,-0.000773075,31.5834,-34.5029,27.923,0,0,0,0,0,0,0,0,0,0,0,0,0,-2.14188,-7.40099,4.30822,0,1.62286,42.8811,-2.15278,-7.41039,4.33381,-9.56318,-5.25761,0,0,0,0,425002,6.38091e+06,0,0,0,0,0,0,0,0,0,0,0,0,0,0,
111.2,3.1131,180069,0.953492,54.6311,1.78911,43.7297,2.81979,2.81245,0.144608,-4.5522,7.66149,-1.81217,0.702381,0.408304,45.6685,35.7461,9989.22,932.615,1255.13,52.7986,-0.343403,6.38091e+06,0.0831568,1.50631,0.817689,114433,60001.7,4957.1,0,0,0,0.0392187,1.7105,3,-3.2895,-2,2.81596,0,0,0,0,0,0,0,0,0,0,-0.00104863,0.000278103,-0.000772831,31.6488,-34.6208,28.055,0,0,0,0,0,0,0,0,0,0,0,0,0,-2.06165,-7.31309,4.1238,0,1.64839,42.5348,-2.07306,-7.32746,4.14966,-9.40052,-5.2544,0,0,0,0,425002,6.38091e+06,0,0,0,0,0,0,0,0,0,0,0,0,0,0,
111.4,3.11286,180070,0.956206,54.7866,1.83715,43.3537,2.86125,2.8542,0.138122,-4.43377,7.67864,-2.0106,0.695788,0.390112,45.6702,35.7471,9988.12,932.556,1255.47,52.935,-0.332989,6.3809e+06,0.0791907,1.56824,0.817677,114393,59962.1,4962.43,0,0,0,0.0391455,1.65203,3,-3.34797,-2,2.81521,0,0,0,0,0,0,0,0,0,0,-0.00104773,0.00027897,-0.000772492,31.7142,-34.7387,28.1876,0,0,0,0,0,0,0,0,0,0,0,0,0,-1.97971,-7.19357,3.94144,0,1.66365,42.1531,-1.99116,-7.21195,3.96659,-9.20311,-5.22079,0,0,0,0,425002,6.3809e+06,0,0,0,0,0,0,0,0,0,0,0,0,0,0,
111.6,3.11261,180070,0.958845,54.9378,1.88718,42.9418,2.89434,2.88761,0.132095,-4.31718,7.70042,-2.16681,0.68101,0.372864,45.6718,35.7481,9987.06,932.495,1255.82,53.0748,-0.316359,6.3809e+06,0.0753495,1.61893,0.817779,114354,59922.5,4967.6,0,0,0,0.0390866,1.60414,3,-3.39586,-2,2.8147,0,0,0,0,0,0,0,0,0,0,-0.00104678,0.000279896,-0.000772068,31.7796,-34.8567,28.3209,0,0,0,0,0,0,0,0,0,0,0,0,0,-1.8993,-7.04951,3.76771,0,1.6692,41.7434,-1.91035,-7.07089,3.79128,-8.98124,-5.16055,0,0,0,0,425002,6.3809e+06,0,0,0,0,0,0,0,0,0,0,0,0,0,0,
111.8,3.11236,180069,0.961391,55.0837,1.93793,42.5024,2.91894,2.91255,0.126706,-4.20399,7.72583,-2.27989,0.659184,0.357118,45.6734,35.7491,9986.07,932.434,1256.18,53.2169,-0.29441,6.3809e+06,0.0717635,1.65799,0.817972,114314,59882.9,4972.42,0,0,0,0.0390423,1.5672,3,-3.4328,-2,2.81445,0,0,0,0,0,0,0,0,0,0,-0.0010458,0.000280864,-0.000771574,31.8449,-34.9748,28.4549,0,0,0,0,0,0,0,0,0,0,0,0,0,-1.82336,-6.88789,3.60837,0,1.66582,41.3132,-1.83363,-6.91133,3.62963,-8.74495,-5.0777,0,0,0,0,425002,6.3809e+06,0,0,0,0,0,0,0,0,0,0,0,0,0,0,
112,3.11212,180066,0.963835,55.2237,1.98818,42.0442,2.93517,2.92911,0.122086,-4.09555,7.75383,-2.35097,0.631545,0.34331,45.6751,35.7501,9985.15,932.375,1256.54,53.3604,-0.268106,6.3809e+06,0.0685424,1.68542,0.818236,114274,59843.2,4976.73,0,0,0,0.0390124,1.5412,3,-3.4588,-2,2.81444,0,0,0,0,0,0,0,0,0,0,-0.00104481,0.00028186,-0.000771024,31.9101,-35.0929,28.5897,0,0,0,0,0,0,0,0,0,0,0,0,0,-1.75436,-6.71531,3.46796,0,1.65448,40.8696,-1.76353,-6.73991,3.48635,-8.50343,-4.97638,0,0,0,0,425002,6.3809e+06,0,0,0,0,0,0,0,0,0,0,0,0,0,0,
112.2,3.11189,180063,0.966169,55.3574,2.03683,41.5753,2.94336,2.93764,0.11831,-3.99291,7.78344,-2.38285,0.59937,0.33173,45.6767,35.7511,9984.33,932.317,1256.9,53.5042,-0.238446,6.3809e+06,0.0657688,1.70156,0.818553,114235,59803.5,4980.42,0,0,0,0.0389964,1.52584,3,-3.47416,-2,2.81468,0,0,0,0,0,0,0,0,0,0,-0.00104382,0.000282869,-0.000770435,31.9752,-35.2111,28.7251,0,0,0,0,0,0,0,0,0,0,0,0,0,-1.69409,-6.53768,3.34956,0,1.63624,40.4194,-1.70195,-6.56265,3.36473,-8.2646,-4.8607,0,0,0,0,425002,6.3809e+06,0,0,0,0,0,0,0,0,0,0,0,0,0,0,
112.4,3.11168,180058,0.968391,55.4847,2.08289,41.103,2.94405,2.93868,0.115402,-3.89688,7.81373,-2.37957,0.563927,0.322518,45.6784,35.7521,9983.61,932.264,1257.26,53.6474,-0.20643,6.3809e+06,0.063494,1.70703,0.81891,114195,59763.8,4983.44,0,0,0,0.0389934,1.52053,3,-3.47947,-2,2.81514,0,0,0,0,0,0,0,0,0,0,-0.00104283,0.000283877,-0.000769819,32.0402,-35.3294,28.8613,0,0,0,0,0,0,0,0,0,0,0,0,0,-1.64364,-6.36007,3.25472,0,1.61226,39.969,-1.65009,-6.38477,3.26656,-8.03486,-4.73468,0,0,0,0,425002,6.3809e+06,0,0,0,0,0,0,0,0,0,0,0,0,0,0,
112.6,3.11148,180053,0.970502,55.6057,2.12554,40.6342,2.93793,2.9329,0.113339,-3.80798,7.84388,-2.34593,0.526425,0.315674,45.6801,35.7531,9982.99,932.214,1257.61,53.7893,-0.173033,6.3809e+06,0.0617377,1.70272,0.819294,114155,59724.1,4985.8,0,0,0,0.0390021,1.52444,3,-3.47556,-2,2.81581,0,0,0,0,0,0,0,0,0,0,-0.00104185,0.000284875,-0.000769191,32.1051,-35.4478,28.9981,0,0,0,0,0,0,0,0,0,0,0,0,0,-1.60344,-6.18668,3.18356,0,1.58365,39.5237,-1.60845,-6.21057,3.19212,-7.81902,-4.60212,0,0,0,0,425002,6.3809e+06,0,0,0,0,0,0,0,0,0,0,0,0,0,0,
112.8,3.11131,180047,0.972506,55.7205,2.16412,40.1742,2.92579,2.9211,0.112059,-3.72645,7.87319,-2.28709,0.487978,0.311081,45.6817,35.7541,9982.48,932.17,1257.97,53.9291,-0.139174,6.3809e+06,0.0604912,1.68969,0.819697,114115,59684.4,4987.51,0,0,0,0.0390213,1.53657,3,-3.46343,-2,2.81665,0,0,0,0,0,0,0,0,0,0,-0.00104091,0.000285852,-0.000768563,32.1699,-35.5663,29.1358,0,0,0,0,0,0,0,0,0,0,0,0,0,-1.57329,-6.02078,3.13497,0,1.55155,39.0882,-1.57692,-6.04345,3.14048,-7.62037,-4.46653,0,0,0,0,425002,6.3809e+06,0,0,0,0,0,0,0,0,0,0,0,0,0,0,
113,3.11116,180041,0.974408,55.8295,2.19817,39.7278,2.90851,2.90415,0.111475,-3.65234,7.90108,-2.20817,0.449578,0.308533,45.6834,35.7551,9982.08,932.131,1258.32,54.0664,-0.105693,6.3809e+06,0.0597223,1.66913,0.82011,114076,59644.6,4988.63,0,0,0,0.0390495,1.55581,3,-3.44419,-2,2.81764,0,0,0,0,0,0,0,0,0,0,-0.00103999,0.000286803,-0.000767944,32.2345,-35.6849,29.2741,0,0,0,0,0,0,0,0,0,0,0,0,0,-1.55252,-5.86483,3.10695,0,1.51699,38.6662,-1.5549,-5.88599,3.10973,-7.44089,-4.33109,0,0,0,0,425002,6.3809e+06,0,0,0,0,0,0,0,0,0,0,0,0,0,0,
113.2,3.11103,180034,0.976217,55.9331,2.22738,39.2984,2.88698,2.88295,0.111485,-3.58545,7.9271,-2.11406,0.412077,0.307764,45.6851,35.756,9981.79,932.097,1258.67,54.2006,-0.0733374,6.3809e+06,0.0593815,1.64229,0.820526,114036,59604.9,4989.22,0,0,0,0.0390851,1.58099,3,-3.41901,-2,2.81876,0,0,0,0,0,0,0,0,0,0,-0.00103911,0.000287721,-0.000767344,32.2991,-35.8036,29.4131,0,0,0,0,0,0,0,0,0,0,0,0,0,-1.54015,-5.72056,3.09687,0,1.48095,38.2609,-1.54142,-5.74001,3.09731,-7.28142,-4.19859,0,0,0,0,425002,6.3809e+06,0,0,0,0,0,0,0,0,0,0,0,0,0,0,
113.4,3.11093,180028,0.977941,56.0319,2.25165,38.8888,2.86213,2.8584,0.11198,-3.52545,7.95091,-2.00916,0.376179,0.308481,45.6867,35.757,9981.61,932.07,1259.01,54.3315,-0.0427457,6.38089e+06,0.059409,1.61044,0.820942,113996,59565.2,4989.36,0,0,0,0.0391266,1.6109,3,-3.3891,-2,2.81998,0,0,0,0,0,0,0,0,0,0,-0.00103826,0.000288604,-0.000766769,32.3636,-35.9225,29.5528,0,0,0,0,0,0,0,0,0,0,0,0,0,-1.53497,-5.58909,3.10179,0,1.44431,37.8745,-1.53531,-5.60669,3.10031,-7.142,-4.07138,0,0,0,0,425002,6.38089e+06,0,0,0,0,0,0,0,0,0,0,0,0,0,0,
113.6,3.11086,180021,0.979589,56.1263,2.27097,38.5007,2.83482,2.83139,0.112853,-3.47187,7.97227,-1.89738,0.342443,0.310384,45.6884,35.758,9981.51,932.048,1259.35,54.4588,-0.0144442,6.38089e+06,0.0597401,1.57483,0.82135,113956,59525.4,4989.13,0,0,0,0.0391726,1.64438,3,-3.35562,-2,2.82127,0,0,0,0,0,0,0,0,0,0,-0.00103746,0.00028945,-0.000766225,32.428,-36.0414,29.6932,0,0,0,0,0,0,0,0,0,0,0,0,0,-1.53574,-5.47102,3.11872,0,1.40785,37.5085,-1.53532,-5.48673,3.11573,-7.02205,-3.9514,0,0,0,0,425002,6.38089e+06,0,0,0,0,0,0,0,0,0,0,0,0,0,0,
113.8,3.1108,180015,0.981171,56.217,2.28551,38.1352,2.8059,2.80274,0.114004,-3.42417,7.99105,-1.78205,0.311292,0.313189,45.6901,35.759,9981.51,932.033,1259.68,54.5825,0.0111559,6.38089e+06,0.0603101,1.53663,0.821746,113917,59485.7,4988.59,0,0,0,0.0392215,1.68032,3,-3.31968,-2,2.82261,0,0,0,0,0,0,0,0,0,0,-0.00103669,0.000290257,-0.000765716,32.4923,-36.1604,29.8343,0,0,0,0,0,0,0,0,0,0,0,0,0,-1.5412,-5.36657,3.14477,0,1.37223,37.1638,-1.5402,-5.38037,3.14067,-6.92057,-3.84017,0,0,0,0,425002,6.38089e+06,0,0,0,0,0,0,0,0,0,0,0,0,0,0,
114,3.11077,180010,0.982696,56.3044,2.2955,37.7927,2.77612,2.77322,0.115343,-3.38171,8.00718,-1.66599,0.283017,0.316633,45.6918,35.7599,9981.59,932.022,1260.01,54.7024,0.0337551,6.38089e+06,0.0610581,1.49694,0.822125,113877,59446,4987.79,0,0,0,0.039272,1.71768,3,-3.28232,-2,2.82396,0,0,0,0,0,0,0,0,0,0,-0.00103596,0.000291025,-0.000765244,32.5566,-36.2796,29.976,0,0,0,0,0,0,0,0,0,0,0,0,0,-1.55022,-5.27566,3.17733,0,1.33803,36.8409,-1.54878,-5.28758,3.17247,-6.83636,-3.7388,0,0,0,0,425002,6.38089e+06,0,0,0,0,0,0,0,0,0,0,0,0,0,0,
114.2,3.11076,180005,0.984173,56.389,2.30129,37.4733,2.74619,2.74351,0.116793,-3.34387,8.02066,-1.55154,0.257801,0.320489,45.6934,35.7609,9981.73,932.017,1260.32,54.8187,0.0531595,6.38089e+06,0.0619288,1.45674,0.822482,113837,59406.4,4986.8,0,0,0,0.039323,1.75554,3,-3.24446,-2,2.82533,0,0,0,0,0,0,0,0,0,0,-0.00103527,0.000291755,-0.000764811,32.6208,-36.3989,30.1184,0,0,0,0,0,0,0,0,0,0,0,0,0,-1.56174,-5.19796,3.21409,0,1.3057,36.5396,-1.56001,-5.20806,3.20877,-6.76807,-3.64804,0,0,0,0,425002,6.38089e+06,0,0,0,0,0,0,0,0,0,0,0,0,0,0,
114.4,3.11076,180000,0.98561,56.4713,2.30326,37.1763,2.71671,2.71423,0.118289,-3.31,8.03157,-1.44059,0.235725,0.324559,45.6951,35.7619,9981.93,932.017,1260.64,54.9314,0.0692723,6.38089e+06,0.0628741,1.41689,0.822813,113798,59366.7,4985.66,0,0,0,0.0393734,1.79309,3,-3.20691,-2,2.82667,0,0,0,0,0,0,0,0,0,0,-0.00103462,0.000292449,-0.000764417,32.685,-36.5184,30.2614,0,0,0,0,0,0,0,0,0,0,0,0,0,-1.57489,-5.13299,3.2531,0,1.27561,36.2595,-1.57298,-5.14134,3.24757,-6.71432,-3.56836,0,0,0,0,425002,6.38089e+06,0,0,0,0,0,0,0,0,0,0,0,0,0,0,
114.6,3.11079,179996,0.987015,56.5518,2.30184,36.9011,2.68819,2.68588,0.119777,-3.27945,8.03998,-1.33464,0.21679,0.328685,45.6968,35.7628,9982.18,932.02,1260.94,55.0407,0.0820837,6.38089e+06,0.0638532,1.37815,0.823112,113758,59327.1,4984.39,0,0,0,0.0394223,1.82961,3,-3.17039,-2,2.82799,0,0,0,0,0,0,0,0,0,0,-0.00103401,0.000293109,-0.000764063,32.7491,-36.6379,30.405,0,0,0,0,0,0,0,0,0,0,0,0,0,-1.58893,-5.08014,3.29274,0,1.24806,35.9997,-1.58693,-5.08683,3.2872,-6.67376,-3.4999,0,0,0,0,425002,6.38089e+06,0,0,0,0,0,0,0,0,0,0,0,0,0,0,
114.8,3.11082,179992,0.988396,56.6309,2.29748,36.6464,2.66107,2.6589,0.121218,-3.25161,8.04604,-1.2349,0.20093,0.332735,45.6985,35.7638,9982.46,932.028,1261.24,55.1468,0.0916592,6.38089e+06,0.0648325,1.34114,0.823378,113718,59287.4,4983.03,0,0,0,0.039469,1.86452,3,-3.13548,-2,2.82927,0,0,0,0,0,0,0,0,0,0,-0.00103342,0.000293736,-0.000763746,32.8133,-36.7576,30.5491,0,0,0,0,0,0,0,0,0,0,0,0,0,-1.60323,-5.03869,3.3317,0,1.22323,35.7591,-1.60123,-5.04383,3.32633,-6.64506,-3.4426,0,0,0,0,425002,6.38089e+06,0,0,0,0,0,0,0,0,0,0,0,0,0,0,
115,3.11087,179989,0.989757,56.7089,2.29066,36.411,2.63569,2.63363,0.122576,-3.22591,8.0499,-1.14225,0.188026,0.336608,45.7002,35.7648,9982.77,932.038,1261.54,55.2498,0.0981288,6.38089e+06,0.065785,1.30635,0.823607,113679,59247.8,4981.59,0,0,0,0.0395128,1.89734,3,-3.10266,-2,2.83049,0,0,0,0,0,0,0,0,0,0,-0.00103286,0.000294332,-0.000763466,32.8774,-36.8775,30.6939,0,0,0,0,0,0,0,0,0,0,0,0,0,-1.61731,-5.00786,3.36899,0,1.20124,35.5365,-1.61537,-5.01156,3.3639,-6.62694,-3.39619,0,0,0,0,425002,6.38089e+06,0,0,0,0,0,0,0,0,0,0,0,0,0,0,
115.2,3.11093,179987,0.991106,56.7862,2.28182,36.1934,2.61232,2.61034,0.12383,-3.2018,8.05172,-1.05736,0.177915,0.340227,45.7019,35.7657,9983.1,932.052,1261.82,55.35,0.101675,6.38089e+06,0.0666897,1.27418,0.823796,113639,59208.2,4980.09,0,0,0,0.0395533,1.92772,3,-3.07228,-2,2.83166,0,0,0,0,0,0,0,0,0,0,-0.00103233,0.000294901,-0.000763219,32.9416,-36.9974,30.8392,0,0,0,0,0,0,0,0,0,0,0,0,0,-1.6308,-4.98682,3.40382,0,1.18216,35.3304,-1.62896,-4.98921,3.39911,-6.61817,-3.36025,0,0,0,0,425002,6.38089e+06,0,0,0,0,0,0,0,0,0,0,0,0,0,0,
115.4,3.111,179986,0.992447,56.863,2.2714,35.9921,2.59115,2.58921,0.12496,-3.17879,8.05169,-0.980659,0.170405,0.343536,45.7036,35.7667,9983.43,932.067,1262.1,55.4477,0.102521,6.38089e+06,0.0675307,1.2449,0.823945,113600,59168.6,4978.55,0,0,0,0.0395901,1.95537,3,-3.04463,-2,2.83276,0,0,0,0,0,0,0,0,0,0,-0.00103183,0.000295445,-0.000763005,33.0057,-37.1175,30.985,0,0,0,0,0,0,0,0,0,0,0,0,0,-1.6434,-4.9747,3.43563,0,1.16597,35.1392,-1.6417,-4.97589,3.43137,-6.61759,-3.33419,0,0,0,0,425002,6.38089e+06,0,0,0,0,0,0,0,0,0,0,0,0,0,0,
115.6,3.11107,179985,0.993784,56.9396,2.25983,35.8052,2.5723,2.57038,0.125956,-3.15644,8.04999,-0.91242,0.165282,0.346492,45.7053,35.7676,9983.76,932.083,1262.38,55.5431,0.100924,6.38089e+06,0.0682964,1.21872,0.824053,113560,59129.1,4976.98,0,0,0,0.0396229,1.98011,3,-3.01989,-2,2.83379,0,0,0,0,0,0,0,0,0,0,-0.00103134,0.000295966,-0.000762819,33.0699,-37.2378,31.1314,0,0,0,0,0,0,0,0,0,0,0,0,0,-1.65489,-4.97059,3.46402,0,1.15263,34.9614,-1.65336,-4.97072,3.46026,-6.62408,-3.31736,0,0,0,0,425002,6.38089e+06,0,0,0,0,0,0,0,0,0,0,0,0,0,0,
115.8,3.11114,179984,0.995121,57.0163,2.2475,35.6313,2.55583,2.5539,0.12681,-3.13436,8.04682,-0.852743,0.162316,0.349071,45.707,35.7686,9984.09,932.101,1262.65,55.6365,0.0971597,6.38089e+06,0.0689786,1.19573,0.824122,113521,59089.5,4975.4,0,0,0,0.0396518,2.00185,3,-2.99815,-2,2.83475,0,0,0,0,0,0,0,0,0,0,-0.00103087,0.000296466,-0.00076266,33.1342,-37.3582,31.2783,0,0,0,0,0,0,0,0,0,0,0,0,0,-1.66513,-4.97357,3.48873,0,1.14203,34.7952,-1.66378,-4.97276,3.4855,-6.63654,-3.30899,0,0,0,0,425002,6.38089e+06,0,0,0,0,0,0,0,0,0,0,0,0,0,0,
116,3.11121,179984,0.996462,57.0931,2.23478,35.4685,2.54174,2.53978,0.127517,-3.1122,8.04235,-0.801594,0.161269,0.351256,45.7087,35.7695,9984.4,932.118,1262.92,55.7281,0.0915198,6.38089e+06,0.0695722,1.17597,0.824152,113481,59050,4973.81,0,0,0,0.0396766,2.02055,3,-2.97945,-2,2.83564,0,0,0,0,0,0,0,0,0,0,-0.00103042,0.00029695,-0.000762523,33.1985,-37.4787,31.4258,0,0,0,0,0,0,0,0,0,0,0,0,0,-1.67399,-4.98271,3.5096,0,1.13404,34.639,-1.67284,-4.98109,3.50691,-6.65393,-3.30826,0,0,0,0,425002,6.38089e+06,0,0,0,0,0,0,0,0,0,0,0,0,0,0,
116.2,3.11128,179985,0.997809,57.1702,2.22199,35.3152,2.53001,2.528,0.128077,-3.08965,8.03677,-0.758819,0.1619,0.35304,45.7104,35.7704,9984.68,932.136,1263.18,55.8182,0.084301,6.38089e+06,0.0700742,1.15941,0.824147,113441,59010.4,4972.24,0,0,0,0.0396973,2.03624,3,-2.96376,-2,2.83647,0,0,0,0,0,0,0,0,0,0,-0.00102998,0.000297418,-0.000762406,33.2628,-37.5993,31.5737,0,0,0,0,0,0,0,0,0,0,0,0,0,-1.68142,-4.99705,3.52655,0,1.12848,34.4913,-1.68047,-4.99477,3.52441,-6.67524,-3.3143,0,0,0,0,425002,6.38089e+06,0,0,0,0,0,0,0,0,0,0,0,0,0,0,
116.4,3.11135,179985,0.999163,57.2478,2.20942,35.1697,2.52056,2.51847,0.128491,-3.06647,8.03025,-0.724162,0.163968,0.354421,45.7121,35.7714,9984.94,932.153,1263.43,55.907,0.0757994,6.38089e+06,0.0704837,1.14595,0.824108,113402,58970.9,4970.69,0,0,0,0.0397142,2.04901,3,-2.95099,-2,2.83722,0,0,0,0,0,0,0,0,0,0,-0.00102955,0.000297873,-0.000762305,33.3272,-37.7201,31.7221,0,0,0,0,0,0,0,0,0,0,0,0,0,-1.68737,-5.01568,3.53957,0,1.12516,34.3503,-1.68662,-5.01285,3.53799,-6.69947,-3.32622,0,0,0,0,425002,6.38089e+06,0,0,0,0,0,0,0,0,0,0,0,0,0,0,
116.6,3.11142,179987,1.00053,57.326,2.19733,35.0304,2.51326,2.51109,0.12876,-3.04244,8.02297,-0.697275,0.167237,0.355404,45.7138,35.7723,9985.18,932.17,1263.68,55.9947,0.0663051,6.38089e+06,0.0708009,1.13547,0.82404,113362,58931.4,4969.18,0,0,0,0.0397273,2.05897,3,-2.94103,-2,2.83792,0,0,0,0,0,0,0,0,0,0,-0.00102912,0.000298319,-0.000762218,33.3917,-37.8411,31.871,0,0,0,0,0,0,0,0,0,0,0,0,0,-1.69182,-5.03766,3.5487,0,1.12387,34.2146,-1.69128,-5.03441,3.54766,-6.7257,-3.34313,0,0,0,0,425002,6.38089e+06,0,0,0,0,0,0,0,0,0,0,0,0,0,0,
116.8,3.11148,179988,1.0019,57.4047,2.18595,34.8958,2.508,2.50572,0.12889,-3.01741,8.01509,-0.677731,0.171475,0.355998,45.7155,35.7733,9985.38,932.185,1263.93,56.0816,0.0560972,6.38089e+06,0.0710275,1.12779,0.823946,113323,58891.9,4967.72,0,0,0,0.0397369,2.06629,3,-2.93371,-2,2.83855,0,0,0,0,0,0,0,0,0,0,-0.0010287,0.000298756,-0.000762141,33.4562,-37.9621,32.0205,0,0,0,0,0,0,0,0,0,0,0,0,0,-1.69476,-5.0621,3.55402,0,1.12438,34.0828,-1.69444,-5.05857,3.55351,-6.75301,-3.36412,0,0,0,0,425002,6.38089e+06,0,0,0,0,0,0,0,0,0,0,0,0,0,0,
117,3.11153,179990,1.00329,57.4841,2.17546,34.7645,2.50459,2.50222,0.128885,-2.99125,8.00674,-0.665036,0.176462,0.356214,45.7172,35.7742,9985.54,932.199,1264.17,56.1678,0.04544,6.38089e+06,0.0711658,1.12271,0.823831,113283,58852.4,4966.32,0,0,0,0.0397433,2.07116,3,-2.92884,-2,2.83913,0,0,0,0,0,0,0,0,0,0,-0.00102828,0.000299187,-0.000762071,33.5208,-38.0834,32.1704,0,0,0,0,0,0,0,0,0,0,0,0,0,-1.69623,-5.08815,3.55565,0,1.12646,33.9535,-1.69611,-5.08444,3.55564,-6.78055,-3.38832,0,0,0,0,425002,6.38089e+06,0,0,0,0,0,0,0,0,0,0,0,0,0,0,
117.2,3.11158,179992,1.00468,57.5641,2.16599,34.6352,2.50288,2.50039,0.128751,-2.96386,7.99808,-0.658639,0.181987,0.356067,45.7189,35.7751,9985.67,932.212,1264.42,56.2535,0.0345797,6.38089e+06,0.0712192,1.12,0.823699,113244,58812.9,4965.01,0,0,0,0.0397467,2.07379,3,-2.92621,-2,2.83966,0,0,0,0,0,0,0,0,0,0,-0.00102786,0.000299614,-0.000762005,33.5854,-38.2047,32.3208,0,0,0,0,0,0,0,0,0,0,0,0,0,-1.69624,-5.11498,3.55371,0,1.12985,33.8255,-1.69632,-5.1112,3.55419,-6.80752,-3.41488,0,0,0,0,425002,6.38089e+06,0,0,0,0,0,0,0,0,0,0,0,0,0,0,
117.4,3.11162,179994,1.00609,57.6447,2.15768,34.5067,2.50268,2.50007,0.128494,-2.9352,7.98922,-0.657943,0.187852,0.355574,45.7206,35.7761,9985.77,932.222,1264.65,56.3389,0.023742,6.38089e+06,0.0711915,1.11942,0.823553,113204,58773.5,4963.79,0,0,0,0.0397475,2.07441,3,-2.92559,-2,2.84015,0,0,0,0,0,0,0,0,0,0,-0.00102744,0.000300039,-0.000761941,33.6502,-38.3262,32.4717,0,0,0,0,0,0,0,0,0,0,0,0,0,-1.69483,-5.14182,3.54837,0,1.13433,33.6977,-1.69511,-5.13809,3.54932,-6.8332,-3.44298,0,0,0,0,425002,6.38089e+06,0,0,0,0,0,0,0,0,0,0,0,0,0,0,
117.6,3.11166,179996,1.00751,57.7259,2.1506,34.3779,2.50378,2.50107,0.128124,-2.90524,7.98027,-0.662313,0.193871,0.354755,45.7223,35.777,9985.83,932.231,1264.89,56.424,0.0131304,6.38089e+06,0.0710872,1.12072,0.8234,113165,58734,4962.66,0,0,0,0.039746,2.07326,3,-2.92674,-2,2.8406,0,0,0,0,0,0,0,0,0,0,-0.00102701,0.000300462,-0.000761876,33.715,-38.4478,32.623,0,0,0,0,0,0,0,0,0,0,0,0,0,-1.69205,-5.16799,3.53983,0,1.13965,33.5691,-1.69252,-5.16439,3.54121,-6.85691,-3.47187,0,0,0,0,425002,6.38089e+06,0,0,0,0,0,0,0,0,0,0,0,0,0,0,
117.8,3.11168,179998,1.00893,57.8076,2.14481,34.2477,2.506,2.50318,0.127647,-2.874,7.97133,-0.671091,0.199877,0.353631,45.724,35.7779,9985.86,932.238,1265.12,56.509,0.0029246,6.38089e+06,0.0709112,1.12364,0.823242,113126,58694.5,4961.65,0,0,0,0.0397425,2.07058,3,-2.92942,-2,2.84102,0,0,0,0,0,0,0,0,0,0,-0.00102659,0.000300886,-0.000761808,33.7798,-38.5696,32.7749,0,0,0,0,0,0,0,0,0,0,0,0,0,-1.68796,-5.19284,3.52828,0,1.14559,33.439,-1.68861,-5.18946,3.53007,-6.87807,-3.50085,0,0,0,0,425002,6.38089e+06,0,0,0,0,0,0,0,0,0,0,0,0,0,0,
118,3.1117,180000,1.01037,57.8899,2.14032,34.1155,2.50914,2.50621,0.127074,-2.84151,7.9625,-0.683599,0.205716,0.352227,45.7258,35.7788,9985.85,932.243,1265.35,56.594,-0.00672016,6.38089e+06,0.0706689,1.1279,0.823083,113086,58655.1,4960.74,0,0,0,0.0397374,2.06663,3,-2.93337,-2,2.84141,0,0,0,0,0,0,0,0,0,0,-0.00102615,0.000301312,-0.000761736,33.8448,-38.6916,32.9272,0,0,0,0,0,0,0,0,0,0,0,0,0,-1.68264,-5.21582,3.51396,0,1.15192,33.3065,-1.68346,-5.21274,3.51613,-6.89619,-3.52928,0,0,0,0,425002,6.38089e+06,0,0,0,0,0,0,0,0,0,0,0,0,0,0,
118.2,3.11171,180002,1.01181,57.9725,2.13714,33.9805,2.513,2.50998,0.126413,-2.80782,7.95384,-0.699159,0.211253,0.350568,45.7275,35.7798,9985.82,932.246,1265.57,56.6791,-0.0156735,6.38089e+06,0.0703662,1.13325,0.822927,113047,58615.6,4959.96,0,0,0,0.039731,2.06165,3,-2.93835,-2,2.84178,0,0,0,0,0,0,0,0,0,0,-0.00102572,0.00030174,-0.000761657,33.9098,-38.8136,33.0801,0,0,0,0,0,0,0,0,0,0,0,0,0,-1.67617,-5.23646,3.49712,0,1.15845,33.1711,-1.67714,-5.23373,3.49962,-6.91087,-3.55659,0,0,0,0,425002,6.38089e+06,0,0,0,0,0,0,0,0,0,0,0,0,0,0,
118.4,3.11171,180004,1.01326,58.0555,2.13524,33.8422,2.5174,2.5143,0.125675,-2.77302,7.9454,-0.717095,0.216368,0.348681,45.7292,35.7807,9985.75,932.247,1265.8,56.7642,-0.0238296,6.38089e+06,0.0700091,1.13944,0.822777,113007,58576.2,4959.29,0,0,0,0.0397235,2.05588,3,-2.94412,-2,2.84214,0,0,0,0,0,0,0,0,0,0,-0.00102527,0.000302171,-0.000761569,33.9748,-38.9358,33.2334,0,0,0,0,0,0,0,0,0,0,0,0,0,-1.66863,-5.25437,3.478,0,1.16497,33.0323,-1.66974,-5.25204,3.48081,-6.92179,-3.5823,0,0,0,0,425002,6.38089e+06,0,0,0,0,0,0,0,0,0,0,0,0,0,0,
118.6,3.1117,180006,1.01471,58.1386,2.13457,33.7002,2.52216,2.51898,0.124871,-2.73721,7.93724,-0.736748,0.220963,0.346595,45.7309,35.7816,9985.66,932.247,1266.02,56.8495,-0.0311072,6.38089e+06,0.0696041,1.14622,0.822635,112968,58536.7,4958.73,0,0,0,0.0397154,2.04954,3,-2.95046,-2,2.84248,0,0,0,0,0,0,0,0,0,0,-0.00102482,0.000302607,-0.000761473,34.0399,-39.0582,33.3872,0,0,0,0,0,0,0,0,0,0,0,0,0,-1.66013,-5.26924,3.4569,0,1.17132,32.8899,-1.66137,-5.26735,3.45997,-6.92873,-3.60598,0,0,0,0,425002,6.38089e+06,0,0,0,0,0,0,0,0,0,0,0,0,0,0,
118.8,3.11169,180007,1.01616,58.2219,2.13507,33.5541,2.52711,2.52387,0.124011,-2.7005,7.92939,-0.757485,0.224955,0.344339,45.7327,35.7825,9985.55,932.245,1266.24,56.9349,-0.0374483,6.38089e+06,0.0691579,1.15336,0.822504,112928,58497.3,4958.29,0,0,0,0.0397069,2.04287,3,-2.95713,-2,2.84282,0,0,0,0,0,0,0,0,0,0,-0.00102436,0.000303046,-0.000761367,34.1051,-39.1807,33.5416,0,0,0,0,0,0,0,0,0,0,0,0,0,-1.65078,-5.28086,3.4341,0,1.17735,32.7435,-1.65213,-5.27944,3.43738,-6.93157,-3.62731,0,0,0,0,425002,6.38089e+06,0,0,0,0,0,0,0,0,0,0,0,0,0,0,
119,3.11167,180009,1.01762,58.3052,2.13666,33.4038,2.5321,2.52881,0.123107,-2.66301,7.92187,-0.778708,0.228281,0.341943,45.7344,35.7834,9985.42,932.241,1266.46,57.0204,-0.0428177,6.38089e+06,0.0686773,1.16064,0.822385,112889,58457.8,4957.95,0,0,0,0.0396983,2.03605,3,-2.96395,-2,2.84316,0,0,0,0,0,0,0,0,0,0,-0.0010239,0.00030349,-0.00076125,34.1704,-39.3033,33.6964,0,0,0,0,0,0,0,0,0,0,0,0,0,-1.64068,-5.28909,3.40988,0,1.18293,32.5932,-1.64213,-5.28815,3.41335,-6.93028,-3.64601,0,0,0,0,425002,6.38089e+06,0,0,0,0,0,0,0,0,0,0,0,0,0,0,
119.2,3.11165,180010,1.01907,58.3885,2.13923,33.2492,2.53698,2.53366,0.122169,-2.62487,7.91469,-0.799862,0.230897,0.339438,45.7361,35.7844,9985.28,932.236,1266.68,57.1061,-0.0472008,6.38089e+06,0.0681692,1.16786,0.822279,112849,58418.4,4957.71,0,0,0,0.0396898,2.02929,3,-2.97071,-2,2.8435,0,0,0,0,0,0,0,0,0,0,-0.00102342,0.000303939,-0.000761122,34.2356,-39.4261,33.8517,0,0,0,0,0,0,0,0,0,0,0,0,0,-1.62997,-5.29387,3.38456,0,1.18794,32.4389,-1.6315,-5.29341,3.38816,-6.92491,-3.66191,0,0,0,0,425002,6.38089e+06,0,0,0,0,0,0,0,0,0,0,0,0,0,0,
119.4,3.11162,180011,1.02052,58.4716,2.14269,33.0905,2.54164,2.53829,0.121208,-2.58623,7.90786,-0.820444,0.232773,0.336854,45.7378,35.7853,9985.12,932.23,1266.89,57.1919,-0.0506029,6.38089e+06,0.0676405,1.17485,0.822189,112810,58379,4957.57,0,0,0,0.0396816,2.02274,3,-2.97726,-2,2.84385,0,0,0,0,0,0,0,0,0,0,-0.00102295,0.000304392,-0.000760984,34.301,-39.5491,34.0075,0,0,0,0,0,0,0,0,0,0,0,0,0,-1.61876,-5.29522,3.35842,0,1.1923,32.2808,-1.62035,-5.29524,3.36212,-6.91559,-3.67489,0,0,0,0,425002,6.38089e+06,0,0,0,0,0,0,0,0,0,0,0,0,0,0,
119.6,3.11159,180012,1.02197,58.5543,2.14693,32.9277,2.54596,2.5426,0.120235,-2.54722,7.90135,-0.840006,0.233898,0.33422,45.7396,35.7862,9984.95,932.223,1267.11,57.2778,-0.0530468,6.38089e+06,0.0670977,1.18145,0.822114,112771,58339.5,4957.5,0,0,0,0.039674,2.01656,3,-2.98344,-2,2.84421,0,0,0,0,0,0,0,0,0,0,-0.00102246,0.000304849,-0.000760834,34.3664,-39.6722,34.1639,0,0,0,0,0,0,0,0,0,0,0,0,0,-1.60717,-5.29323,3.33176,0,1.19593,32.1189,-1.60881,-5.2937,3.33552,-6.90252,-3.68489,0,0,0,0,425002,6.38089e+06,0,0,0,0,0,0,0,0,0,0,0,0,0,0,
119.8,3.11156,180013,1.0234,58.6368,2.15182,32.7612,2.54986,2.54649,0.11926,-2.50799,7.89517,-0.858163,0.234276,0.331564,45.7413,35.7871,9984.77,932.215,1267.32,57.3637,-0.0545712,6.38089e+06,0.0665474,1.18752,0.822053,112731,58300.1,4957.5,0,0,0,0.0396671,2.01088,3,-2.98912,-2,2.84458,0,0,0,0,0,0,0,0,0,0,-0.00102197,0.00030531,-0.000760673,34.4318,-39.7954,34.3207,0,0,0,0,0,0,0,0,0,0,0,0,0,-1.59533,-5.28803,3.30485,0,1.19879,31.9537,-1.597,-5.28895,3.30863,-6.88595,-3.69194,0,0,0,0,425002,6.38089e+06,0,0,0,0,0,0,0,0,0,0,0,0,0,0,
120,3.11152,180013,1.02484,58.7187,2.15724,32.5911,2.55325,2.54988,0.11829,-2.46866,7.88928,-0.874593,0.233924,0.328913,45.743,35.788,9984.6,932.206,1267.53,57.4496,-0.0552284,6.38089e+06,0.0659957,1.19294,0.822009,112692,58260.6,4957.56,0,0,0,0.039661,2.0058,3,-2.9942,-2,2.84497,0,0,0,0,0,0,0,0,0,0,-0.00102148,0.000305775,-0.000760503,34.4973,-39.9188,34.4781,0,0,0,0,0,0,0,0,0,0,0,0,0,-1.58336,-5.27983,3.27796,0,1.20085,31.7853,-1.58504,-5.28115,3.28171,-6.86619,-3.69611,0,0,0,0,425002,6.38089e+06,0,0,0,0,0,0,0,0,0,0,0,0,0,0,
120.2,3.11148,180014,1.02626,58.8002,2.16307,32.4179,2.55607,2.55273,0.117336,-2.42938,7.88365,-0.889038,0.232874,0.32629,45.7448,35.7889,9984.42,932.196,1267.74,57.5354,-0.0550824,6.38089e+06,0.0654482,1.19764,0.821978,112652,58221.2,4957.67,0,0,0,0.0396559,2.0014,3,-2.9986,-2,2.84537,0,0,0,0,0,0,0,0,0,0,-0.00102099,0.000306243,-0.000760323,34.5628,-40.0424,34.636,0,0,0,0,0,0,0,0,0,0,0,0,0,-1.57136,-5.26886,3.25132,0,1.2021,31.6143,-1.57303,-5.27055,3.25502,-6.84358,-3.69752,0,0,0,0,425002,6.38089e+06,0,0,0,0,0,0,0,0,0,0,0,0,0,0,
120.4,3.11144,180014,1.02767,58.881,2.1692,32.242,2.55829,2.55497,0.116404,-2.39025,7.87826,-0.901307,0.231165,0.323718,45.7465,35.7898,9984.24,932.187,1267.95,57.6211,-0.0542066,6.38089e+06,0.0649099,1.20154,0.821962,112613,58181.7,4957.82,0,0,0,0.0396518,1.99776,3,-3.00224,-2,2.84579,0,0,0,0,0,0,0,0,0,0,-0.00102049,0.000306714,-0.000760134,34.6283,-40.1661,34.7944,0,0,0,0,0,0,0,0,0,0,0,0,0,-1.55943,-5.25538,3.22515,0,1.20255,31.441,-1.56109,-5.25741,3.22878,-6.8185,-3.69632,0,0,0,0,425002,6.38089e+06,0,0,0,0,0,0,0,0,0,0,0,0,0,0,
120.6,3.1114,180014,1.02907,58.9612,2.17551,32.0639,2.55988,2.5566,0.115499,-2.35141,7.87307,-0.91127,0.228849,0.321214,45.7483,35.7907,9984.07,932.177,1268.16,57.7065,-0.0526818,6.38089e+06,0.0643854,1.20459,0.82196,112573,58142.2,4958,0,0,0,0.0396487,1.99491,3,-3.00509,-2,2.84623,0,0,0,0,0,0,0,0,0,0,-0.00101998,0.000307186,-0.000759937,34.6939,-40.29,34.9533,0,0,0,0,0,0,0,0,0,0,0,0,0,-1.54767,-5.23971,3.19964,0,1.20222,31.2657,-1.5493,-5.24202,3.20316,-6.79133,-3.69272,0,0,0,0,425002,6.38089e+06,0,0,0,0,0,0,0,0,0,0,0,0,0,0,
120.8,3.11136,180014,1.03046,59.0407,2.1819,31.8839,2.56083,2.55759,0.114629,-2.31294,7.86804,-0.918859,0.225984,0.318795,45.75,35.7916,9983.9,932.167,1268.37,57.7918,-0.0505936,6.38088e+06,0.0638786,1.20677,0.821969,112534,58102.8,4958.19,0,0,0,0.0396468,1.99288,3,-3.00712,-2,2.84669,0,0,0,0,0,0,0,0,0,0,-0.00101948,0.00030766,-0.000759733,34.7595,-40.414,35.1127,0,0,0,0,0,0,0,0,0,0,0,0,0,-1.53616,-5.22214,3.17494,0,1.20114,31.0891,-1.53776,-5.2247,3.17834,-6.76246,-3.68694,0,0,0,0,425002,6.38088e+06,0,0,0,0,0,0,0,0,0,0,0,0,0,0,
121,3.11132,180014,1.03183,59.1195,2.18825,31.7026,2.56114,2.55794,0.113795,-2.27494,7.86313,-0.92406,0.222631,0.316474,45.7517,35.7925,9983.74,932.157,1268.57,57.8767,-0.048031,6.38088e+06,0.0633926,1.20807,0.82199,112494,58063.3,4958.39,0,0,0,0.0396459,1.99167,3,-3.00833,-2,2.84716,0,0,0,0,0,0,0,0,0,0,-0.00101898,0.000308134,-0.000759523,34.8251,-40.5382,35.2727,0,0,0,0,0,0,0,0,0,0,0,0,0,-1.52497,-5.203,3.15119,0,1.19936,30.9115,-1.52652,-5.20576,3.15446,-6.73228,-3.67924,0,0,0,0,425002,6.38088e+06,0,0,0,0,0,0,0,0,0,0,0,0,0,0,
121.2,3.11128,180013,1.03319,59.1975,2.19449,31.5205,2.56081,2.55767,0.113002,-2.23749,7.8583,-0.92691,0.218859,0.314259,45.7535,35.7934,9983.59,932.148,1268.78,57.9612,-0.0450842,6.38088e+06,0.0629298,1.20851,0.82202,112455,58023.9,4958.59,0,0,0,0.0396461,1.99128,3,-3.00872,-2,2.84766,0,0,0,0,0,0,0,0,0,0,-0.00101848,0.000308608,-0.000759308,34.8908,-40.6625,35.4331,0,0,0,0,0,0,0,0,0,0,0,0,0,-1.51416,-5.1826,3.12849,0,1.19693,30.7333,-1.51565,-5.18552,3.1316,-6.70117,-3.66987,0,0,0,0,425002,6.38088e+06,0,0,0,0,0,0,0,0,0,0,0,0,0,0,
121.4,3.11124,180013,1.03454,59.2746,2.20052,31.338,2.55989,2.5568,0.11225,-2.20066,7.85351,-0.927491,0.214738,0.312158,45.7552,35.7942,9983.45,932.138,1268.98,58.0453,-0.0418424,6.38088e+06,0.062492,1.20811,0.822059,112415,57984.4,4958.78,0,0,0,0.0396474,1.99168,3,-3.00832,-2,2.84817,0,0,0,0,0,0,0,0,0,0,-0.00101798,0.000309082,-0.000759089,34.9565,-40.787,35.5941,0,0,0,0,0,0,0,0,0,0,0,0,0,-1.50376,-5.16127,3.10689,0,1.19393,30.5551,-1.50519,-5.1643,3.10985,-6.66949,-3.65912,0,0,0,0,425002,6.38088e+06,0,0,0,0,0,0,0,0,0,0,0,0,0,0,
121.6,3.11121,180012,1.03587,59.351,2.20629,31.1556,2.5584,2.55537,0.111541,-2.16449,7.84873,-0.925923,0.210336,0.310174,45.757,35.7951,9983.32,932.129,1269.18,58.1289,-0.038393,6.38088e+06,0.0620803,1.20691,0.822105,112376,57945,4958.96,0,0,0,0.0396497,1.99284,3,-3.00716,-2,2.8487,0,0,0,0,0,0,0,0,0,0,-0.00101748,0.000309555,-0.000758867,35.0222,-40.9117,35.7556,0,0,0,0,0,0,0,0,0,0,0,0,0,-1.49381,-5.13931,3.08645,0,1.19042,30.3771,-1.49517,-5.14241,3.08924,-6.63759,-3.64724,0,0,0,0,425002,6.38088e+06,0,0,0,0,0,0,0,0,0,0,0,0,0,0,
121.8,3.11117,180012,1.03719,59.4266,2.21172,30.9736,2.55638,2.55341,0.110875,-2.12902,7.84393,-0.922359,0.205724,0.308307,45.7587,35.796,9983.2,932.121,1269.38,58.212,-0.0348193,6.38088e+06,0.0616951,1.20497,0.822157,112337,57905.5,4959.12,0,0,0,0.0396528,1.99469,3,-3.00531,-2,2.84924,0,0,0,0,0,0,0,0,0,0,-0.00101698,0.000310027,-0.000758643,35.088,-41.0366,35.9176,0,0,0,0,0,0,0,0,0,0,0,0,0,-1.48432,-5.11701,3.06716,0,1.18647,30.1999,-1.48562,-5.12014,3.06979,-6.60576,-3.63452,0,0,0,0,425002,6.38088e+06,0,0,0,0,0,0,0,0,0,0,0,0,0,0,
122,3.11114,180011,1.03849,59.5013,2.21676,30.7924,2.55388,2.55098,0.110249,-2.09429,7.83907,-0.916976,0.200968,0.306556,45.7605,35.7969,9983.09,932.113,1269.58,58.2946,-0.0311998,6.38088e+06,0.0613362,1.20234,0.822213,112297,57866,4959.25,0,0,0,0.0396568,1.99718,3,-3.00282,-2,2.8498,0,0,0,0,0,0,0,0,0,0,-0.00101648,0.000310496,-0.000758418,35.1538,-41.1616,36.0802,0,0,0,0,0,0,0,0,0,0,0,0,0,-1.47531,-5.09463,3.04902,0,1.18215,30.0236,-1.47654,-5.09776,3.05149,-6.5743,-3.62122,0,0,0,0,425002,6.38088e+06,0,0,0,0,0,0,0,0,0,0,0,0,0,0,
122.2,3.11111,180010,1.03979,59.5753,2.22139,30.6125,2.55096,2.54813,0.109663,-2.0603,7.83412,-0.909972,0.196132,0.304917,45.7622,35.7978,9983,932.106,1269.78,58.3765,-0.0276069,6.38088e+06,0.0610031,1.19911,0.822273,112258,57826.6,4959.36,0,0,0,0.0396616,2.00026,3,-2.99974,-2,2.85037,0,0,0,0,0,0,0,0,0,0,-0.00101599,0.000310963,-0.000758193,35.2196,-41.2868,36.2432,0,0,0,0,0,0,0,0,0,0,0,0,0,-1.46677,-5.07242,3.03198,0,1.17754,29.8487,-1.46793,-5.07551,3.0343,-6.54345,-3.60758,0,0,0,0,425002,6.38088e+06,0,0,0,0,0,0,0,0,0,0,0,0,0,0,
122.4,3.11109,180010,1.04106,59.6485,2.22558,30.4341,2.54768,2.5449,0.109114,-2.02705,7.82907,-0.901557,0.191277,0.303384,45.764,35.7987,9982.91,932.099,1269.98,58.4579,-0.0241062,6.38088e+06,0.0606945,1.19534,0.822335,112218,57787.1,4959.43,0,0,0,0.039667,2.00383,3,-2.99617,-2,2.85095,0,0,0,0,0,0,0,0,0,0,-0.00101551,0.000311427,-0.000757968,35.2855,-41.4121,36.4068,0,0,0,0,0,0,0,0,0,0,0,0,0,-1.45868,-5.05061,3.016,0,1.17272,29.6754,-1.45979,-5.05363,3.01818,-6.51342,-3.59385,0,0,0,0,425002,6.38088e+06,0,0,0,0,0,0,0,0,0,0,0,0,0,0,
122.6,3.11106,180009,1.04233,59.7209,2.2293,30.2574,2.54409,2.54138,0.108599,-1.99455,7.82388,-0.891949,0.186456,0.30195,45.7657,35.7995,9982.84,932.093,1270.17,58.5385,-0.0207558,6.38088e+06,0.0604089,1.19112,0.822397,112179,57747.7,4959.47,0,0,0,0.0396729,2.00784,3,-2.99216,-2,2.85154,0,0,0,0,0,0,0,0,0,0,-0.00101502,0.000311888,-0.000757744,35.3513,-41.5377,36.5709,0,0,0,0,0,0,0,0,0,0,0,0,0,-1.45103,-5.02938,3.00101,0,1.16776,29.5039,-1.45208,-5.03231,3.00305,-6.48439,-3.58023,0,0,0,0,425002,6.38088e+06,0,0,0,0,0,0,0,0,0,0,0,0,0,0,
122.8,3.11104,180008,1.04358,59.7927,2.23255,30.0828,2.54025,2.5376,0.108115,-1.96277,7.81854,-0.88137,0.18172,0.300606,45.7675,35.8004,9982.78,932.088,1270.36,58.6186,-0.0176058,6.38088e+06,0.0601446,1.18652,0.82246,112139,57708.2,4959.48,0,0,0,0.0396793,2.0122,3,-2.9878,-2,2.85214,0,0,0,0,0,0,0,0,0,0,-0.00101454,0.000312346,-0.000757522,35.4172,-41.6634,36.7355,0,0,0,0,0,0,0,0,0,0,0,0,0,-1.44379,-5.00891,2.98691,0,1.16272,29.3344,-1.44478,-5.01172,2.98884,-6.45651,-3.56694,0,0,0,0,425002,6.38088e+06,0,0,0,0,0,0,0,0,0,0,0,0,0,0,
123,3.11102,180008,1.04482,59.8637,2.23534,29.9103,2.53622,2.53363,0.107659,-1.93168,7.81303,-0.870038,0.177112,0.299343,45.7693,35.8013,9982.73,932.083,1270.56,58.6979,-0.0146982,6.38088e+06,0.0598995,1.18163,0.822521,112100,57668.8,4959.46,0,0,0,0.039686,2.01684,3,-2.98316,-2,2.85275,0,0,0,0,0,0,0,0,0,0,-0.00101407,0.0003128,-0.000757302,35.4832,-41.7893,36.9006,0,0,0,0,0,0,0,0,0,0,0,0,0,-1.43694,-4.98933,2.97363,0,1.15766,29.1671,-1.43787,-4.99201,2.97544,-6.42988,-3.55413,0,0,0,0,425002,6.38088e+06,0,0,0,0,0,0,0,0,0,0,0,0,0,0,
123.2,3.11101,180007,1.04605,59.934,2.23767,29.7401,2.53206,2.52953,0.107226,-1.90127,7.80735,-0.858168,0.17267,0.298151,45.771,35.8022,9982.69,932.079,1270.75,58.7766,-0.0120668,6.38088e+06,0.0596713,1.17653,0.822581,112060,57629.3,4959.41,0,0,0,0.039693,2.02169,3,-2.97831,-2,2.85335,0,0,0,0,0,0,0,0,0,0,-0.0010136,0.00031325,-0.000757084,35.5492,-41.9153,37.0662,0,0,0,0,0,0,0,0,0,0,0,0,0,-1.43042,-4.97075,2.96106,0,1.15266,29.002,-1.43131,-4.97328,2.96278,-6.4046,-3.54197,0,0,0,0,425002,6.38088e+06,0,0,0,0,0,0,0,0,0,0,0,0,0,0,
123.4,3.111,180006,1.04726,60.0037,2.23956,29.5723,2.52783,2.52534,0.106813,-1.87148,7.80149,-0.845964,0.168425,0.29702,45.7728,35.803,9982.65,932.076,1270.93,58.8545,-0.00973719,6.38088e+06,0.0594578,1.17128,0.822638,112021,57589.9,4959.32,0,0,0,0.0397001,2.02666,3,-2.97334,-2,2.85396,0,0,0,0,0,0,0,0,0,0,-0.00101314,0.000313697,-0.000756869,35.6152,-42.0416,37.2323,0,0,0,0,0,0,0,0,0,0,0,0,0,-1.42421,-4.95326,2.9491,0,1.14774,28.8392,-1.42506,-4.95564,2.95074,-6.3807,-3.53057,0,0,0,0,425002,6.38088e+06,0,0,0,0,0,0,0,0,0,0,0,0,0,0,
123.6,3.11098,180006,1.04847,60.0728,2.24104,29.4069,2.52357,2.52113,0.106416,-1.84228,7.79544,-0.833619,0.164401,0.295939,45.7745,35.8039,9982.62,932.073,1271.12,58.9318,-0.00772716,6.38088e+06,0.0592564,1.16597,0.822691,111981,57550.4,4959.2,0,0,0,0.0397073,2.0317,3,-2.9683,-2,2.85457,0,0,0,0,0,0,0,0,0,0,-0.00101268,0.00031414,-0.000756658,35.6812,-42.168,37.3989,0,0,0,0,0,0,0,0,0,0,0,0,0,-1.41827,-4.93691,2.93765,0,1.14298,28.6788,-1.41908,-4.93913,2.93923,-6.35821,-3.52005,0,0,0,0,425002,6.38088e+06,0,0,0,0,0,0,0,0,0,0,0,0,0,0,
123.8,3.11097,180005,1.04967,60.1414,2.24214,29.2439,2.51934,2.51694,0.106032,-1.81363,7.78921,-0.821312,0.160619,0.294898,45.7763,35.8048,9982.6,932.07,1271.3,59.0084,-0.00604701,6.38088e+06,0.0590649,1.16067,0.82274,111942,57511,4959.05,0,0,0,0.0397145,2.03674,3,-2.96326,-2,2.85518,0,0,0,0,0,0,0,0,0,0,-0.00101222,0.000314579,-0.00075645,35.7473,-42.2946,37.5661,0,0,0,0,0,0,0,0,0,0,0,0,0,-1.41254,-4.92175,2.92661,0,1.13839,28.5208,-1.41333,-4.9238,2.92814,-6.33714,-3.51047,0,0,0,0,425002,6.38088e+06,0,0,0,0,0,0,0,0,0,0,0,0,0,0,
124,3.11097,180005,1.05085,60.2094,2.24288,29.0834,2.51517,2.51281,0.105657,-1.78546,7.78279,-0.809206,0.157091,0.293887,45.7781,35.8056,9982.58,932.068,1271.49,59.0844,-0.00470002,6.38088e+06,0.0588809,1.15542,0.822785,111903,57471.5,4958.87,0,0,0,0.0397216,2.04172,3,-2.95828,-2,2.85579,0,0,0,0,0,0,0,0,0,0,-0.00101177,0.000315015,-0.000756245,35.8134,-42.4214,37.7337,0,0,0,0,0,0,0,0,0,0,0,0,0,-1.40701,-4.90779,2.91588,0,1.13402,28.365,-1.40777,-4.90967,2.91737,-6.31744,-3.5019,0,0,0,0,425002,6.38088e+06,0,0,0,0,0,0,0,0,0,0,0,0,0,0,
124.2,3.11096,180005,1.05203,60.2769,2.24332,28.9253,2.5111,2.50879,0.105287,-1.75775,7.77619,-0.797446,0.153824,0.292895,45.7798,35.8065,9982.57,932.066,1271.67,59.1597,-0.00368304,6.38088e+06,0.0587022,1.15029,0.822826,111863,57432.1,4958.67,0,0,0,0.0397285,2.04659,3,-2.95341,-2,2.8564,0,0,0,0,0,0,0,0,0,0,-0.00101132,0.000315446,-0.000756043,35.8796,-42.5484,37.9018,0,0,0,0,0,0,0,0,0,0,0,0,0,-1.40162,-4.895,2.90536,0,1.1299,28.2115,-1.40237,-4.89672,2.90683,-6.29909,-3.49436,0,0,0,0,425002,6.38088e+06,0,0,0,0,0,0,0,0,0,0,0,0,0,0,
124.4,3.11096,180004,1.0532,60.3439,2.24347,28.7694,2.50717,2.50489,0.10492,-1.73043,7.76941,-0.786161,0.150822,0.291916,45.7816,35.8073,9982.56,932.065,1271.85,59.2344,-0.00298712,6.38088e+06,0.0585266,1.14533,0.822861,111824,57392.6,4958.45,0,0,0,0.0397352,2.05131,3,-2.94869,-2,2.857,0,0,0,0,0,0,0,0,0,0,-0.00101088,0.000315875,-0.000755844,35.9458,-42.6755,38.0704,0,0,0,0,0,0,0,0,0,0,0,0,0,-1.39633,-4.88338,2.89497,0,1.12603,28.0602,-1.39707,-4.88494,2.89642,-6.28201,-3.48787,0,0,0,0,425002,6.38088e+06,0,0,0,0,0,0,0,0,0,0,0,0,0,0,
124.6,3.11095,180004,1.05436,60.4105,2.2434,28.6158,2.50341,2.50116,0.104553,-1.70347,7.76247,-0.775461,0.148082,0.290939,45.7834,35.8082,9982.55,932.064,1272.03,59.3084,-0.00259819,6.38088e+06,0.0583521,1.14058,0.822892,111784,57353.2,4958.21,0,0,0,0.0397416,2.05583,3,-2.94417,-2,2.8576,0,0,0,0,0,0,0,0,0,0,-0.00101044,0.0003163,-0.000755649,36.012,-42.8029,38.2395,0,0,0,0,0,0,0,0,0,0,0,0,0,-1.39112,-4.87287,2.88463,0,1.12245,27.9109,-1.39185,-4.87428,2.88608,-6.26612,-3.48243,0,0,0,0,425002,6.38088e+06,0,0,0,0,0,0,0,0,0,0,0,0,0,0,
124.8,3.11095,180004,1.05552,60.4767,2.24313,28.4642,2.49983,2.4976,0.104182,-1.6768,7.75536,-0.765437,0.145597,0.289957,45.7851,35.809,9982.55,932.063,1272.2,59.3819,-0.0024978,6.38088e+06,0.058177,1.13606,0.822917,111745,57313.8,4957.95,0,0,0,0.0397477,2.06013,3,-2.93987,-2,2.85819,0,0,0,0,0,0,0,0,0,0,-0.00101001,0.000316721,-0.000755456,36.0783,-42.9304,38.4091,0,0,0,0,0,0,0,0,0,0,0,0,0,-1.38594,-4.86341,2.87425,0,1.11915,27.7635,-1.38666,-4.86468,2.87571,-6.25134,-3.47801,0,0,0,0,425002,6.38088e+06,0,0,0,0,0,0,0,0,0,0,0,0,0,0,
125,3.11094,180004,1.05667,60.5425,2.24271,28.3145,2.49646,2.49425,0.103807,-1.65039,7.74811,-0.756161,0.143358,0.288964,45.7869,35.8099,9982.54,932.062,1272.38,59.4547,-0.00266382,6.38088e+06,0.0579996,1.13181,0.822938,111705,57274.3,4957.68,0,0,0,0.0397535,2.06417,3,-2.93583,-2,2.85877,0,0,0,0,0,0,0,0,0,0,-0.00100957,0.00031714,-0.000755266,36.1446,-43.0581,38.5792,0,0,0,0,0,0,0,0,0,0,0,0,0,-1.38077,-4.85494,2.86377,0,1.11613,27.6179,-1.38149,-4.85607,2.86525,-6.23756,-3.47458,0,0,0,0,425002,6.38088e+06,0,0,0,0,0,0,0,0,0,0,0,0,0,0,
125.2,3.11094,180004,1.05781,60.6079,2.24217,28.1666,2.49331,2.49112,0.103424,-1.6242,7.74073,-0.747688,0.141352,0.287953,45.7887,35.8108,9982.53,932.062,1272.55,59.527,-0.00307123,6.38088e+06,0.0578185,1.12785,0.822954,111666,57234.9,4957.4,0,0,0,0.0397589,2.06795,3,-2.93205,-2,2.85935,0,0,0,0,0,0,0,0,0,0,-0.00100914,0.000317556,-0.000755079,36.211,-43.186,38.7497,0,0,0,0,0,0,0,0,0,0,0,0,0,-1.37557,-4.84738,2.85313,0,1.1134,27.4739,-1.3763,-4.84838,2.85464,-6.22469,-3.47208,0,0,0,0,425002,6.38088e+06,0,0,0,0,0,0,0,0,0,0,0,0,0,0,
125.4,3.11094,180004,1.05894,60.6729,2.24156,28.0203,2.49038,2.4882,0.103032,-1.59819,7.73322,-0.740057,0.139561,0.286919,45.7905,35.8116,9982.52,932.061,1272.72,59.5988,-0.00369275,6.38088e+06,0.0576323,1.12419,0.822965,111626,57195.5,4957.11,0,0,0,0.0397639,2.07144,3,-2.92856,-2,2.85993,0,0,0,0,0,0,0,0,0,0,-0.00100872,0.000317969,-0.000754893,36.2775,-43.3142,38.9208,0,0,0,0,0,0,0,0,0,0,0,0,0,-1.37033,-4.84063,2.84229,0,1.11094,27.3313,-1.37107,-4.84152,2.84382,-6.21259,-3.47046,0,0,0,0,425002,6.38088e+06,0,0,0,0,0,0,0,0,0,0,0,0,0,0,
125.6,3.11094,180004,1.06007,60.7376,2.24091,27.8755,2.48767,2.48551,0.10263,-1.57231,7.7256,-0.733289,0.137969,0.285859,45.7922,35.8124,9982.51,932.061,1272.89,59.6701,-0.00449963,6.38088e+06,0.05744,1.12084,0.822973,111587,57156,4956.81,0,0,0,0.0397685,2.07465,3,-2.92535,-2,2.8605,0,0,0,0,0,0,0,0,0,0,-0.0010083,0.00031838,-0.000754708,36.3439,-43.4425,39.0923,0,0,0,0,0,0,0,0,0,0,0,0,0,-1.36501,-4.8346,2.83118,0,1.10875,27.1901,-1.36576,-4.8354,2.83275,-6.20117,-3.46964,0,0,0,0,425002,6.38088e+06,0,0,0,0,0,0,0,0,0,0,0,0,0,0,
125.8,3.11093,180004,1.0612,60.802,2.24025,27.7319,2.48519,2.48304,0.102217,-1.54654,7.71788,-0.727389,0.136556,0.284767,45.794,35.8133,9982.49,932.06,1273.06,59.7409,-0.00546223,6.38088e+06,0.0572407,1.11779,0.822976,111548,57116.6,4956.52,0,0,0,0.0397727,2.07756,3,-2.92244,-2,2.86106,0,0,0,0,0,0,0,0,0,0,-0.00100787,0.000318788,-0.000754526,36.4104,-43.5709,39.2643,0,0,0,0,0,0,0,0,0,0,0,0,0,-1.35961,-4.8292,2.81979,0,1.10681,27.0499,-1.36037,-4.82992,2.8214,-6.19029,-3.46955,0,0,0,0,425002,6.38088e+06,0,0,0,0,0,0,0,0,0,0,0,0,0,0,
126,3.11093,180004,1.06231,60.8661,2.23962,27.5893,2.48294,2.4808,0.101791,-1.52085,7.71008,-0.722351,0.1353,0.283643,45.7958,35.8141,9982.47,932.059,1273.23,59.8112,-0.00655067,6.38088e+06,0.0570337,1.11505,0.822976,111508,57077.2,4956.22,0,0,0,0.0397766,2.08019,3,-2.91981,-2,2.86161,0,0,0,0,0,0,0,0,0,0,-0.00100745,0.000319195,-0.000754343,36.477,-43.6996,39.4368,0,0,0,0,0,0,0,0,0,0,0,0,0,-1.3541,-4.82433,2.80808,0,1.1051,26.9108,-1.35488,-4.82498,2.80974,-6.17986,-3.4701,0,0,0,0,425002,6.38088e+06,0,0,0,0,0,0,0,0,0,0,0,0,0,0,
126.2,3.11093,180004,1.06343,60.9298,2.23904,27.4478,2.4809,2.47876,0.101353,-1.49521,7.70221,-0.718153,0.13418,0.282483,45.7976,35.815,9982.45,932.058,1273.39,59.881,-0.00773539,6.38088e+06,0.0568186,1.1126,0.822973,111469,57037.8,4955.93,0,0,0,0.0397801,2.08255,3,-2.91745,-2,2.86216,0,0,0,0,0,0,0,0,0,0,-0.00100704,0.000319599,-0.000754162,36.5436,-43.8285,39.6098,0,0,0,0,0,0,0,0,0,0,0,0,0,-1.34847,-4.81989,2.79603,0,1.10361,26.7724,-1.34927,-4.82048,2.79773,-6.16975,-3.47122,0,0,0,0,425002,6.38088e+06,0,0,0,0,0,0,0,0,0,0,0,0,0,0,
126.4,3.11092,180004,1.06453,60.9933,2.23853,27.3069,2.47905,2.47692,0.100901,-1.4696,7.69429,-0.714764,0.133174,0.281286,45.7994,35.8158,9982.42,932.057,1273.56,59.9504,-0.00898766,6.38087e+06,0.0565949,1.11043,0.822968,111429,56998.4,4955.64,0,0,0,0.0397832,2.08464,3,-2.91536,-2,2.86271,0,0,0,0,0,0,0,0,0,0,-0.00100662,0.000320002,-0.000753981,36.6103,-43.9576,39.7833,0,0,0,0,0,0,0,0,0,0,0,0,0,-1.34272,-4.81578,2.78362,0,1.1023,26.6347,-1.34353,-4.81634,2.78538,-6.15987,-3.4728,0,0,0,0,425002,6.38087e+06,0,0,0,0,0,0,0,0,0,0,0,0,0,0,
126.6,3.11092,180005,1.06564,61.0565,2.23811,27.1667,2.4774,2.47527,0.100437,-1.44401,7.68631,-0.712142,0.132261,0.280052,45.8011,35.8167,9982.39,932.056,1273.72,60.0194,-0.01028,6.38087e+06,0.0563625,1.10853,0.82296,111390,56959,4955.36,0,0,0,0.039786,2.08648,3,-2.91352,-2,2.86324,0,0,0,0,0,0,0,0,0,0,-0.00100621,0.000320404,-0.000753799,36.677,-44.0869,39.9572,0,0,0,0,0,0,0,0,0,0,0,0,0,-1.33683,-4.81191,2.77086,0,1.10117,26.4974,-1.33766,-4.81244,2.77267,-6.15011,-3.47478,0,0,0,0,425002,6.38087e+06,0,0,0,0,0,0,0,0,0,0,0,0,0,0,
126.8,3.11091,180005,1.06673,61.1193,2.2378,27.0269,2.47592,2.4738,0.0999589,-1.41842,7.6783,-0.710236,0.13142,0.278781,45.8029,35.8175,9982.36,932.055,1273.88,60.088,-0.0115866,6.38087e+06,0.0561213,1.10687,0.822951,111351,56919.5,4955.08,0,0,0,0.0397885,2.08809,3,-2.91191,-2,2.86378,0,0,0,0,0,0,0,0,0,0,-0.00100579,0.000320804,-0.000753617,36.7438,-44.2164,40.1316,0,0,0,0,0,0,0,0,0,0,0,0,0,-1.3308,-4.8082,2.75774,0,1.10018,26.3606,-1.33165,-4.80872,2.7596,-6.14037,-3.47707,0,0,0,0,425002,6.38087e+06,0,0,0,0,0,0,0,0,0,0,0,0,0,0,
127,3.1109,180005,1.06783,61.1819,2.23761,26.8874,2.4746,2.47248,0.0994684,-1.39283,7.67027,-0.708989,0.13063,0.277474,45.8047,35.8183,9982.32,932.053,1274.04,60.1562,-0.0128836,6.38087e+06,0.0558715,1.10543,0.822941,111311,56880.1,4954.82,0,0,0,0.0397908,2.08948,3,-2.91052,-2,2.86431,0,0,0,0,0,0,0,0,0,0,-0.00100538,0.000321203,-0.000753434,36.8106,-44.346,40.3065,0,0,0,0,0,0,0,0,0,0,0,0,0,-1.32463,-4.80457,2.74427,0,1.09931,26.2239,-1.3255,-4.80508,2.74618,-6.13058,-3.47958,0,0,0,0,425002,6.38087e+06,0,0,0,0,0,0,0,0,0,0,0,0,0,0,
127.2,3.1109,180005,1.06891,61.2442,2.23756,26.7481,2.47341,2.4713,0.0989656,-1.36722,7.66222,-0.70834,0.129872,0.276131,45.8065,35.8192,9982.28,932.051,1274.19,60.224,-0.0141494,6.38087e+06,0.0556133,1.10419,0.822929,111272,56840.7,4954.57,0,0,0,0.0397928,2.0907,3,-2.9093,-2,2.86483,0,0,0,0,0,0,0,0,0,0,-0.00100497,0.000321601,-0.00075325,36.8775,-44.4759,40.4819,0,0,0,0,0,0,0,0,0,0,0,0,0,-1.31832,-4.80093,2.73045,0,1.09853,26.0874,-1.31921,-4.80144,2.73241,-6.12065,-3.48223,0,0,0,0,425002,6.38087e+06,0,0,0,0,0,0,0,0,0,0,0,0,0,0,
127.4,3.11089,180005,1.06999,61.3061,2.23764,26.6088,2.47235,2.47023,0.0984513,-1.34159,7.65417,-0.708221,0.129128,0.274755,45.8083,35.82,9982.23,932.049,1274.35,60.2914,-0.0153648,6.38087e+06,0.0553471,1.10313,0.822918,111232,56801.3,4954.33,0,0,0,0.0397945,2.09174,3,-2.90826,-2,2.86536,0,0,0,0,0,0,0,0,0,0,-0.00100456,0.000321999,-0.000753064,36.9444,-44.606,40.6577,0,0,0,0,0,0,0,0,0,0,0,0,0,-1.31187,-4.79722,2.71631,0,1.09783,25.951,-1.31278,-4.79775,2.71831,-6.11053,-3.48497,0,0,0,0,425002,6.38087e+06,0,0,0,0,0,0,0,0,0,0,0,0,0,0,
127.6,3.11088,180006,1.07107,61.3678,2.23786,26.4696,2.47138,2.46927,0.0979262,-1.31595,7.64612,-0.708564,0.128382,0.273347,45.8101,35.8208,9982.18,932.047,1274.5,60.3585,-0.0165131,6.38087e+06,0.0550732,1.10221,0.822906,111193,56761.9,4954.1,0,0,0,0.0397961,2.09265,3,-2.90735,-2,2.86588,0,0,0,0,0,0,0,0,0,0,-0.00100414,0.000322395,-0.000752877,37.0113,-44.7363,40.834,0,0,0,0,0,0,0,0,0,0,0,0,0,-1.30529,-4.79339,2.70186,0,1.09719,25.8144,-1.30622,-4.79394,2.7039,-6.10016,-3.48772,0,0,0,0,425002,6.38087e+06,0,0,0,0,0,0,0,0,0,0,0,0,0,0,
127.8,3.11087,180006,1.07214,61.4291,2.23821,26.3302,2.4705,2.46839,0.0973912,-1.2903,7.63808,-0.709299,0.127621,0.271909,45.8119,35.8217,9982.12,932.044,1274.66,60.4252,-0.0175804,6.38087e+06,0.0547922,1.10142,0.822895,111154,56722.5,4953.89,0,0,0,0.0397976,2.09345,3,-2.90655,-2,2.86639,0,0,0,0,0,0,0,0,0,0,-0.00100373,0.000322791,-0.000752687,37.0784,-44.8668,41.0108,0,0,0,0,0,0,0,0,0,0,0,0,0,-1.29859,-4.78938,2.68713,0,1.09657,25.6777,-1.29953,-4.78995,2.6892,-6.08948,-3.49042,0,0,0,0,425002,6.38087e+06,0,0,0,0,0,0,0,0,0,0,0,0,0,0,
128,3.11085,180006,1.07321,61.4901,2.23871,26.1906,2.46968,2.46758,0.0968472,-1.26464,7.63005,-0.710357,0.126829,0.270445,45.8137,35.8225,9982.06,932.041,1274.81,60.4915,-0.0185552,6.38087e+06,0.0545046,1.10072,0.822884,111114,56683.1,4953.69,0,0,0,0.0397989,2.09415,3,-2.90585,-2,2.86691,0,0,0,0,0,0,0,0,0,0,-0.00100332,0.000323187,-0.000752496,37.1454,-44.9974,41.1881,0,0,0,0,0,0,0,0,0,0,0,0,0,-1.29176,-4.78514,2.67213,0,1.09596,25.5408,-1.29272,-4.78575,2.67424,-6.07847,-3.49303,0,0,0,0,425002,6.38087e+06,0,0,0,0,0,0,0,0,0,0,0,0,0,0,
128.2,3.11084,180006,1.07426,61.5508,2.23933,26.0508,2.46891,2.46681,0.0962953,-1.23897,7.62205,-0.71167,0.125998,0.268957,45.8155,35.8233,9982,932.038,1274.96,60.5576,-0.019429,6.38087e+06,0.0542111,1.10009,0.822874,111075,56643.7,4953.5,0,0,0,0.0398002,2.09478,3,-2.90522,-2,2.86743,0,0,0,0,0,0,0,0,0,0,-0.00100291,0.000323582,-0.000752303,37.2125,-45.1283,41.3658,0,0,0,0,0,0,0,0,0,0,0,0,0,-1.28483,-4.78066,2.65689,0,1.09535,25.4037,-1.28581,-4.7813,2.65904,-6.06711,-3.49549,0,0,0,0,425002,6.38087e+06,0,0,0,0,0,0,0,0,0,0,0,0,0,0,
128.4,3.11083,180007,1.07532,61.6111,2.24008,25.9107,2.46816,2.46607,0.0957365,-1.21332,7.61407,-0.713171,0.125118,0.267447,45.8173,35.8241,9981.94,932.035,1275.11,60.6232,-0.0201955,6.38087e+06,0.0539124,1.09952,0.822866,111035,56604.3,4953.33,0,0,0,0.0398014,2.09537,3,-2.90463,-2,2.86794,0,0,0,0,0,0,0,0,0,0,-0.0010025,0.000323976,-0.000752107,37.2797,-45.2594,41.544,0,0,0,0,0,0,0,0,0,0,0,0,0,-1.2778,-4.77589,2.64146,0,1.09472,25.2662,-1.27879,-4.77657,2.64363,-6.05536,-3.49778,0,0,0,0,425002,6.38087e+06,0,0,0,0,0,0,0,0,0,0,0,0,0,0,
128.6,3.11081,180007,1.07636,61.6711,2.24095,25.7702,2.46743,2.46535,0.0951719,-1.18768,7.60612,-0.714799,0.124181,0.265919,45.8191,35.825,9981.87,932.032,1275.25,60.6885,-0.020851,6.38087e+06,0.0536091,1.09896,0.822858,110996,56564.9,4953.17,0,0,0,0.0398025,2.09593,3,-2.90407,-2,2.86845,0,0,0,0,0,0,0,0,0,0,-0.00100209,0.00032437,-0.000751908,37.3469,-45.3908,41.7227,0,0,0,0,0,0,0,0,0,0,0,0,0,-1.27068,-4.77082,2.62584,0,1.09405,25.1285,-1.27168,-4.77155,2.62804,-6.04323,-3.49987,0,0,0,0,425002,6.38087e+06,0,0,0,0,0,0,0,0,0,0,0,0,0,0,
128.8,3.1108,180007,1.0774,61.7308,2.24191,25.6294,2.4667,2.46463,0.0946025,-1.16207,7.5982,-0.716496,0.123183,0.264376,45.8208,35.8258,9981.8,932.028,1275.4,60.7535,-0.0213941,6.38087e+06,0.053302,1.09842,0.822852,110957,56525.5,4953.02,0,0,0,0.0398037,2.09649,3,-2.90351,-2,2.86897,0,0,0,0,0,0,0,0,0,0,-0.00100168,0.000324764,-0.000751707,37.4142,-45.5223,41.9019,0,0,0,0,0,0,0,0,0,0,0,0,0,-1.26349,-4.76545,2.61008,0,1.09333,24.9904,-1.2645,-4.76622,2.61229,-6.03072,-3.50172,0,0,0,0,425002,6.38087e+06,0,0,0,0,0,0,0,0,0,0,0,0,0,0,
129,3.11078,180007,1.07844,61.79,2.24297,25.4883,2.46595,2.46389,0.0940293,-1.1365,7.59031,-0.718209,0.122119,0.262821,45.8226,35.8266,9981.74,932.025,1275.55,60.8181,-0.0218257,6.38087e+06,0.0529916,1.09786,0.822848,110917,56486.1,4952.88,0,0,0,0.0398049,2.09705,3,-2.90295,-2,2.86948,0,0,0,0,0,0,0,0,0,0,-0.00100127,0.000325158,-0.000751504,37.4815,-45.654,42.0815,0,0,0,0,0,0,0,0,0,0,0,0,0,-1.25623,-4.75977,2.59419,0,1.09256,24.852,-1.25725,-4.76059,2.59642,-6.01784,-3.50334,0,0,0,0,425002,6.38087e+06,0,0,0,0,0,0,0,0,0,0,0,0,0,0,
129.2,3.11077,180007,1.07947,61.8489,2.24411,25.3468,2.46518,2.46313,0.0934534,-1.11098,7.58245,-0.719889,0.120989,0.261256,45.8244,35.8274,9981.66,932.021,1275.69,60.8824,-0.0221482,6.38087e+06,0.0526787,1.09728,0.822846,110878,56446.7,4952.76,0,0,0,0.0398061,2.09765,3,-2.90235,-2,2.87,0,0,0,0,0,0,0,0,0,0,-0.00100087,0.000325551,-0.000751298,37.5489,-45.786,42.2616,0,0,0,0,0,0,0,0,0,0,0,0,0,-1.24892,-4.75379,2.57822,0,1.09172,24.7132,-1.24995,-4.75465,2.58046,-6.00459,-3.5047,0,0,0,0,425002,6.38087e+06,0,0,0,0,0,0,0,0,0,0,0,0,0,0,
129.4,3.11075,180007,1.08049,61.9074,2.24532,25.2049,2.46437,2.46234,0.0928757,-1.08553,7.57463,-0.721497,0.119791,0.259684,45.8262,35.8282,9981.59,932.017,1275.83,60.9463,-0.0223663,6.38087e+06,0.052364,1.09665,0.822845,110838,56407.3,4952.64,0,0,0,0.0398073,2.09828,3,-2.90172,-2,2.87052,0,0,0,0,0,0,0,0,0,0,-0.00100046,0.000325943,-0.000751089,37.6163,-45.9181,42.4421,0,0,0,0,0,0,0,0,0,0,0,0,0,-1.24157,-4.74751,2.56218,0,1.09081,24.5742,-1.2426,-4.74841,2.56443,-5.99101,-3.50581,0,0,0,0,425002,6.38087e+06,0,0,0,0,0,0,0,0,0,0,0,0,0,0,
129.6,3.11073,180007,1.0815,61.9655,2.24658,25.0628,2.46352,2.46151,0.092297,-1.06015,7.56685,-0.722995,0.118528,0.258108,45.828,35.829,9981.52,932.013,1275.97,61.0099,-0.0224856,6.38087e+06,0.052048,1.09596,0.822846,110799,56367.9,4952.53,0,0,0,0.0398087,2.09897,3,-2.90103,-2,2.87104,0,0,0,0,0,0,0,0,0,0,-0.00100005,0.000326336,-0.000750878,37.6837,-46.0505,42.6231,0,0,0,0,0,0,0,0,0,0,0,0,0,-1.23418,-4.74096,2.5461,0,1.08983,24.4348,-1.23522,-4.74189,2.54835,-5.97711,-3.50668,0,0,0,0,425002,6.38087e+06,0,0,0,0,0,0,0,0,0,0,0,0,0,0,
129.8,3.11072,180007,1.08251,62.0233,2.24788,24.9203,2.46263,2.46063,0.0917182,-1.03485,7.55909,-0.724355,0.1172,0.256531,45.8298,35.8299,9981.45,932.009,1276.11,61.0731,-0.0225135,6.38087e+06,0.0517312,1.09522,0.822848,110760,56328.6,4952.43,0,0,0,0.0398101,2.09971,3,-2.90029,-2,2.87156,0,0,0,0,0,0,0,0,0,0,-0.000999642,0.000326728,-0.000750664,37.7512,-46.1831,42.8046,0,0,0,0,0,0,0,0,0,0,0,0,0,-1.22678,-4.73415,2.53,0,1.08877,24.2952,-1.22781,-4.73512,2.53225,-5.96293,-3.5073,0,0,0,0,425002,6.38087e+06,0,0,0,0,0,0,0,0,0,0,0,0,0,0,
130,3.1107,180007,1.08351,62.0806,2.24921,24.7776,2.46168,2.45969,0.0911398,-1.00966,7.55137,-0.725554,0.115812,0.254953,45.8316,35.8307,9981.38,932.005,1276.25,61.1359,-0.0224581,6.38087e+06,0.0514142,1.0944,0.822852,110720,56289.2,4952.34,0,0,0,0.0398116,2.10053,3,-2.89947,-2,2.87208,0,0,0,0,0,0,0,0,0,0,-0.000999234,0.000327119,-0.000750448,37.8188,-46.3159,42.9866,0,0,0,0,0,0,0,0,0,0,0,0,0,-1.21936,-4.7271,2.5139,0,1.08764,24.1554,-1.2204,-4.7281,2.51616,-5.9485,-3.5077,0,0,0,0,425002,6.38087e+06,0,0,0,0,0,0,0,0,0,0,0,0,0,0,
130.2,3.11068,180007,1.0845,62.1375,2.25055,24.6346,2.46067,2.45871,0.0905626,-0.98457,7.54368,-0.726574,0.114369,0.253378,45.8335,35.8315,9981.3,932.001,1276.39,61.1983,-0.0223283,6.38087e+06,0.0510974,1.0935,0.822858,110681,56249.8,4952.25,0,0,0,0.0398132,2.10141,3,-2.89859,-2,2.8726,0,0,0,0,0,0,0,0,0,0,-0.000998828,0.000327511,-0.00075023,37.8864,-46.4489,43.169,0,0,0,0,0,0,0,0,0,0,0,0,0,-1.21194,-4.71984,2.49783,0,1.08644,24.0153,-1.21298,-4.72087,2.50008,-5.93385,-3.50789,0,0,0,0,425002,6.38087e+06,0,0,0,0,0,0,0,0,0,0,0,0,0,0,
130.4,3.11067,180007,1.08549,62.194,2.2519,24.4914,2.4596,2.45766,0.089987,-0.959597,7.53601,-0.727405,0.112874,0.251805,45.8353,35.8323,9981.23,931.996,1276.53,61.2604,-0.0221336,6.38087e+06,0.0507812,1.09252,0.822865,110641,56210.4,4952.16,0,0,0,0.0398149,2.10237,3,-2.89763,-2,2.87313,0,0,0,0,0,0,0,0,0,0,-0.000998422,0.000327901,-0.000750009,37.954,-46.5822,43.3519,0,0,0,0,0,0,0,0,0,0,0,0,0,-1.20453,-4.71241,2.4818,0,1.08516,23.8751,-1.20556,-4.71346,2.48404,-5.91902,-3.50789,0,0,0,0,425002,6.38087e+06,0,0,0,0,0,0,0,0,0,0,0,0,0,0,
130.6,3.11065,180007,1.08647,62.2501,2.25324,24.3481,2.45848,2.45656,0.0894134,-0.934748,7.52838,-0.728043,0.111335,0.250238,45.8371,35.8331,9981.16,931.992,1276.66,61.3221,-0.0218841,6.38087e+06,0.050466,1.09146,0.822874,110602,56171,4952.08,0,0,0,0.0398167,2.10341,3,-2.89659,-2,2.87366,0,0,0,0,0,0,0,0,0,0,-0.000998017,0.000328291,-0.000749786,38.0217,-46.7156,43.5353,0,0,0,0,0,0,0,0,0,0,0,0,0,-1.19712,-4.70482,2.46581,0,1.08382,23.7348,-1.19816,-4.70589,2.46805,-5.90405,-3.50773,0,0,0,0,425002,6.38087e+06,0,0,0,0,0,0,0,0,0,0,0,0,0,0,
130.8,3.11063,180007,1.08744,62.3058,2.25456,24.2046,2.45729,2.45539,0.0888421,-0.910029,7.52077,-0.728485,0.109758,0.248677,45.8389,35.8339,9981.09,931.988,1276.79,61.3835,-0.0215896,6.38087e+06,0.0501519,1.09032,0.822883,110563,56131.6,4952,0,0,0,0.0398186,2.10453,3,-2.89547,-2,2.87419,0,0,0,0,0,0,0,0,0,0,-0.000997613,0.000328681,-0.000749561,38.0895,-46.8493,43.7191,0,0,0,0,0,0,0,0,0,0,0,0,0,-1.18974,-4.69711,2.44989,0,1.08242,23.5944,-1.19077,-4.6982,2.45211,-5.88897,-3.50743,0,0,0,0,425002,6.38087e+06,0,0,0,0,0,0,0,0,0,0,0,0,0,0,
131,3.11062,180007,1.08841,62.3611,2.25585,24.061,2.45606,2.45418,0.0882734,-0.885446,7.51318,-0.728739,0.108148,0.247122,45.8407,35.8347,9981.02,931.984,1276.93,61.4444,-0.0212601,6.38087e+06,0.0498392,1.08911,0.822894,110523,56092.2,4951.92,0,0,0,0.0398206,2.10572,3,-2.89428,-2,2.87472,0,0,0,0,0,0,0,0,0,0,-0.000997209,0.00032907,-0.000749334,38.1573,-46.9832,43.9034,0,0,0,0,0,0,0,0,0,0,0,0,0,-1.18237,-4.68932,2.43403,0,1.08096,23.4539,-1.1834,-4.69041,2.43624,-5.87382,-3.50701,0,0,0,0,425002,6.38087e+06,0,0,0,0,0,0,0,0,0,0,0,0,0,0,
131.2,3.1106,180007,1.08936,62.416,2.25711,23.9174,2.45477,2.45291,0.0877073,-0.861004,7.50562,-0.728813,0.106513,0.245574,45.8425,35.8355,9980.95,931.98,1277.06,61.505,-0.0209054,6.38087e+06,0.049528,1.08781,0.822906,110484,56052.8,4951.84,0,0,0,0.0398227,2.10698,3,-2.89302,-2,2.87525,0,0,0,0,0,0,0,0,0,0,-0.000996807,0.000329458,-0.000749105,38.2251,-47.1174,44.0882,0,0,0,0,0,0,0,0,0,0,0,0,0,-1.17504,-4.68146,2.41824,0,1.07945,23.3134,-1.17606,-4.68257,2.42045,-5.85863,-3.5065,0,0,0,0,425002,6.38087e+06,0,0,0,0,0,0,0,0,0,0,0,0,0,0,
131.4,3.11058,180007,1.09031,62.4704,2.25833,23.7738,2.45343,2.45159,0.0871439,-0.836704,7.49807,-0.728721,0.10486,0.244033,45.8443,35.8363,9980.89,931.976,1277.19,61.5651,-0.0205347,6.38087e+06,0.0492183,1.08645,0.822918,110444,56013.5,4951.76,0,0,0,0.0398249,2.1083,3,-2.8917,-2,2.87579,0,0,0,0,0,0,0,0,0,0,-0.000996405,0.000329846,-0.000748874,38.293,-47.2517,44.2734,0,0,0,0,0,0,0,0,0,0,0,0,0,-1.16773,-4.67358,2.40253,0,1.0779,23.1729,-1.16875,-4.67469,2.40473,-5.84344,-3.50594,0,0,0,0,425002,6.38087e+06,0,0,0,0,0,0,0,0,0,0,0,0,0,0,
131.6,3.11057,180007,1.09126,62.5244,2.25951,23.6302,2.45204,2.45023,0.086583,-0.812549,7.49055,-0.728479,0.103195,0.242499,45.8461,35.8371,9980.82,931.972,1277.32,61.6249,-0.0201569,6.38087e+06,0.0489102,1.08502,0.822931,110405,55974.1,4951.69,0,0,0,0.0398271,2.10969,3,-2.89031,-2,2.87632,0,0,0,0,0,0,0,0,0,0,-0.000996005,0.000330233,-0.000748641,38.3609,-47.3863,44.4591,0,0,0,0,0,0,0,0,0,0,0,0,0,-1.16045,-4.6657,2.38689,0,1.07632,23.0324,-1.16146,-4.6668,2.38908,-5.82827,-3.50534,0,0,0,0,425002,6.38087e+06,0,0,0,0,0,0,0,0,0,0,0,0,0,0,
131.8,3.11055,180007,1.09219,62.5781,2.26063,23.4866,2.45062,2.44883,0.0860246,-0.788539,7.48304,-0.728107,0.101525,0.240972,45.8479,35.8379,9980.76,931.968,1277.45,61.6842,-0.0197802,6.38087e+06,0.0486035,1.08353,0.822944,110366,55934.7,4951.61,0,0,0,0.0398294,2.11114,3,-2.88886,-2,2.87686,0,0,0,0,0,0,0,0,0,0,-0.000995605,0.000330619,-0.000748407,38.4289,-47.5211,44.6453,0,0,0,0,0,0,0,0,0,0,0,0,0,-1.1532,-4.65784,2.37132,0,1.07471,22.892,-1.15421,-4.65894,2.3735,-5.81315,-3.50473,0,0,0,0,425002,6.38087e+06,0,0,0,0,0,0,0,0,0,0,0,0,0,0,
132,3.11054,180007,1.09312,62.6313,2.2617,23.3431,2.44916,2.4474,0.0854684,-0.764674,7.47555,-0.727626,0.0998548,0.239451,45.8497,35.8387,9980.69,931.964,1277.57,61.7432,-0.019412,6.38086e+06,0.0482983,1.08199,0.822958,110326,55895.3,4951.52,0,0,0,0.0398318,2.11263,3,-2.88737,-2,2.8774,0,0,0,0,0,0,0,0,0,0,-0.000995207,0.000331005,-0.000748171,38.4969,-47.6562,44.8319,0,0,0,0,0,0,0,0,0,0,0,0,0,-1.14597,-4.65003,2.35582,0,1.07308,22.7516,-1.14698,-4.65112,2.35799,-5.79811,-3.50414,0,0,0,0,425002,6.38086e+06,0,0,0,0,0,0,0,0,0,0,0,0,0,0,
132.2,3.11052,180007,1.09404,62.6841,2.26271,23.1997,2.44768,2.44593,0.0849143,-0.740951,7.46807,-0.727061,0.0981914,0.237936,45.8516,35.8395,9980.63,931.961,1277.7,61.8018,-0.019059,6.38086e+06,0.0479944,1.0804,0.822972,110287,55855.9,4951.44,0,0,0,0.0398343,2.11416,3,-2.88584,-2,2.87794,0,0,0,0,0,0,0,0,0,0,-0.00099481,0.000331389,-0.000747934,38.565,-47.7914,45.0189,0,0,0,0,0,0,0,0,0,0,0,0,0,-1.13878,-4.6423,2.34038,0,1.07144,22.6114,-1.13978,-4.64337,2.34254,-5.78316,-3.50359,0,0,0,0,425002,6.38086e+06,0,0,0,0,0,0,0,0,0,0,0,0,0,0,
132.4,3.1105,180007,1.09496,62.7365,2.26367,23.0564,2.44617,2.44445,0.0843617,-0.717368,7.46061,-0.726435,0.0965394,0.236426,45.8534,35.8403,9980.57,931.957,1277.83,61.8599,-0.018727,6.38086e+06,0.0476916,1.07879,0.822986,110248,55816.6,4951.35,0,0,0,0.0398367,2.11573,3,-2.88427,-2,2.87848,0,0,0,0,0,0,0,0,0,0,-0.000994414,0.000331774,-0.000747695,38.6331,-47.9269,45.2065,0,0,0,0,0,0,0,0,0,0,0,0,0,-1.13161,-4.63465,2.32499,0,1.06979,22.4713,-1.13261,-4.63571,2.32714,-5.76833,-3.5031,0,0,0,0,425002,6.38086e+06,0,0,0,0,0,0,0,0,0,0,0,0,0,0,
132.6,3.11049,180007,1.09587,62.7885,2.26457,22.9132,2.44464,2.44295,0.0838104,-0.69392,7.45316,-0.725775,0.0949037,0.234919,45.8552,35.8411,9980.51,931.953,1277.95,61.9177,-0.0184209,6.38086e+06,0.0473896,1.07714,0.823,110208,55777.2,4951.26,0,0,0,0.0398392,2.11732,3,-2.88268,-2,2.87902,0,0,0,0,0,0,0,0,0,0,-0.000994019,0.000332157,-0.000747454,38.7013,-48.0627,45.3945,0,0,0,0,0,0,0,0,0,0,0,0,0,-1.12446,-4.62711,2.30964,0,1.06815,22.3313,-1.12546,-4.62816,2.31179,-5.75362,-3.5027,0,0,0,0,425002,6.38086e+06,0,0,0,0,0,0,0,0,0,0,0,0,0,0,
132.8,3.11048,180007,1.09677,62.8401,2.26541,22.7702,2.44311,2.44144,0.08326,-0.670605,7.44573,-0.725105,0.0932883,0.233415,45.857,35.8418,9980.45,931.95,1278.07,61.975,-0.0181448,6.38086e+06,0.0470882,1.07547,0.823013,110169,55737.8,4951.17,0,0,0,0.0398418,2.11894,3,-2.88106,-2,2.87956,0,0,0,0,0,0,0,0,0,0,-0.000993626,0.000332539,-0.000747212,38.7695,-48.1986,45.5829,0,0,0,0,0,0,0,0,0,0,0,0,0,-1.11734,-4.61969,2.29433,0,1.06651,22.1913,-1.11833,-4.62072,2.29647,-5.73905,-3.50239,0,0,0,0,425002,6.38086e+06,0,0,0,0,0,0,0,0,0,0,0,0,0,0,
133,3.11046,180007,1.09766,62.8913,2.2662,22.6272,2.44157,2.43992,0.08271,-0.647415,7.43831,-0.724452,0.0916966,0.231913,45.8588,35.8426,9980.39,931.946,1278.19,62.032,-0.0179018,6.38086e+06,0.0467872,1.0738,0.823027,110129,55698.4,4951.08,0,0,0,0.0398443,2.12056,3,-2.87944,-2,2.88011,0,0,0,0,0,0,0,0,0,0,-0.000993233,0.000332921,-0.000746969,38.8378,-48.3349,45.7718,0,0,0,0,0,0,0,0,0,0,0,0,0,-1.11022,-4.6124,2.27903,0,1.06488,22.0516,-1.11122,-4.61341,2.28117,-5.72463,-3.5022,0,0,0,0,425002,6.38086e+06,0,0,0,0,0,0,0,0,0,0,0,0,0,0,
133.2,3.11045,180006,1.09855,62.9421,2.26694,22.4844,2.44003,2.4384,0.08216,-0.624345,7.4309,-0.72384,0.0901317,0.230411,45.8606,35.8434,9980.34,931.943,1278.31,62.0885,-0.0176943,6.38086e+06,0.0464863,1.07212,0.82304,110090,55659,4950.98,0,0,0,0.0398468,2.12218,3,-2.87782,-2,2.88065,0,0,0,0,0,0,0,0,0,0,-0.000992842,0.000333302,-0.000746724,38.9061,-48.4713,45.9612,0,0,0,0,0,0,0,0,0,0,0,0,0,-1.10312,-4.60525,2.26374,0,1.06328,21.9119,-1.10411,-4.60624,2.26588,-5.71036,-3.50213,0,0,0,0,425002,6.38086e+06,0,0,0,0,0,0,0,0,0,0,0,0,0,0,
133.4,3.11043,180006,1.09943,62.9925,2.26762,22.3416,2.4385,2.43689,0.0816095,-0.601389,7.42351,-0.723293,0.0885958,0.228907,45.8625,35.8442,9980.28,931.939,1278.43,62.1447,-0.0175235,6.38086e+06,0.0461852,1.07044,0.823052,110051,55619.7,4950.88,0,0,0,0.0398493,2.12381,3,-2.87619,-2,2.88119,0,0,0,0,0,0,0,0,0,0,-0.000992452,0.000333682,-0.000746478,38.9744,-48.608,46.151,0,0,0,0,0,0,0,0,0,0,0,0,0,-1.09602,-4.59825,2.24844,0,1.06169,21.7722,-1.09702,-4.59922,2.25059,-5.69624,-3.5022,0,0,0,0,425002,6.38086e+06,0,0,0,0,0,0,0,0,0,0,0,0,0,0,
133.6,3.11042,180006,1.1003,63.0425,2.26827,22.199,2.43697,2.43538,0.0810581,-0.57854,7.41614,-0.722834,0.0870906,0.227401,45.8643,35.845,9980.22,931.936,1278.55,62.2004,-0.0173903,6.38086e+06,0.0458835,1.06877,0.823064,110011,55580.3,4950.77,0,0,0,0.0398519,2.12542,3,-2.87458,-2,2.88174,0,0,0,0,0,0,0,0,0,0,-0.000992062,0.000334061,-0.00074623,39.0428,-48.7449,46.3412,0,0,0,0,0,0,0,0,0,0,0,0,0,-1.08893,-4.59139,2.23313,0,1.06014,21.6327,-1.08992,-4.59234,2.23528,-5.68226,-3.50242,0,0,0,0,425002,6.38086e+06,0,0,0,0,0,0,0,0,0,0,0,0,0,0,
133.8,3.11041,180006,1.10116,63.0921,2.26887,22.0564,2.43546,2.43389,0.0805052,-0.55579,7.40878,-0.722485,0.0856172,0.225892,45.8661,35.8458,9980.17,931.933,1278.67,62.2557,-0.0172945,6.38086e+06,0.045581,1.06712,0.823076,109972,55540.9,4950.67,0,0,0,0.0398543,2.12702,3,-2.87298,-2,2.88228,0,0,0,0,0,0,0,0,0,0,-0.000991675,0.00033444,-0.000745981,39.1113,-48.882,46.532,0,0,0,0,0,0,0,0,0,0,0,0,0,-1.08183,-4.58468,2.21779,0,1.05861,21.4932,-1.08282,-4.58561,2.21994,-5.66844,-3.50279,0,0,0,0,425002,6.38086e+06,0,0,0,0,0,0,0,0,0,0,0,0,0,0,
134,3.11039,180006,1.10202,63.1413,2.26944,21.9139,2.43397,2.43242,0.0799504,-0.533132,7.40144,-0.722265,0.0841763,0.224377,45.8679,35.8465,9980.11,931.929,1278.78,62.3107,-0.0172353,6.38086e+06,0.0452773,1.06549,0.823087,109933,55501.6,4950.56,0,0,0,0.0398568,2.1286,3,-2.8714,-2,2.88282,0,0,0,0,0,0,0,0,0,0,-0.000991288,0.000334818,-0.00074573,39.1798,-49.0194,46.7231,0,0,0,0,0,0,0,0,0,0,0,0,0,-1.07472,-4.57812,2.2024,0,1.05711,21.3537,-1.07571,-4.57903,2.20456,-5.65475,-3.50332,0,0,0,0,425002,6.38086e+06,0,0,0,0,0,0,0,0,0,0,0,0,0,0,
134.2,3.11038,180006,1.10288,63.1902,2.26997,21.7713,2.4325,2.43097,0.0793933,-0.510558,7.39412,-0.722193,0.0827677,0.222856,45.8698,35.8473,9980.06,931.926,1278.9,62.3652,-0.0172116,6.38086e+06,0.0449722,1.06388,0.823097,109893,55462.2,4950.45,0,0,0,0.0398592,2.13016,3,-2.86984,-2,2.88336,0,0,0,0,0,0,0,0,0,0,-0.000990902,0.000335195,-0.000745477,39.2483,-49.1571,46.9148,0,0,0,0,0,0,0,0,0,0,0,0,0,-1.06759,-4.57171,2.18695,0,1.05565,21.2143,-1.06859,-4.5726,2.18912,-5.64119,-3.50401,0,0,0,0,425002,6.38086e+06,0,0,0,0,0,0,0,0,0,0,0,0,0,0,
134.4,3.11037,180006,1.10372,63.2386,2.27048,21.6288,2.43105,2.42954,0.0788335,-0.488062,7.38682,-0.722284,0.0813913,0.221327,45.8716,35.8481,9980,931.923,1279.01,62.4194,-0.0172213,6.38086e+06,0.0446654,1.0623,0.823107,109854,55422.8,4950.34,0,0,0,0.0398616,2.13169,3,-2.86831,-2,2.8839,0,0,0,0,0,0,0,0,0,0,-0.000990517,0.000335572,-0.000745223,39.3169,-49.295,47.1068,0,0,0,0,0,0,0,0,0,0,0,0,0,-1.06045,-4.56543,2.17144,0,1.05423,21.0747,-1.06145,-4.5663,2.17361,-5.62775,-3.50485,0,0,0,0,425002,6.38086e+06,0,0,0,0,0,0,0,0,0,0,0,0,0,0,
134.6,3.11035,180006,1.10456,63.2867,2.27096,21.4862,2.42963,2.42813,0.0782704,-0.465634,7.37954,-0.722553,0.080046,0.21979,45.8734,35.8489,9979.95,931.92,1279.13,62.4731,-0.0172621,6.38086e+06,0.0443565,1.06076,0.823116,109814,55383.4,4950.22,0,0,0,0.039864,2.13319,3,-2.86681,-2,2.88445,0,0,0,0,0,0,0,0,0,0,-0.000990133,0.000335948,-0.000744967,39.3856,-49.4331,47.2993,0,0,0,0,0,0,0,0,0,0,0,0,0,-1.05328,-4.55928,2.15584,0,1.05284,20.9351,-1.05428,-4.56013,2.15803,-5.61442,-3.50585,0,0,0,0,425002,6.38086e+06,0,0,0,0,0,0,0,0,0,0,0,0,0,0,
134.8,3.11034,180006,1.10539,63.3344,2.27143,21.3435,2.42823,2.42675,0.0777038,-0.443269,7.37229,-0.723011,0.0787308,0.218242,45.8752,35.8497,9979.89,931.916,1279.24,62.5265,-0.0173315,6.38086e+06,0.0440454,1.05925,0.823125,109775,55344.1,4950.11,0,0,0,0.0398663,2.13466,3,-2.86534,-2,2.88499,0,0,0,0,0,0,0,0,0,0,-0.00098975,0.000336323,-0.000744709,39.4543,-49.5715,47.4923,0,0,0,0,0,0,0,0,0,0,0,0,0,-1.04608,-4.55326,2.14015,0,1.05148,20.7954,-1.04709,-4.55409,2.14235,-5.60118,-3.50701,0,0,0,0,425002,6.38086e+06,0,0,0,0,0,0,0,0,0,0,0,0,0,0,
135,3.11033,180006,1.10622,63.3817,2.27188,21.2007,2.42686,2.4254,0.0771332,-0.420958,7.36507,-0.72367,0.077444,0.216684,45.8771,35.8504,9979.83,931.913,1279.35,62.5794,-0.0174264,6.38086e+06,0.0437317,1.05778,0.823133,109736,55304.7,4949.99,0,0,0,0.0398685,2.13609,3,-2.86391,-2,2.88553,0,0,0,0,0,0,0,0,0,0,-0.000989368,0.000336698,-0.000744449,39.523,-49.7101,47.6857,0,0,0,0,0,0,0,0,0,0,0,0,0,-1.03884,-4.54735,2.12436,0,1.05016,20.6556,-1.03986,-4.54817,2.12658,-5.58803,-3.50831,0,0,0,0,425002,6.38086e+06,0,0,0,0,0,0,0,0,0,0,0,0,0,0,
135.2,3.11031,180006,1.10704,63.4287,2.27232,21.0578,2.42552,2.42408,0.0765583,-0.398694,7.35787,-0.724536,0.0761838,0.215113,45.8789,35.8512,9979.78,931.91,1279.46,62.632,-0.0175436,6.38086e+06,0.0434153,1.05634,0.823141,109696,55265.4,4949.88,0,0,0,0.0398707,2.13749,3,-2.86251,-2,2.88607,0,0,0,0,0,0,0,0,0,0,-0.000988986,0.000337072,-0.000744187,39.5918,-49.849,47.8796,0,0,0,0,0,0,0,0,0,0,0,0,0,-1.03157,-4.54155,2.10845,0,1.04888,20.5156,-1.03259,-4.54235,2.11069,-5.57494,-3.50976,0,0,0,0,425002,6.38086e+06,0,0,0,0,0,0,0,0,0,0,0,0,0,0,
135.4,3.1103,180006,1.10785,63.4753,2.27276,20.9146,2.42421,2.42278,0.0759788,-0.37647,7.35071,-0.725618,0.0749483,0.213529,45.8807,35.852,9979.72,931.907,1279.57,62.6842,-0.0176799,6.38086e+06,0.0430959,1.05494,0.823148,109657,55226,4949.76,0,0,0,0.0398729,2.13885,3,-2.86115,-2,2.8866,0,0,0,0,0,0,0,0,0,0,-0.000988606,0.000337446,-0.000743923,39.6607,-49.9881,48.0739,0,0,0,0,0,0,0,0,0,0,0,0,0,-1.02425,-4.53583,2.09242,0,1.04762,20.3753,-1.02528,-4.53663,2.09468,-5.56191,-3.51135,0,0,0,0,425002,6.38086e+06,0,0,0,0,0,0,0,0,0,0,0,0,0,0,
135.6,3.11029,180006,1.10866,63.5214,2.27319,20.7712,2.42292,2.42151,0.0753944,-0.354281,7.34358,-0.72692,0.0737351,0.211932,45.8826,35.8527,9979.66,931.903,1279.67,62.736,-0.0178318,6.38086e+06,0.0427733,1.05358,0.823155,109618,55186.6,4949.64,0,0,0,0.039875,2.14017,3,-2.85983,-2,2.88714,0,0,0,0,0,0,0,0,0,0,-0.000988226,0.000337819,-0.000743656,39.7296,-50.1275,48.2686,0,0,0,0,0,0,0,0,0,0,0,0,0,-1.01689,-4.53021,2.07626,0,1.0464,20.2347,-1.01792,-4.53099,2.07854,-5.54891,-3.51307,0,0,0,0,425002,6.38086e+06,0,0,0,0,0,0,0,0,0,0,0,0,0,0,
135.8,3.11027,180006,1.10946,63.5672,2.27362,20.6275,2.42167,2.42027,0.0748049,-0.332119,7.33648,-0.728444,0.072542,0.210319,45.8844,35.8535,9979.61,931.9,1279.78,62.7874,-0.0179959,6.38086e+06,0.0424473,1.05226,0.823161,109578,55147.3,4949.53,0,0,0,0.0398771,2.14146,3,-2.85854,-2,2.88768,0,0,0,0,0,0,0,0,0,0,-0.000987846,0.000338192,-0.000743388,39.7985,-50.2671,48.4638,0,0,0,0,0,0,0,0,0,0,0,0,0,-1.00947,-4.52465,2.05997,0,1.04521,20.0939,-1.01051,-4.52543,2.06226,-5.53594,-3.51491,0,0,0,0,425002,6.38086e+06,0,0,0,0,0,0,0,0,0,0,0,0,0,0,
136,3.11026,180006,1.11025,63.6126,2.27406,20.4834,2.42043,2.41906,0.07421,-0.309978,7.32942,-0.730193,0.0713666,0.208692,45.8862,35.8543,9979.55,931.897,1279.89,62.8384,-0.0181691,6.38086e+06,0.0421177,1.05097,0.823167,109539,55107.9,4949.41,0,0,0,0.0398791,2.14272,3,-2.85728,-2,2.88822,0,0,0,0,0,0,0,0,0,0,-0.000987468,0.000338565,-0.000743116,39.8675,-50.4069,48.6595,0,0,0,0,0,0,0,0,0,0,0,0,0,-1.002,-4.51916,2.04352,0,1.04404,19.9527,-1.00305,-4.51992,2.04583,-5.52297,-3.51687,0,0,0,0,425002,6.38086e+06,0,0,0,0,0,0,0,0,0,0,0,0,0,0,
136.2,3.11024,180006,1.11104,63.6577,2.27451,20.339,2.41923,2.41787,0.0736094,-0.287853,7.3224,-0.732167,0.0702065,0.207048,45.8881,35.855,9979.49,931.894,1279.99,62.8891,-0.018348,6.38086e+06,0.0417845,1.04972,0.823173,109500,55068.5,4949.3,0,0,0,0.039881,2.14395,3,-2.85605,-2,2.88875,0,0,0,0,0,0,0,0,0,0,-0.00098709,0.000338937,-0.000742842,39.9366,-50.5471,48.8556,0,0,0,0,0,0,0,0,0,0,0,0,0,-0.994471,-4.51371,2.02693,0,1.04289,19.811,-0.995528,-4.51447,2.02926,-5.51,-3.51894,0,0,0,0,425002,6.38086e+06,0,0,0,0,0,0,0,0,0,0,0,0,0,0,
136.4,3.11023,180006,1.11182,63.7023,2.27496,20.1941,2.41804,2.4167,0.0730031,-0.265739,7.31543,-0.734366,0.0690592,0.205388,45.8899,35.8558,9979.43,931.89,1280.09,62.9393,-0.0185295,6.38086e+06,0.0414475,1.0485,0.823178,109460,55029.2,4949.19,0,0,0,0.039883,2.14514,3,-2.85486,-2,2.88929,0,0,0,0,0,0,0,0,0,0,-0.000986712,0.000339309,-0.000742565,40.0057,-50.6875,49.0521,0,0,0,0,0,0,0,0,0,0,0,0,0,-0.986882,-4.50831,2.01017,0,1.04177,19.669,-0.987948,-4.50906,2.01253,-5.49701,-3.52111,0,0,0,0,425002,6.38086e+06,0,0,0,0,0,0,0,0,0,0,0,0,0,0,
136.6,3.11022,180006,1.11259,63.7466,2.27542,20.0487,2.41688,2.41555,0.0723909,-0.24363,7.30849,-0.736788,0.0679225,0.20371,45.8917,35.8566,9979.37,931.887,1280.2,62.9892,-0.018711,6.38086e+06,0.0411065,1.04731,0.823184,109421,54989.8,4949.08,0,0,0,0.0398849,2.14631,3,-2.85369,-2,2.88983,0,0,0,0,0,0,0,0,0,0,-0.000986335,0.00033968,-0.000742285,40.0748,-50.8281,49.249,0,0,0,0,0,0,0,0,0,0,0,0,0,-0.97923,-4.50293,1.99325,0,1.04067,19.5264,-0.980305,-4.50368,1.99563,-5.48399,-3.52338,0,0,0,0,425002,6.38086e+06,0,0,0,0,0,0,0,0,0,0,0,0,0,0,
136.8,3.1102,180006,1.11335,63.7904,2.2759,19.9029,2.41574,2.41442,0.0717725,-0.221522,7.30161,-0.739431,0.0667941,0.202015,45.8936,35.8573,9979.31,931.883,1280.3,63.0387,-0.0188896,6.38086e+06,0.0407615,1.04615,0.823189,109381,54950.5,4948.97,0,0,0,0.0398867,2.14745,3,-2.85255,-2,2.89036,0,0,0,0,0,0,0,0,0,0,-0.000985958,0.000340051,-0.000742003,40.144,-50.969,49.4464,0,0,0,0,0,0,0,0,0,0,0,0,0,-0.971513,-4.49758,1.97617,0,1.03958,19.3833,-0.972598,-4.49833,1.97857,-5.47092,-3.52573,0,0,0,0,425002,6.38086e+06,0,0,0,0,0,0,0,0,0,0,0,0,0,0,
137,3.11019,180006,1.11411,63.8339,2.27639,19.7564,2.41461,2.41331,0.0711478,-0.199409,7.29477,-0.742294,0.0656719,0.200302,45.8954,35.8581,9979.25,931.88,1280.4,63.0878,-0.0190632,6.38086e+06,0.0404123,1.04501,0.823194,109342,54911.1,4948.86,0,0,0,0.0398886,2.14857,3,-2.85143,-2,2.8909,0,0,0,0,0,0,0,0,0,0,-0.000985582,0.000340422,-0.000741717,40.2133,-51.1102,49.6443,0,0,0,0,0,0,0,0,0,0,0,0,0,-0.963729,-4.49224,1.95891,0,1.0385,19.2396,-0.964823,-4.49298,1.96134,-5.45781,-3.52816,0,0,0,0,425002,6.38086e+06,0,0,0,0,0,0,0,0,0,0,0,0,0,0,
137.2,3.11017,180006,1.11486,63.877,2.27689,19.6094,2.4135,2.41222,0.0705168,-0.177288,7.28798,-0.745372,0.0645538,0.198571,45.8972,35.8588,9979.19,931.876,1280.5,63.1365,-0.0192295,6.38086e+06,0.0400589,1.04389,0.823199,109303,54871.8,4948.75,0,0,0,0.0398904,2.14966,3,-2.85034,-2,2.89143,0,0,0,0,0,0,0,0,0,0,-0.000985206,0.000340793,-0.000741428,40.2826,-51.2516,49.8425,0,0,0,0,0,0,0,0,0,0,0,0,0,-0.955875,-4.4869,1.94148,0,1.03744,19.0953,-0.956979,-4.48765,1.94393,-5.44462,-3.53067,0,0,0,0,425002,6.38086e+06,0,0,0,0,0,0,0,0,0,0,0,0,0,0,
137.4,3.11016,180006,1.11561,63.9197,2.27741,19.4617,2.41241,2.41114,0.0698793,-0.155155,7.28125,-0.748664,0.0634381,0.196821,45.8991,35.8596,9979.13,931.873,1280.59,63.1848,-0.0193869,6.38086e+06,0.0397013,1.04279,0.823205,109263,54832.4,4948.65,0,0,0,0.0398921,2.15074,3,-2.84926,-2,2.89197,0,0,0,0,0,0,0,0,0,0,-0.000984831,0.000341163,-0.000741135,40.3519,-51.3932,50.0413,0,0,0,0,0,0,0,0,0,0,0,0,0,-0.94795,-4.48156,1.92387,0,1.03638,18.9504,-0.949064,-4.4823,1.92634,-5.43137,-3.53324,0,0,0,0,425002,6.38086e+06,0,0,0,0,0,0,0,0,0,0,0,0,0,0,
137.6,3.11014,180006,1.11635,63.9619,2.27794,19.3133,2.41132,2.41007,0.0692352,-0.133006,7.27456,-0.752167,0.0623231,0.195052,45.9009,35.8604,9979.06,931.869,1280.69,63.2328,-0.0195337,6.38086e+06,0.0393392,1.04171,0.82321,109224,54793.1,4948.54,0,0,0,0.0398939,2.15181,3,-2.84819,-2,2.8925,0,0,0,0,0,0,0,0,0,0,-0.000984456,0.000341534,-0.000740839,40.4213,-51.5352,50.2404,0,0,0,0,0,0,0,0,0,0,0,0,0,-0.939953,-4.47621,1.90608,0,1.03533,18.8047,-0.941077,-4.47696,1.90858,-5.41803,-3.53588,0,0,0,0,425002,6.38086e+06,0,0,0,0,0,0,0,0,0,0,0,0,0,0,
137.8,3.11013,180007,1.11708,64.0038,2.27848,19.1642,2.41024,2.40901,0.0685843,-0.110836,7.26794,-0.755879,0.0612073,0.193264,45.9028,35.8611,9979,931.866,1280.79,63.2803,-0.0196689,6.38086e+06,0.0389727,1.04064,0.823215,109185,54753.7,4948.44,0,0,0,0.0398956,2.15286,3,-2.84714,-2,2.89304,0,0,0,0,0,0,0,0,0,0,-0.000984081,0.000341904,-0.00074054,40.4908,-51.6774,50.44,0,0,0,0,0,0,0,0,0,0,0,0,0,-0.931882,-4.47084,1.8881,0,1.03428,18.6583,-0.933016,-4.4716,1.89062,-5.40461,-3.53858,0,0,0,0,425002,6.38086e+06,0,0,0,0,0,0,0,0,0,0,0,0,0,0,
138,3.11012,180007,1.1178,64.0453,2.27904,19.0143,2.40917,2.40795,0.0679266,-0.0886415,7.26137,-0.759797,0.0600895,0.191455,45.9046,35.8619,9978.94,931.862,1280.88,63.3275,-0.0197916,6.38086e+06,0.0386017,1.03958,0.823221,109145,54714.4,4948.34,0,0,0,0.0398974,2.1539,3,-2.8461,-2,2.89358,0,0,0,0,0,0,0,0,0,0,-0.000983706,0.000342274,-0.000740237,40.5603,-51.8199,50.64,0,0,0,0,0,0,0,0,0,0,0,0,0,-0.923735,-4.46546,1.86993,0,1.03324,18.5111,-0.92488,-4.46622,1.87248,-5.3911,-3.54134,0,0,0,0,425002,6.38086e+06,0,0,0,0,0,0,0,0,0,0,0,0,0,0,
138.2,3.1101,180007,1.11852,64.0863,2.27961,18.8636,2.40811,2.40691,0.0672619,-0.0664196,7.25486,-0.763922,0.0589686,0.189627,45.9064,35.8626,9978.87,931.859,1280.97,63.3743,-0.019901,6.38085e+06,0.0382262,1.03853,0.823226,109106,54675,4948.25,0,0,0,0.0398991,2.15494,3,-2.84506,-2,2.89411,0,0,0,0,0,0,0,0,0,0,-0.000983332,0.000342644,-0.000739929,40.6298,-51.9626,50.8404,0,0,0,0,0,0,0,0,0,0,0,0,0,-0.915511,-4.46006,1.85157,0,1.03219,18.3631,-0.916667,-4.46082,1.85415,-5.37748,-3.54415,0,0,0,0,425002,6.38085e+06,0,0,0,0,0,0,0,0,0,0,0,0,0,0,
138.4,3.11009,180007,1.11923,64.1269,2.28019,18.712,2.40705,2.40586,0.0665901,-0.0441661,7.24841,-0.768253,0.0578436,0.187779,45.9083,35.8634,9978.81,931.855,1281.07,63.4207,-0.019997,6.38085e+06,0.0378459,1.03748,0.823232,109067,54635.7,4948.15,0,0,0,0.0399008,2.15597,3,-2.84403,-2,2.89465,0,0,0,0,0,0,0,0,0,0,-0.000982957,0.000343014,-0.000739618,40.6994,-52.1056,51.0413,0,0,0,0,0,0,0,0,0,0,0,0,0,-0.907209,-4.45463,1.83301,0,1.03114,18.2142,-0.908376,-4.45539,1.83562,-5.36377,-3.54702,0,0,0,0,425002,6.38085e+06,0,0,0,0,0,0,0,0,0,0,0,0,0,0,
138.6,3.11007,180007,1.11993,64.1671,2.28078,18.5595,2.40599,2.40482,0.0659111,-0.0218772,7.24202,-0.772791,0.056714,0.185909,45.9101,35.8641,9978.74,931.851,1281.16,63.4667,-0.0200793,6.38085e+06,0.037461,1.03644,0.823238,109027,54596.3,4948.06,0,0,0,0.0399025,2.15699,3,-2.84301,-2,2.89518,0,0,0,0,0,0,0,0,0,0,-0.000982583,0.000343384,-0.000739303,40.7691,-52.2489,51.2426,0,0,0,0,0,0,0,0,0,0,0,0,0,-0.898827,-4.44918,1.81426,0,1.03009,18.0644,-0.900006,-4.44994,1.8169,-5.34995,-3.54994,0,0,0,0,425002,6.38085e+06,0,0,0,0,0,0,0,0,0,0,0,0,0,0,
138.8,3.11005,180007,1.12062,64.2069,2.28137,18.4061,2.40493,2.40378,0.0652247,0.000451086,7.2357,-0.777538,0.0555791,0.184018,45.912,35.8649,9978.68,931.848,1281.25,63.5123,-0.0201482,6.38085e+06,0.0370711,1.0354,0.823244,108988,54557,4947.97,0,0,0,0.0399042,2.15802,3,-2.84198,-2,2.89572,0,0,0,0,0,0,0,0,0,0,-0.000982209,0.000343754,-0.000738984,40.8387,-52.3924,51.4444,0,0,0,0,0,0,0,0,0,0,0,0,0,-0.890364,-4.4437,1.7953,0,1.02904,17.9136,-0.891554,-4.44447,1.79797,-5.33602,-3.55291,0,0,0,0,425002,6.38085e+06,0,0,0,0,0,0,0,0,0,0,0,0,0,0,
139,3.11004,180007,1.12131,64.2462,2.28198,18.2517,2.40388,2.40274,0.0645306,0.0228229,7.22944,-0.7825,0.0544387,0.182106,45.9138,35.8656,9978.61,931.844,1281.34,63.5575,-0.020204,6.38085e+06,0.0366764,1.03436,0.823251,108949,54517.6,4947.88,0,0,0,0.0399059,2.15905,3,-2.84095,-2,2.89625,0,0,0,0,0,0,0,0,0,0,-0.000981836,0.000344124,-0.00073866,40.9085,-52.5362,51.6466,0,0,0,0,0,0,0,0,0,0,0,0,0,-0.881818,-4.43819,1.77613,0,1.02798,17.7619,-0.883019,-4.43896,1.77883,-5.32198,-3.55594,0,0,0,0,425002,6.38085e+06,0,0,0,0,0,0,0,0,0,0,0,0,0,0,
139.2,3.11002,180007,1.12199,64.2852,2.28259,18.0963,2.40282,2.40169,0.0638287,0.0452425,7.22325,-0.787679,0.0532925,0.180171,45.9157,35.8664,9978.55,931.84,1281.43,63.6023,-0.0202472,6.38085e+06,0.0362766,1.03331,0.823257,108909,54478.3,4947.79,0,0,0,0.0399076,2.16008,3,-2.83992,-2,2.89679,0,0,0,0,0,0,0,0,0,0,-0.000981462,0.000344493,-0.000738332,40.9783,-52.6803,51.8492,0,0,0,0,0,0,0,0,0,0,0,0,0,-0.873186,-4.43265,1.75675,0,1.02691,17.6091,-0.8744,-4.43343,1.75948,-5.30783,-3.55903,0,0,0,0,425002,6.38085e+06,0,0,0,0,0,0,0,0,0,0,0,0,0,0,
139.4,3.11001,180007,1.12266,64.3236,2.28321,17.9398,2.40175,2.40065,0.0631188,0.0677145,7.21713,-0.793084,0.0521406,0.178213,45.9175,35.8671,9978.48,931.836,1281.52,63.6467,-0.0202785,6.38085e+06,0.0358716,1.03226,0.823264,108870,54438.9,4947.7,0,0,0,0.0399093,2.16111,3,-2.83889,-2,2.89733,0,0,0,0,0,0,0,0,0,0,-0.000981088,0.000344863,-0.000737999,41.0481,-52.8247,52.0522,0,0,0,0,0,0,0,0,0,0,0,0,0,-0.864467,-4.42709,1.73715,0,1.02584,17.4553,-0.865693,-4.42787,1.7399,-5.29357,-3.56218,0,0,0,0,425002,6.38085e+06,0,0,0,0,0,0,0,0,0,0,0,0,0,0,
139.6,3.10999,180007,1.12332,64.3617,2.28383,17.7822,2.40069,2.3996,0.0624005,0.0902439,7.21108,-0.798723,0.0509829,0.176231,45.9193,35.8678,9978.42,931.833,1281.6,63.6906,-0.0202988,6.38085e+06,0.0354612,1.03121,0.823271,108831,54399.6,4947.61,0,0,0,0.0399111,2.16215,3,-2.83785,-2,2.89786,0,0,0,0,0,0,0,0,0,0,-0.000980715,0.000345233,-0.000737661,41.118,-52.9693,52.2556,0,0,0,0,0,0,0,0,0,0,0,0,0,-0.855659,-4.42151,1.71731,0,1.02476,17.3003,-0.856898,-4.42229,1.7201,-5.27919,-3.56539,0,0,0,0,425002,6.38085e+06,0,0,0,0,0,0,0,0,0,0,0,0,0,0,
139.8,3.10998,180007,1.12398,64.3993,2.28445,17.6234,2.39962,2.39855,0.0616737,0.112836,7.2051,-0.804607,0.0498198,0.174225,45.9212,35.8686,9978.35,931.829,1281.69,63.7342,-0.0203089,6.38085e+06,0.0350453,1.03015,0.823278,108791,54360.3,4947.53,0,0,0,0.0399128,2.16319,3,-2.83681,-2,2.8984,0,0,0,0,0,0,0,0,0,0,-0.000980341,0.000345603,-0.000737319,41.188,-53.1142,52.4595,0,0,0,0,0,0,0,0,0,0,0,0,0,-0.846758,-4.4159,1.69725,0,1.02367,17.1442,-0.84801,-4.41668,1.70007,-5.26469,-3.56867,0,0,0,0,425002,6.38085e+06,0,0,0,0,0,0,0,0,0,0,0,0,0,0,
140,3.10996,180007,1.12463,64.4364,2.28507,17.4634,2.39854,2.39749,0.0609378,0.135496,7.19919,-0.810747,0.0486514,0.172193,45.923,35.8693,9978.29,931.825,1281.77,63.7774,-0.02031,6.38085e+06,0.0346237,1.02908,0.823286,108752,54320.9,4947.45,0,0,0,0.0399145,2.16424,3,-2.83576,-2,2.89894,0,0,0,0,0,0,0,0,0,0,-0.000979967,0.000345973,-0.000736972,41.258,-53.2594,52.6638,0,0,0,0,0,0,0,0,0,0,0,0,0,-0.837762,-4.41026,1.67693,0,1.02258,16.9868,-0.839028,-4.41105,1.67979,-5.25008,-3.57203,0,0,0,0,425002,6.38085e+06,0,0,0,0,0,0,0,0,0,0,0,0,0,0,
140.2,3.10995,180007,1.12527,64.4731,2.28569,17.3021,2.39746,2.39643,0.0601926,0.158231,7.19336,-0.817159,0.0474781,0.170135,45.9249,35.8701,9978.22,931.821,1281.86,63.8201,-0.0203031,6.38085e+06,0.0341961,1.02801,0.823293,108713,54281.6,4947.36,0,0,0,0.0399162,2.16529,3,-2.83471,-2,2.89948,0,0,0,0,0,0,0,0,0,0,-0.000979594,0.000346343,-0.000736619,41.328,-53.4049,52.8686,0,0,0,0,0,0,0,0,0,0,0,0,0,-0.828668,-4.40461,1.65637,0,1.02148,16.8281,-0.829947,-4.4054,1.65926,-5.23535,-3.57546,0,0,0,0,425002,6.38085e+06,0,0,0,0,0,0,0,0,0,0,0,0,0,0,
140.4,3.10993,180007,1.1259,64.5093,2.28632,17.1395,2.39638,2.39537,0.0594375,0.181046,7.1876,-0.823859,0.0463004,0.168048,45.9267,35.8708,9978.16,931.818,1281.94,63.8625,-0.0202892,6.38085e+06,0.0337624,1.02693,0.823301,108673,54242.2,4947.28,0,0,0,0.039918,2.16636,3,-2.83364,-2,2.90002,0,0,0,0,0,0,0,0,0,0,-0.00097922,0.000346713,-0.000736261,41.3981,-53.5507,53.0737,0,0,0,0,0,0,0,0,0,0,0,0,0,-0.819471,-4.39894,1.63553,0,1.02037,16.6681,-0.820765,-4.39974,1.63846,-5.2205,-3.57897,0,0,0,0,425002,6.38085e+06,0,0,0,0,0,0,0,0,0,0,0,0,0,0,
140.6,3.10992,180007,1.12652,64.545,2.28693,16.9755,2.39529,2.39429,0.0586723,0.20395,7.18192,-0.830866,0.0451187,0.165933,45.9286,35.8715,9978.09,931.814,1282.02,63.9044,-0.0202695,6.38085e+06,0.0333221,1.02584,0.823309,108634,54202.9,4947.2,0,0,0,0.0399197,2.16743,3,-2.83257,-2,2.90056,0,0,0,0,0,0,0,0,0,0,-0.000978846,0.000347083,-0.000735897,41.4682,-53.6967,53.2793,0,0,0,0,0,0,0,0,0,0,0,0,0,-0.810168,-4.39326,1.61442,0,1.01926,16.5067,-0.811477,-4.39405,1.61739,-5.20553,-3.58258,0,0,0,0,425002,6.38085e+06,0,0,0,0,0,0,0,0,0,0,0,0,0,0,
140.8,3.1099,180007,1.12714,64.5803,2.28755,16.81,2.3942,2.39322,0.0578962,0.22695,7.17631,-0.838203,0.0439335,0.163787,45.9304,35.8723,9978.02,931.81,1282.1,63.9459,-0.0202451,6.38085e+06,0.032875,1.02475,0.823317,108595,54163.6,4947.12,0,0,0,0.0399215,2.1685,3,-2.8315,-2,2.90109,0,0,0,0,0,0,0,0,0,0,-0.000978472,0.000347454,-0.000735528,41.5384,-53.843,53.4853,0,0,0,0,0,0,0,0,0,0,0,0,0,-0.800753,-4.38756,1.59301,0,1.01814,16.3439,-0.802078,-4.38836,1.59603,-5.19044,-3.58628,0,0,0,0,425002,6.38085e+06,0,0,0,0,0,0,0,0,0,0,0,0,0,0,
141,3.10988,180007,1.12775,64.6151,2.28816,16.6431,2.3931,2.39214,0.0571087,0.250054,7.17079,-0.845892,0.0427452,0.16161,45.9323,35.873,9977.96,931.806,1282.18,63.9869,-0.0202171,6.38085e+06,0.0324208,1.02365,0.823325,108555,54124.2,4947.04,0,0,0,0.0399233,2.16959,3,-2.83041,-2,2.90163,0,0,0,0,0,0,0,0,0,0,-0.000978098,0.000347824,-0.000735153,41.6087,-53.9896,53.6917,0,0,0,0,0,0,0,0,0,0,0,0,0,-0.791222,-4.38185,1.57129,0,1.01702,16.1795,-0.792564,-4.38265,1.57435,-5.17521,-3.59009,0,0,0,0,425002,6.38085e+06,0,0,0,0,0,0,0,0,0,0,0,0,0,0,
141.2,3.10987,180007,1.12835,64.6494,2.28877,16.4745,2.392,2.39106,0.0563091,0.273272,7.16535,-0.853962,0.0415543,0.159398,45.9341,35.8738,9977.89,931.803,1282.26,64.0275,-0.0201864,6.38085e+06,0.0319591,1.02254,0.823334,108516,54084.9,4946.96,0,0,0,0.0399251,2.17068,3,-2.82932,-2,2.90217,0,0,0,0,0,0,0,0,0,0,-0.000977724,0.000348195,-0.000734772,41.6789,-54.1365,53.8985,0,0,0,0,0,0,0,0,0,0,0,0,0,-0.781569,-4.37613,1.54925,0,1.01589,16.0135,-0.782928,-4.37693,1.55236,-5.15986,-3.594,0,0,0,0,425002,6.38085e+06,0,0,0,0,0,0,0,0,0,0,0,0,0,0,
141.4,3.10985,180007,1.12894,64.6832,2.28937,16.3043,2.39089,2.38997,0.0554968,0.296613,7.15999,-0.862442,0.0403614,0.15715,45.936,35.8745,9977.83,931.799,1282.33,64.0677,-0.020154,6.38085e+06,0.0314893,1.02142,0.823342,108477,54045.6,4946.88,0,0,0,0.0399268,2.17177,3,-2.82823,-2,2.90272,0,0,0,0,0,0,0,0,0,0,-0.000977349,0.000348566,-0.000734384,41.7493,-54.2837,54.1058,0,0,0,0,0,0,0,0,0,0,0,0,0,-0.771787,-4.3704,1.52686,0,1.01476,15.8458,-0.773165,-4.3712,1.53002,-5.14437,-3.59804,0,0,0,0,425002,6.38085e+06,0,0,0,0,0,0,0,0,0,0,0,0,0,0,
141.6,3.10984,180007,1.12952,64.7166,2.28997,16.1323,2.38978,2.38888,0.054671,0.320089,7.15472,-0.871367,0.0391667,0.154864,45.9378,35.8752,9977.76,931.795,1282.41,64.1075,-0.0201207,6.38085e+06,0.0310111,1.0203,0.82335,108437,54006.2,4946.8,0,0,0,0.0399286,2.17287,3,-2.82713,-2,2.90326,0,0,0,0,0,0,0,0,0,0,-0.000976974,0.000348937,-0.00073399,41.8197,-54.4312,54.3135,0,0,0,0,0,0,0,0,0,0,0,0,0,-0.761871,-4.36467,1.50411,0,1.01362,15.6763,-0.763267,-4.36547,1.50731,-5.12874,-3.6022,0,0,0,0,425002,6.38085e+06,0,0,0,0,0,0,0,0,0,0,0,0,0,0,
141.8,3.10982,180007,1.13009,64.7494,2.29056,15.9585,2.38867,2.38778,0.0538307,0.34371,7.14953,-0.880774,0.0379706,0.152538,45.9397,35.876,9977.7,931.791,1282.49,64.1468,-0.0200874,6.38085e+06,0.030524,1.01917,0.823359,108398,53966.9,4946.72,0,0,0,0.0399304,2.17398,3,-2.82602,-2,2.9038,0,0,0,0,0,0,0,0,0,0,-0.000976598,0.000349309,-0.000733588,41.8901,-54.5789,54.5215,0,0,0,0,0,0,0,0,0,0,0,0,0,-0.751811,-4.35893,1.48096,0,1.01248,15.5049,-0.753228,-4.35973,1.48423,-5.11296,-3.6065,0,0,0,0,425002,6.38085e+06,0,0,0,0,0,0,0,0,0,0,0,0,0,0,
142,3.10981,180007,1.13065,64.7817,2.29115,15.7827,2.38755,2.38669,0.0529751,0.367491,7.14444,-0.890702,0.0367735,0.150169,45.9416,35.8767,9977.63,931.788,1282.56,64.1856,-0.0200547,6.38085e+06,0.0300273,1.01804,0.823367,108359,53927.6,4946.64,0,0,0,0.0399322,2.17509,3,-2.82491,-2,2.90434,0,0,0,0,0,0,0,0,0,0,-0.000976222,0.000349681,-0.00073318,41.9606,-54.727,54.73,0,0,0,0,0,0,0,0,0,0,0,0,0,-0.741599,-4.35318,1.4574,0,1.01134,15.3316,-0.743038,-4.35399,1.46072,-5.09702,-3.61095,0,0,0,0,425002,6.38085e+06,0,0,0,0,0,0,0,0,0,0,0,0,0,0,
142.2,3.10979,180007,1.13121,64.8134,2.29173,15.6049,2.38643,2.38559,0.0521031,0.391444,7.13943,-0.9012,0.0355755,0.147754,45.9434,35.8774,9977.57,931.784,1282.63,64.224,-0.0200232,6.38085e+06,0.0295204,1.01691,0.823376,108319,53888.2,4946.56,0,0,0,0.039934,2.1762,3,-2.8238,-2,2.90488,0,0,0,0,0,0,0,0,0,0,-0.000975846,0.000350053,-0.000732764,42.0311,-54.8753,54.9389,0,0,0,0,0,0,0,0,0,0,0,0,0,-0.731228,-4.34743,1.43339,0,1.01019,15.1561,-0.73269,-4.34824,1.43678,-5.08093,-3.61555,0,0,0,0,425002,6.38085e+06,0,0,0,0,0,0,0,0,0,0,0,0,0,0,
142.4,3.10978,180007,1.13175,64.8447,2.29231,15.4249,2.38531,2.38449,0.0512134,0.415585,7.13452,-0.912317,0.0343768,0.145289,45.9453,35.8781,9977.51,931.78,1282.7,64.2619,-0.0199934,6.38085e+06,0.0290027,1.01577,0.823385,108280,53848.9,4946.48,0,0,0,0.0399358,2.17732,3,-2.82268,-2,2.90542,0,0,0,0,0,0,0,0,0,0,-0.000975469,0.000350425,-0.00073234,42.1017,-55.024,55.1483,0,0,0,0,0,0,0,0,0,0,0,0,0,-0.720685,-4.34168,1.40892,0,1.00904,14.9784,-0.722172,-4.34248,1.41237,-5.06465,-3.62031,0,0,0,0,425002,6.38085e+06,0,0,0,0,0,0,0,0,0,0,0,0,0,0,
142.6,3.10976,180007,1.13229,64.8754,2.29288,15.2426,2.38419,2.38338,0.050305,0.439929,7.12971,-0.924109,0.0331776,0.142772,45.9471,35.8789,9977.44,931.776,1282.78,64.2994,-0.0199655,6.38085e+06,0.0284733,1.01463,0.823393,108241,53809.6,4946.4,0,0,0,0.0399377,2.17844,3,-2.82156,-2,2.90597,0,0,0,0,0,0,0,0,0,0,-0.000975091,0.000350798,-0.000731908,42.1724,-55.1729,55.358,0,0,0,0,0,0,0,0,0,0,0,0,0,-0.709962,-4.33592,1.38393,0,1.00789,14.7984,-0.711475,-4.33672,1.38746,-5.0482,-3.62525,0,0,0,0,425002,6.38085e+06,0,0,0,0,0,0,0,0,0,0,0,0,0,0,
142.8,3.10975,180007,1.13282,64.9056,2.29345,15.0578,2.38307,2.38228,0.0493763,0.464495,7.12499,-0.936641,0.0319776,0.140199,45.949,35.8796,9977.38,931.773,1282.85,64.3363,-0.01994,6.38085e+06,0.0279314,1.01348,0.823402,108201,53770.2,4946.32,0,0,0,0.0399395,2.17957,3,-2.82043,-2,2.90651,0,0,0,0,0,0,0,0,0,0,-0.000974712,0.000351172,-0.000731467,42.243,-55.3222,55.5681,0,0,0,0,0,0,0,0,0,0,0,0,0,-0.699045,-4.33015,1.3584,0,1.00674,14.6158,-0.700585,-4.33096,1.36201,-5.03154,-3.63037,0,0,0,0,425002,6.38085e+06,0,0,0,0,0,0,0,0,0,0,0,0,0,0,
143,3.10973,180006,1.13333,64.9352,2.29401,14.8705,2.38194,2.38118,0.0484258,0.489303,7.12038,-0.949982,0.0307769,0.137565,45.9508,35.8803,9977.31,931.769,1282.91,64.3728,-0.0199169,6.38085e+06,0.0273761,1.01234,0.823411,108162,53730.9,4946.24,0,0,0,0.0399413,2.18069,3,-2.81931,-2,2.90705,0,0,0,0,0,0,0,0,0,0,-0.000974332,0.000351545,-0.000731017,42.3138,-55.4717,55.7787,0,0,0,0,0,0,0,0,0,0,0,0,0,-0.687922,-4.32437,1.33228,0,1.00559,14.4306,-0.689492,-4.32518,1.33597,-5.01467,-3.63569,0,0,0,0,425002,6.38085e+06,0,0,0,0,0,0,0,0,0,0,0,0,0,0,
143.2,3.10971,180006,1.13384,64.9642,2.29458,14.6804,2.38082,2.38007,0.0474518,0.514372,7.11587,-0.964211,0.0295753,0.134865,45.9527,35.881,9977.25,931.765,1282.98,64.4089,-0.0198963,6.38085e+06,0.0268064,1.01119,0.823419,108123,53691.6,4946.16,0,0,0,0.0399431,2.18182,3,-2.81818,-2,2.9076,0,0,0,0,0,0,0,0,0,0,-0.000973952,0.00035192,-0.000730558,42.3846,-55.6215,55.9897,0,0,0,0,0,0,0,0,0,0,0,0,0,-0.676578,-4.31859,1.30552,0,1.00444,14.2426,-0.67818,-4.3194,1.30931,-4.99758,-3.64122,0,0,0,0,425002,6.38085e+06,0,0,0,0,0,0,0,0,0,0,0,0,0,0,
143.4,3.1097,180006,1.13434,64.9926,2.29514,14.4873,2.37969,2.37896,0.0464523,0.539727,7.11146,-0.979418,0.0283723,0.132095,45.9546,35.8818,9977.18,931.761,1283.05,64.4444,-0.0198781,6.38085e+06,0.026221,1.01004,0.823428,108083,53652.3,4946.08,0,0,0,0.0399449,2.18294,3,-2.81706,-2,2.90814,0,0,0,0,0,0,0,0,0,0,-0.00097357,0.000352295,-0.000730088,42.4554,-55.7717,56.201,0,0,0,0,0,0,0,0,0,0,0,0,0,-0.664998,-4.31279,1.27809,0,1.00328,14.0515,-0.666634,-4.3136,1.28197,-4.98023,-3.64696,0,0,0,0,425002,6.38085e+06,0,0,0,0,0,0,0,0,0,0,0,0,0,0,
143.6,3.10968,180006,1.13482,65.0205,2.2957,14.291,2.37857,2.37786,0.0454253,0.565393,7.10717,-0.995705,0.0271676,0.129248,45.9564,35.8825,9977.12,931.758,1283.11,64.4794,-0.0198622,6.38085e+06,0.0256188,1.0089,0.823436,108044,53612.9,4946,0,0,0,0.0399467,2.18407,3,-2.81593,-2,2.90868,0,0,0,0,0,0,0,0,0,0,-0.000973187,0.00035267,-0.000729607,42.5263,-55.9221,56.4128,0,0,0,0,0,0,0,0,0,0,0,0,0,-0.653164,-4.30697,1.24991,0,1.00213,13.8571,-0.654837,-4.30779,1.2539,-4.96262,-3.65295,0,0,0,0,425002,6.38085e+06,0,0,0,0,0,0,0,0,0,0,0,0,0,0,
143.8,3.10967,180006,1.1353,65.0477,2.29626,14.0914,2.37744,2.37675,0.0443683,0.591397,7.10299,-1.01319,0.0259607,0.126319,45.9583,35.8832,9977.06,931.754,1283.18,64.5139,-0.0198483,6.38085e+06,0.0249983,1.00775,0.823445,108005,53573.6,4945.92,0,0,0,0.0399486,2.1852,3,-2.8148,-2,2.90923,0,0,0,0,0,0,0,0,0,0,-0.000972802,0.000353047,-0.000729115,42.5972,-56.0729,56.625,0,0,0,0,0,0,0,0,0,0,0,0,0,-0.641058,-4.30113,1.22093,0,1.00097,13.6592,-0.64277,-4.30195,1.22504,-4.94472,-3.65918,0,0,0,0,425002,6.38085e+06,0,0,0,0,0,0,0,0,0,0,0,0,0,0,
144,3.10965,180006,1.13576,65.0743,2.29682,13.8881,2.37632,2.37565,0.0432787,0.617772,7.09892,-1.03199,0.024751,0.123299,45.9601,35.8839,9976.99,931.75,1283.24,64.5479,-0.0198361,6.38085e+06,0.0243578,1.00659,0.823454,107965,53534.3,4945.84,0,0,0,0.0399504,2.18633,3,-2.81367,-2,2.90977,0,0,0,0,0,0,0,0,0,0,-0.000972416,0.000353424,-0.000728611,42.6682,-56.224,56.8375,0,0,0,0,0,0,0,0,0,0,0,0,0,-0.62866,-4.29527,1.19107,0,0.999807,13.4576,-0.630414,-4.2961,1.19531,-4.92651,-3.66568,0,0,0,0,425002,6.38085e+06,0,0,0,0,0,0,0,0,0,0,0,0,0,0,
144.2,3.10964,180006,1.13621,65.1002,2.29738,13.681,2.37519,2.37454,0.0421534,0.644551,7.09498,-1.05228,0.0235377,0.12018,45.962,35.8847,9976.93,931.747,1283.3,64.5814,-0.0198252,6.38085e+06,0.0236956,1.00544,0.823462,107926,53495,4945.76,0,0,0,0.0399522,2.18746,3,-2.81254,-2,2.91032,0,0,0,0,0,0,0,0,0,0,-0.000972027,0.000353802,-0.000728094,42.7392,-56.3754,57.0505,0,0,0,0,0,0,0,0,0,0,0,0,0,-0.615945,-4.28938,1.16026,0,0.998643,13.2519,-0.617745,-4.29021,1.16463,-4.90796,-3.67247,0,0,0,0,425002,6.38085e+06,0,0,0,0,0,0,0,0,0,0,0,0,0,0,
144.4,3.10962,180006,1.13665,65.1255,2.29795,13.4695,2.37406,2.37343,0.0409888,0.671772,7.09115,-1.07423,0.02232,0.116953,45.9639,35.8854,9976.86,931.743,1283.36,64.6143,-0.0198152,6.38084e+06,0.0230096,1.00429,0.823471,107887,53455.6,4945.68,0,0,0,0.039954,2.18859,3,-2.81141,-2,2.91086,0,0,0,0,0,0,0,0,0,0,-0.000971637,0.000354181,-0.000727562,42.8103,-56.5271,57.2639,0,0,0,0,0,0,0,0,0,0,0,0,0,-0.602889,-4.28346,1.1284,0,0.997474,13.0418,-0.604739,-4.28429,1.13293,-4.88903,-3.67955,0,0,0,0,425002,6.38084e+06,0,0,0,0,0,0,0,0,0,0,0,0,0,0,
144.6,3.10961,180006,1.13708,65.1501,2.29852,13.2535,2.37293,2.37233,0.0397811,0.699479,7.08746,-1.09804,0.0210968,0.113607,45.9657,35.8861,9976.8,931.739,1283.42,64.6467,-0.0198055,6.38084e+06,0.0222975,1.00314,0.823479,107847,53416.3,4945.6,0,0,0,0.0399558,2.18972,3,-2.81028,-2,2.91141,0,0,0,0,0,0,0,0,0,0,-0.000971245,0.000354561,-0.000727016,42.8814,-56.6791,57.4776,0,0,0,0,0,0,0,0,0,0,0,0,0,-0.589464,-4.27749,1.09539,0,0.9963,12.8268,-0.591367,-4.27833,1.10009,-4.8697,-3.68696,0,0,0,0,425002,6.38084e+06,0,0,0,0,0,0,0,0,0,0,0,0,0,0,
144.8,3.10959,180006,1.1375,65.1739,2.29909,13.0326,2.3718,2.37122,0.0385256,0.727721,7.0839,-1.12397,0.0198672,0.110131,45.9676,35.8868,9976.74,931.736,1283.48,64.6785,-0.0197955,6.38084e+06,0.0215565,1.00198,0.823488,107808,53377,4945.52,0,0,0,0.0399577,2.19085,3,-2.80915,-2,2.91195,0,0,0,0,0,0,0,0,0,0,-0.000970849,0.000354942,-0.000726454,42.9526,-56.8314,57.6918,0,0,0,0,0,0,0,0,0,0,0,0,0,-0.575639,-4.27148,1.06111,0,0.99512,12.6067,-0.5776,-4.27232,1.06599,-4.84992,-3.69472,0,0,0,0,425002,6.38084e+06,0,0,0,0,0,0,0,0,0,0,0,0,0,0,
145,3.10958,180006,1.1379,65.1971,2.29967,12.8062,2.37067,2.37011,0.037217,0.756551,7.08047,-1.15231,0.0186299,0.106508,45.9694,35.8875,9976.67,931.732,1283.54,64.7097,-0.0197845,6.38084e+06,0.0207835,1.00083,0.823496,107769,53337.7,4945.44,0,0,0,0.0399595,2.19199,3,-2.80801,-2,2.9125,0,0,0,0,0,0,0,0,0,0,-0.000970451,0.000355325,-0.000725874,43.0238,-56.984,57.9064,0,0,0,0,0,0,0,0,0,0,0,0,0,-0.56138,-4.26541,1.02541,0,0.993933,12.3809,-0.563404,-4.26626,1.0305,-4.82966,-3.70286,0,0,0,0,425002,6.38084e+06,0,0,0,0,0,0,0,0,0,0,0,0,0,0,
145.2,3.10956,180006,1.13829,65.2194,2.30026,12.5738,2.36954,2.36899,0.0358488,0.786034,7.07718,-1.1834,0.0173835,0.102724,45.9713,35.8882,9976.61,931.728,1283.59,64.7404,-0.0197718,6.38084e+06,0.019975,0.999667,0.823505,107729,53298.4,4945.36,0,0,0,0.0399613,2.19313,3,-2.80687,-2,2.91304,0,0,0,0,0,0,0,0,0,0,-0.00097005,0.000355709,-0.000725275,43.0951,-57.137,58.1213,0,0,0,0,0,0,0,0,0,0,0,0,0,-0.546647,-4.25927,0.988148,0,0.992737,12.1488,-0.54874,-4.26013,0.993467,-4.80887,-3.71139,0,0,0,0,425002,6.38084e+06,0,0,0,0,0,0,0,0,0,0,0,0,0,0,
145.4,3.10955,180006,1.13867,65.241,2.30086,12.335,2.3684,2.36788,0.0344137,0.816241,7.07403,-1.2177,0.0161265,0.0987569,45.9732,35.889,9976.55,931.724,1283.65,64.7704,-0.0197567,6.38084e+06,0.0191265,0.998503,0.823514,107690,53259,4945.27,0,0,0,0.0399631,2.19427,3,-2.80573,-2,2.91359,0,0,0,0,0,0,0,0,0,0,-0.000969645,0.000356094,-0.000724655,43.1664,-57.2903,58.3367,0,0,0,0,0,0,0,0,0,0,0,0,0,-0.531399,-4.25305,0.949115,0,0.991531,11.9097,-0.533567,-4.25393,0.954695,-4.78749,-3.72036,0,0,0,0,425002,6.38084e+06,0,0,0,0,0,0,0,0,0,0,0,0,0,0,
145.6,3.10953,180006,1.13903,65.2617,2.30148,12.0889,2.36726,2.36676,0.0329027,0.847256,7.07104,-1.25573,0.0148573,0.0945845,45.975,35.8897,9976.48,931.721,1283.7,64.7998,-0.0197382,6.38084e+06,0.0182329,0.997334,0.823522,107651,53219.7,4945.19,0,0,0,0.039965,2.19542,3,-2.80458,-2,2.91414,0,0,0,0,0,0,0,0,0,0,-0.000969235,0.000356482,-0.000724013,43.2378,-57.4439,58.5524,0,0,0,0,0,0,0,0,0,0,0,0,0,-0.51559,-4.24675,0.908088,0,0.990312,11.663,-0.517839,-4.24764,0.913962,-4.76547,-3.7298,0,0,0,0,425002,6.38084e+06,0,0,0,0,0,0,0,0,0,0,0,0,0,0,
145.8,3.10952,180006,1.13938,65.2815,2.3021,11.8347,2.36611,2.36563,0.0313049,0.879177,7.0682,-1.29817,0.0135739,0.0901779,45.9769,35.8904,9976.42,931.717,1283.75,64.8285,-0.0197155,6.38084e+06,0.0172882,0.996159,0.823531,107611,53180.4,4945.11,0,0,0,0.0399668,2.19657,3,-2.80343,-2,2.91469,0,0,0,0,0,0,0,0,0,0,-0.000968821,0.000356871,-0.000723346,43.3092,-57.5978,58.7685,0,0,0,0,0,0,0,0,0,0,0,0,0,-0.499167,-4.24034,0.864791,0,0.989078,11.4076,-0.501505,-4.24124,0.871002,-4.74275,-3.73974,0,0,0,0,425002,6.38084e+06,0,0,0,0,0,0,0,0,0,0,0,0,0,0,
146,3.1095,180006,1.13971,65.3004,2.30274,11.5716,2.36496,2.3645,0.0296067,0.912123,7.06551,-1.34588,0.0122741,0.0855023,45.9788,35.8911,9976.36,931.713,1283.8,64.8566,-0.0196875,6.38084e+06,0.0162847,0.994977,0.82354,107572,53141.1,4945.03,0,0,0,0.0399687,2.19773,3,-2.80227,-2,2.91523,0,0,0,0,0,0,0,0,0,0,-0.000968401,0.000357262,-0.00072265,43.3807,-57.7521,58.985,0,0,0,0,0,0,0,0,0,0,0,0,0,-0.482076,-4.23381,0.818886,0,0.987827,11.1425,-0.484511,-4.23473,0.825485,-4.71924,-3.75022,0,0,0,0,425002,6.38084e+06,0,0,0,0,0,0,0,0,0,0,0,0,0,0,
146.2,3.10949,180006,1.14002,65.3183,2.3034,11.2984,2.3638,2.36336,0.0277913,0.946233,7.06299,-1.39998,0.0109555,0.0805145,45.9806,35.8918,9976.29,931.71,1283.85,64.884,-0.0196531,6.38084e+06,0.0152131,0.993786,0.823549,107533,53101.8,4944.95,0,0,0,0.0399706,2.19889,3,-2.80111,-2,2.91578,0,0,0,0,0,0,0,0,0,0,-0.000967975,0.000357656,-0.000721924,43.4522,-57.9067,59.2019,0,0,0,0,0,0,0,0,0,0,0,0,0,-0.464262,-4.22714,0.769955,0,0.986555,10.8663,-0.466802,-4.22808,0.777007,-4.69488,-3.76128,0,0,0,0,425002,6.38084e+06,0,0,0,0,0,0,0,0,0,0,0,0,0,0,
146.4,3.10947,180006,1.14031,65.3351,2.30408,11.0136,2.36263,2.36222,0.0258371,0.981681,7.06063,-1.46197,0.00961546,0.0751598,45.9825,35.8925,9976.23,931.706,1283.9,64.9107,-0.019611,6.38084e+06,0.0140616,0.992584,0.823558,107493,53062.5,4944.87,0,0,0,0.0399725,2.20007,3,-2.79993,-2,2.91633,0,0,0,0,0,0,0,0,0,0,-0.000967541,0.000358053,-0.000721162,43.5238,-58.0616,59.4192,0,0,0,0,0,0,0,0,0,0,0,0,0,-0.445674,-4.2203,0.71747,0,0.985259,10.5774,-0.448325,-4.22127,0.725057,-4.66959,-3.77294,0,0,0,0,425002,6.38084e+06,0,0,0,0,0,0,0,0,0,0,0,0,0,0,
146.6,3.10946,180006,1.14059,65.3508,2.30478,10.7155,2.36145,2.36106,0.0237157,1.01868,7.05843,-1.53391,0.00825063,0.0693679,45.9844,35.8932,9976.17,931.702,1283.94,64.9365,-0.0195598,6.38084e+06,0.0128149,0.99137,0.823568,107454,53023.1,4944.79,0,0,0,0.0399744,2.20126,3,-2.79874,-2,2.91688,0,0,0,0,0,0,0,0,0,0,-0.000967099,0.000358453,-0.000720359,43.5955,-58.2169,59.6368,0,0,0,0,0,0,0,0,0,0,0,0,0,-0.426276,-4.21326,0.66075,0,0.983935,10.2736,-0.429041,-4.21426,0.668978,-4.6433,-3.78522,0,0,0,0,425002,6.38084e+06,0,0,0,0,0,0,0,0,0,0,0,0,0,0,
146.8,3.10944,180006,1.14084,65.3653,2.30551,10.4019,2.36026,2.35989,0.0213888,1.05751,7.0564,-1.61873,0.0068573,0.0630454,45.9862,35.8939,9976.1,931.699,1283.99,64.9616,-0.0194976,6.38084e+06,0.011453,0.99014,0.823577,107415,52983.8,4944.71,0,0,0,0.0399763,2.20246,3,-2.79754,-2,2.91743,0,0,0,0,0,0,0,0,0,0,-0.000966646,0.000358856,-0.000719509,43.6671,-58.3725,59.8548,0,0,0,0,0,0,0,0,0,0,0,0,0,-0.406078,-4.20598,0.598895,0,0.982576,9.95215,-0.408952,-4.20702,0.607907,-4.61597,-3.79807,0,0,0,0,425002,6.38084e+06,0,0,0,0,0,0,0,0,0,0,0,0,0,0,
147,3.10943,180006,1.14107,65.3784,2.30627,10.0698,2.35905,2.35871,0.0188028,1.09852,7.05453,-1.72078,0.00543107,0.0560653,45.9881,35.8947,9976.04,931.695,1284.03,64.9858,-0.0194223,6.38084e+06,0.00994819,0.988893,0.823587,107376,52944.5,4944.63,0,0,0,0.0399783,2.20368,3,-2.79632,-2,2.91798,0,0,0,0,0,0,0,0,0,0,-0.000966181,0.000359265,-0.000718604,43.7389,-58.5284,60.0732,0,0,0,0,0,0,0,0,0,0,0,0,0,-0.385199,-4.19841,0.53068,0,0.981177,9.60913,-0.388153,-4.19949,0.540673,-4.58765,-3.81134,0,0,0,0,425002,6.38084e+06,0,0,0,0,0,0,0,0,0,0,0,0,0,0,
147.2,3.10941,180006,1.14127,65.3901,2.30707,9.71522,2.35783,2.3575,0.015879,1.14222,7.05279,-1.84693,0.00396672,0.0482479,45.99,35.8954,9975.98,931.692,1284.07,65.0092,-0.0193311,6.38084e+06,0.00826088,0.987625,0.823597,107336,52905.2,4944.54,0,0,0,0.0399803,2.20492,3,-2.79508,-2,2.91853,0,0,0,0,0,0,0,0,0,0,-0.0009657,0.000359678,-0.000717631,43.8106,-58.6847,60.292,0,0,0,0,0,0,0,0,0,0,0,0,0,-0.364029,-4.19047,0.454376,0,0.979726,9.2391,-0.366981,-4.19161,0.465632,-4.55859,-3.82463,0,0,0,0,425002,6.38084e+06,0,0,0,0,0,0,0,0,0,0,0,0,0,0,
147.4,3.1094,180006,1.14145,65.4,2.30792,9.33235,2.35658,2.35628,0.0124942,1.1893,7.05116,-2.00885,0.00245806,0.0393274,45.9918,35.8961,9975.92,931.688,1284.11,65.0315,-0.0192203,6.38084e+06,0.00633088,0.986332,0.823607,107297,52865.9,4944.46,0,0,0,0.0399823,2.20618,3,-2.79382,-2,2.91908,0,0,0,0,0,0,0,0,0,0,-0.000965199,0.000360099,-0.000716575,43.8825,-58.8413,60.5112,0,0,0,0,0,0,0,0,0,0,0,0,0,-0.343676,-4.18205,0.367429,0,0.978212,8.83356,-0.346394,-4.18326,0.380373,-4.52966,-3.83687,0,0,0,0,425002,6.38084e+06,0,0,0,0,0,0,0,0,0,0,0,0,0,0,
147.6,3.10938,180006,1.14159,65.4081,2.30884,8.91232,2.35531,2.35502,0.00843863,1.24088,7.04956,-2.22867,0.000898116,0.0288878,45.9937,35.8968,9975.85,931.684,1284.15,65.0527,-0.0190845,6.38084e+06,0.00405762,0.985008,0.823618,107258,52826.6,4944.38,0,0,0,0.0399844,2.20747,3,-2.79253,-2,2.91964,0,0,0,0,0,0,0,0,0,0,-0.00096467,0.000360529,-0.000715408,43.9543,-58.9983,60.7307,0,0,0,0,0,0,0,0,0,0,0,0,0,-0.327391,-4.17296,0.265849,0,0.976614,8.37802,-0.32917,-4.17428,0.281164,-4.50345,-3.84511,0,0,0,0,425002,6.38084e+06,0,0,0,0,0,0,0,0,0,0,0,0,0,0,
147.8,3.10937,180006,1.14169,65.4138,2.30983,8.4398,2.354,2.35373,0.0033052,1.29883,7.04779,-2.5556,-0.000719486,0.0162358,45.9956,35.8975,9975.79,931.681,1284.18,65.0727,-0.0189154,6.38084e+06,0.00124396,0.983648,0.823629,107218,52787.3,4944.3,0,0,0,0.0399865,2.2088,3,-2.7912,-2,2.92019,0,0,0,0,0,0,0,0,0,0,-0.000964103,0.000360971,-0.000714088,44.0263,-59.1556,60.9505,0,0,0,0,0,0,0,0,0,0,0,0,0,-0.326176,-4.16287,0.142996,0,0.9749,7.84318,-0.324459,-4.16436,0.161843,-4.48882,-3.8399,0,0,0,0,425002,6.38084e+06,0,0,0,0,0,0,0,0,0,0,0,0,0,0,
148,3.10935,180006,1.14174,65.4167,2.31094,7.88336,2.35266,2.35239,-0.00387556,1.36703,7.04534,-3.13108,-0.00239166,0.000189181,45.9974,35.8982,9975.73,931.677,1284.21,65.0912,-0.0186978,6.38084e+06,-0.00264394,0.982239,0.823641,107179,52748,4944.21,0,0,0,0.0399887,2.21016,3,-2.78984,-2,2.92075,0,0,0,0,0,0,0,0,0,0,-0.00096347,0.000361435,-0.000712524,44.0982,-59.3133,61.1708,0,0,0,0,0,0,0,0,0,0,0,0,0,-0.390223,-4.15111,-0.0125536,0,0.973001,7.14989,-0.371742,-4.1529,0.0117838,-4.52464,-3.78116,0,0,0,0,425002,6.38084e+06,0,0,0,0,0,0,0,0,0,0,0,0,0,0,
148.2,3.10934,180006,1.14172,65.416,2.31221,7.15284,2.35127,2.35095,-0.0164756,1.45661,7.04006,-4.61455,-0.00403876,-0.0199396,45.9993,35.8989,9975.67,931.674,1284.24,65.1078,-0.0183921,6.38084e+06,-0.0107392,0.980741,0.823654,107140,52708.7,4944.12,0,0,0,0.0399911,2.21161,3,-2.78839,-2,2.92131,0,0,0,0,0,0,0,0,0,0,-0.000962698,0.000361943,-0.000710457,44.1703,-59.4714,61.3914,0,0,0,0,0,0,0,0,0,0,0,0,0,-0.967464,-4.13581,-0.210099,0,0.970732,5.89771,-0.777012,-4.13831,-0.181413,-4.91532,-3.3613,0,0,0,0,425002,6.38084e+06,0,0,0,0,0,0,0,0,0,0,0,0,0,0,
148.4,3.10932,180006,1.14171,65.4154,2.31322,5.51627,2.35005,2.34866,-0.0738899,1.65763,7.00275,-25.8893,-0.00659422,0.171015,46.0012,35.8996,9975.61,931.67,1284.24,65.1151,-0.0172312,6.38084e+06,-0.285289,1.00172,0.823671,107100,52669.4,4943.96,0,0,0,0.039995,2.19049,3,-2.80951,-2,2.9219,0,0,0,0,0,0,0,0,0,0,-0.000961163,0.00036267,-0.000705798,44.2424,-59.6298,61.6123,0,0,0,0,0,0,0,0,0,0,0,0,0,-20,-4.12559,1.0852,0,0.966458,-60,-18.3786,-1.3455,0.119614,-19.7241,17.0331,0,0,0,0,425002,6.38084e+06,0,0,0,0,0,0,0,0,0,0,0,0,0,0,
148.6,3.10931,180006,1.14196,65.4297,2.3029,-6.5265,2.34032,2.2685,-0.573307,3.0748,6.4906,-86.7812,0.036019,-0.795626,46.003,35.9003,9975.56,931.666,1284.25,65.119,-0.0164622,6.38084e+06,0.288986,0.870747,0.824245,107061,52630.1,4938.19,0,0,0,0.0401335,2.31487,3,-2.68513,-2,2.92494,0,0,0,0,0,0,0,0,0,0,-0.00095255,0.00036264,-0.000670876,44.3145,-59.7887,61.8335,0,0,0,0,0,0,0,0,0,0,0,0,0,20,-5.57541,-6.37945,0,0.966272,60,3.73934,-3.52354,-3.06715,0.215799,-7.26288,0,0,0,0,425002,6.38084e+06,0,0,0,0,0,0,0,0,0,0,0,0,0,0,
148.8,3.1093,180007,1.13486,65.0226,2.24526,-17.0856,2.28499,2.20526,-0.601021,4.29159,6.20314,-25.4006,0.272745,-2.61005,46.0049,35.901,9975.48,931.665,1284.18,65.0908,-0.0414993,6.38084e+06,-0.682397,0.816204,0.82463,107022,52590.9,4933.07,0,0,0,0.0402429,2.36421,3,-2.63579,-2,2.92746,0,0,0,0,0,0,0,0,0,0,-0.000948779,0.000357488,-0.000640023,44.3867,-59.948,62.055,0,0,0,0,0,0,0,0,0,0,0,0,0,-20,-3.13345,-20,0,1.02447,-60,-3.21791,-1.55997,-20.0137,-4.77789,1.65794,0,0,0,0,425002,6.38084e+06,0,0,0,0,0,0,0,0,0,0,0,0,0,0,
149,3.10932,180016,1.12895,64.6839,2.18812,-31.8321,2.30908,2.10083,-0.958277,5.85367,5.12895,-129.7,0.605947,-1.37131,46.0068,35.9017,9975.25,931.675,1283.95,64.9741,-0.105361,6.38084e+06,-0.230206,0.650234,0.825014,106983,52551.7,4922.65,0,0,0,0.0404239,2.52165,3,-2.47835,-2,2.93134,0,0,0,0,0,0,0,0,0,0,-0.000948082,0.000342087,-0.000598875,44.459,-60.1079,62.2765,0,0,0,0,0,0,0,0,0,0,0,0,0,-8.13494,-3.89175,-12.6896,0,1.21835,-60,-17.4417,-2.42994,-11.0773,-19.8716,15.0117,0,0,0,0,425002,6.38084e+06,0,0,0,0,0,0,0,0,0,0,0,0,0,0,
149.2,3.10926,180020,1.11929,64.1308,1.92829,-56.8989,2.2581,1.83277,-1.3165,7.80227,2.63515,-83.7699,1.8455,-5.13501,46.0087,35.9024,9974.79,931.66,1283.88,64.9457,-0.179613,6.38084e+06,0.156666,0.30731,0.827899,106944,52512.7,4911.39,0,0,0,0.0408889,2.84267,3,-2.15733,-2,2.94035,0,0,0,0,0,0,0,0,0,0,-0.000961374,0.000298312,-0.000540406,44.5316,-60.2684,62.4978,0,0,0,0,0,0,0,0,0,0,0,0,0,20,1.03706,-20,0,2.0231,-60,19.339,0.707718,-19.9321,20.0467,-18.6313,0,0,0,0,425002,6.38084e+06,0,0,0,0,0,0,0,0,0,0,0,0,0,0,
149.4,3.10917,180030,1.10298,63.1959,0.962158,-66.5993,2.11327,2.06109,-0.462097,8.61336,2.453,-14.2327,1.99741,-7.09799,46.0105,35.9031,9974.04,931.645,1283.76,64.8997,-0.28814,6.38084e+06,-0.512037,0.533433,0.824331,106905,52473.7,4911.83,0,0,0,0.0404919,2.63535,3,-2.36465,-2,2.93381,0,0,0,0,0,0,0,0,0,0,-0.000972596,0.000277811,-0.000523466,44.6044,-60.4293,62.7191,0,0,0,0,0,0,0,0,0,0,0,0,0,20,-12.431,-20,0,3,-60,15.6952,-5.51605,-19.9997,10.1791,-21.2112,0,0,0,0,425002,6.38084e+06,0,0,0,0,0,0,0,0,0,0,0,0,0,0,
149.6,3.10902,180046,1.08911,62.4013,0.0516027,-67.6898,2.44412,2.40346,0.425158,9.02839,3.26362,-3.0793,1.86559,-3.1206,46.0124,35.9039,9972.82,931.615,1283.48,64.7785,-0.47797,6.38083e+06,-1.26333,0.931105,0.820679,106866,52434.6,4926.48,0,0,0,0.0398985,2.2663,3,-2.7337,-2,2.92375,0,0,0,0,0,0,0,0,0,0,-0.000975205,0.000276122,-0.000521657,44.6774,-60.5908,62.9399,0,0,0,0,0,0,0,0,0,0,0,0,0,19.0799,-20,-20,0,3,-60,10.3773,-11.6227,-20,-1.24539,-22,0,0,0,0,425002,6.38083e+06,0,0,0,0,0,0,0,0,0,0,0,0,0,0,
149.8,3.10877,180067,1.08227,62.0094,0.0620619,-67.5122,2.70802,2.67998,0.368017,9.32205,3.28209,21.1775,1.81199,0.738702,46.0142,35.9046,9970.96,931.565,1283.1,64.6199,-0.62406,6.38083e+06,0.279526,1.29639,0.818502,106826,52395.3,4944.75,0,0,0,0.0394203,1.92466,3,-3.07534,-2,2.91582,0,0,0,0,0,0,0,0,0,0,-0.000974486,0.000276424,-0.000521833,44.7509,-60.7529,63.16,0,0,0,0,0,0,0,0,0,0,0,0,0,8.96425,-20,7.38563,0,3,-60,6.8561,-13.1439,7.30646,-6.2878,-20,0,0,0,0,425002,6.38083e+06,0,0,0,0,0,0,0,0,0,0,0,0,0,0,
150,3.10848,180091,1.07712,61.7144,0.385451,-61.3093,2.96238,2.92847,0.418669,9.25048,4.05816,29.4118,2.31265,1.12184,46.0161,35.9053,9968.88,931.504,1282.74,64.4763,-0.653622,6.38083e+06,0.132207,1.61876,0.817324,106787,52355.8,4967.79,0,0,0,0.0389916,1.62407,3,-3.37593,-2,2.9088,0,0,0,0,0,0,0,0,0,0,-0.000967245,0.000290492,-0.00053167,44.8246,-60.9157,63.3796,0,0,0,0,0,0,0,0,0,0,0,0,0,-10.6971,-20,10.7505,0,3,-60,-4.78799,-15.212,9.87306,-20,-10.424,0,0,0,0,425002,6.38083e+06,0,0,0,0,0,0,0,0,0,0,0,0,0,0,
-1.0,3.10848,180091,1.07712,61.7144,0.385451,-61.3093,2.96238,2.92847,0.418669,9.25048,4.05816,29.4118,2.31265,1.12184,46.0161,35.9053,9968.88,931.504,1282.74,64.4763,-0.653622,6.38083e+06,0.132207,1.61876,0.817324,106787,52355.8,4967.79,0,0,0,0.0389916,1.62407,3,-3.37593,-2,2.9088,0,0,0,0,0,0,0,0,0,0,-0.000967245,0.000290492,-0.00053167,44.8246,-60.9157,63.3796,0,0,0,0,0,0,0,0,0,0,0,0,0,-10.6971,-20,10.7505,0,3,-60,-4.78799,-15.212,9.87306,-20,-10.424,0,0,0,0,425002,6.38083e+06,0,0,0,0,0,0,0,0,0,0,0,0,0,0,
